context_id,document_id,chapter_id,block_id,sentence_id,source_text,source_start_offset,source_end_offset,term_start_offset,term_end_offset,source_hash,origin,extraction_method,context_role,context_type,sense_id,scope_id,audit_status,audit_reason,eligible_for_c_primary_support,eligible_for_c_support,parent_record_id,parent_record_sha256,transformation_id,transformation_version
ctx_00060c0d518148705d609385,document,d2l_computer_vision,d2l_computer_vision_anchor_b012,sentence_ef59d2fff01e475633e15828,"```{.python .input}
#@save
def multibox_prior(data, sizes, ratios):
    """"""Generate anchor boxes with different shapes centered on each pixel.""""""
    in_height, in_width = data.shape[-2:]
    device, num_sizes, num_ratios = data.ctx, len(sizes), len(ratios)
    boxes_per_pixel = (num_sizes + num_ratios - 1)
    size_tensor = d2l.tensor(sizes, ctx=device)
    ratio_tensor = d2l.tensor(ratios, ctx=device)
    # Offsets are required to move the anchor to the center of a pixel.",0,478,413,420,c22620a96e3fbd97526f13ea9ccf508307d1175ea9bb8d3a5b6dfefb098a3f7f,CORPUS_EXTRACTED,EXACT_SOURCE_SUBSTRING,PRIMARY,C1,d2lce_e749bbd007351d6963f2bbd0,d2l_selected_campaign_scope_v1,PASS_CORPUS_EXTRACTED,"Exact source substring, hashes, provenance, and offsets verified.",True,True,ctx_00060c0d518148705d609385,5442af42ccfb2299a5713e0c14e51bfec8ba1c2c426ab300256f847c4320d6f2,d2l_methodology_corpus_origin_audit,1.0.0
ctx_0018248a05d490e292afdea5,document,d2l_attention_mechanisms,d2l_attention_mechanisms_attention_cues_b014,sentence_b55a324b907b8b68eff4c103,"Therefore,
what sets attention mechanisms
apart from those fully-connected layers
or pooling layers
is the inclusion of the volitional cues.",0,140,124,139,c22620a96e3fbd97526f13ea9ccf508307d1175ea9bb8d3a5b6dfefb098a3f7f,CORPUS_EXTRACTED,EXACT_SOURCE_SUBSTRING,BACKUP,C1,d2lce_ad03ff147d19eb2ea47d5b0e,d2l_selected_campaign_scope_v1,PASS_CORPUS_EXTRACTED,"Exact source substring, hashes, provenance, and offsets verified.",False,True,ctx_0018248a05d490e292afdea5,b2d137b7b1429d41321ed1465d31587329005708d80f41df7b21621611c1f881,d2l_methodology_corpus_origin_audit,1.0.0
ctx_004316e859832b3cfcf7035e,document,d2l_multilayer_perceptrons,d2l_multilayer_perceptrons_mlp_b070,sentence_54f1e60ebae3563f83762065,The derivative of tanh function is plotted below.,0,49,18,31,c22620a96e3fbd97526f13ea9ccf508307d1175ea9bb8d3a5b6dfefb098a3f7f,CORPUS_EXTRACTED,EXACT_SOURCE_SUBSTRING,PRIMARY,C2,d2lce_658174b1687c73f5aa1957ab,d2l_selected_campaign_scope_v1,PASS_CORPUS_EXTRACTED,"Exact source substring, hashes, provenance, and offsets verified.",True,True,ctx_004316e859832b3cfcf7035e,8cee2ad6ed5f9b1b847897d5653d2dd684d6be27bc156f4985ae49ceebcca3f1,d2l_methodology_corpus_origin_audit,1.0.0
ctx_004cf67c0773c334bdf33ee0,document,d2l_multilayer_perceptrons,d2l_multilayer_perceptrons_underfit_overfit_b004,sentence_c22c9f5e298b513728c2cc17,"To recapitulate more formally,
our goal is to discover patterns
that capture regularities in the underlying population
from which our training set was drawn.",0,157,108,118,c22620a96e3fbd97526f13ea9ccf508307d1175ea9bb8d3a5b6dfefb098a3f7f,CORPUS_EXTRACTED,EXACT_SOURCE_SUBSTRING,PRIMARY,C2,d2lce_b0fd0234a2a3049734e8011c,d2l_selected_campaign_scope_v1,PASS_CORPUS_EXTRACTED,"Exact source substring, hashes, provenance, and offsets verified.",True,True,ctx_004cf67c0773c334bdf33ee0,fa3190582e0fa36de426ef7bd64680b4a198d7d2046c30488b3069d1d8f35465,d2l_methodology_corpus_origin_audit,1.0.0
ctx_005ac3ba6b11534979ff46ad,document,d2l_optimization,d2l_optimization_optimization_intro_b021,sentence_ab22d2442f5d5afcbfa31e2f,"In fact, this is one of the beneficial properties of
minibatch stochastic gradient descent where the natural variation of gradients over minibatches is able to dislodge the parameters from local minima.",453,655,195,201,c22620a96e3fbd97526f13ea9ccf508307d1175ea9bb8d3a5b6dfefb098a3f7f,CORPUS_EXTRACTED,EXACT_SOURCE_SUBSTRING,PRIMARY,C1,d2lce_455f2de181035ca8388c30b0,d2l_selected_campaign_scope_v1,PASS_CORPUS_EXTRACTED,"Exact source substring, hashes, provenance, and offsets verified.",True,True,ctx_005ac3ba6b11534979ff46ad,860adbb2162fc4c0b36427c86ca5b9c1ba46aa07467afb584dd4d2f585e23413,d2l_methodology_corpus_origin_audit,1.0.0
ctx_0065bebfdcf4a9b6ce79df26,document,d2l_computer_vision,d2l_computer_vision_transposed_conv_b041,sentence_09f187fa9778cf2ef4abac12,"* If we feed $\mathsf{X}$ into a convolutional layer $f$ to output $\mathsf{Y}=f(\mathsf{X})$ and create a transposed convolutional layer $g$ with the same hyperparameters as $f$ except for the number of output channels being the number of channels in $\mathsf{X}$, then $g(Y)$ will have the same shape as $\mathsf{X}$.",213,532,107,137,c22620a96e3fbd97526f13ea9ccf508307d1175ea9bb8d3a5b6dfefb098a3f7f,CORPUS_EXTRACTED,EXACT_SOURCE_SUBSTRING,BACKUP,C4,d2lce_b63485c15ac13f80b0d98676,d2l_selected_campaign_scope_v1,PASS_CORPUS_EXTRACTED,"Exact source substring, hashes, provenance, and offsets verified.",False,True,ctx_0065bebfdcf4a9b6ce79df26,bcaaf84452af4843ea3aff9d401e7c8cd18475a12c13dbd5001c7c1c2dfa6943,d2l_methodology_corpus_origin_audit,1.0.0
ctx_01284a3b6932dfc4de14bac9,document,d2l_introduction,d2l_introduction_index_b068,sentence_e5ba3d8f052a8369c5fcdc43,"Depending on what we want to do with our model
ultimately, treating this as a binary classification problem
might not make a lot of sense.",135,273,78,99,c22620a96e3fbd97526f13ea9ccf508307d1175ea9bb8d3a5b6dfefb098a3f7f,CORPUS_EXTRACTED,EXACT_SOURCE_SUBSTRING,PRIMARY,C3,d2lce_bb2aa6e567ff5ce9563e209b,d2l_selected_campaign_scope_v1,PASS_CORPUS_EXTRACTED,"Exact source substring, hashes, provenance, and offsets verified.",True,True,ctx_01284a3b6932dfc4de14bac9,1f14cb1a9e723d29d9ea5fd5fdf591e5363a160db17cbf40dff8f94397f7138c,d2l_methodology_corpus_origin_audit,1.0.0
ctx_0137ba0f0626d6bffd760691,document,d2l_computational_performance,d2l_computational_performance_multiple_gpus_b007,sentence_688c6cd7129fa0f0f8adb5e5,"For instance, rather than computing 64 channels on a single GPU we could split up the problem across 4 GPUs, each of which generates data for 16 channels.",43,197,53,63,c22620a96e3fbd97526f13ea9ccf508307d1175ea9bb8d3a5b6dfefb098a3f7f,CORPUS_EXTRACTED,EXACT_SOURCE_SUBSTRING,PRIMARY,C1,d2lce_e014da89e120449f8881dd5b,d2l_selected_campaign_scope_v1,PASS_CORPUS_EXTRACTED,"Exact source substring, hashes, provenance, and offsets verified.",True,True,ctx_0137ba0f0626d6bffd760691,8bb4f399374a93716e6d9145d56f8fc7436f2e14c4b49d7e5c01bd699c2c3f4d,d2l_methodology_corpus_origin_audit,1.0.0
ctx_017659fee16b4b1352f9f1b5,document,d2l_convolutional_neural_networks,d2l_convolutional_neural_networks_why_conv_b039,sentence_5cd498b77e4773058cec9c99,"To support multiple channels in both inputs ($\mathsf{X}$) and hidden representations ($\mathsf{H}$),
we can add a fourth coordinate to $\mathsf{V}$: $[\mathsf{V}]_{a, b, c, d}$.",0,178,11,28,c22620a96e3fbd97526f13ea9ccf508307d1175ea9bb8d3a5b6dfefb098a3f7f,CORPUS_EXTRACTED,EXACT_SOURCE_SUBSTRING,PRIMARY,C3,d2lce_ccf7d0a5109d86ee76a75b9c,d2l_selected_campaign_scope_v1,PASS_CORPUS_EXTRACTED,"Exact source substring, hashes, provenance, and offsets verified.",True,True,ctx_017659fee16b4b1352f9f1b5,93a9b23aea56652ebbe6f8ae8d3999de879a577084893f3dee890eb8d27e7796,d2l_methodology_corpus_origin_audit,1.0.0
ctx_0196df223b107d63e312df82,document,d2l_attention_mechanisms,d2l_attention_mechanisms_attention_cues_b010,sentence_3245613c96a7ef414afcfc67,"![Using the volitional cue (want to read a book) that is task-dependent, attention is directed to the book under volitional control.](../img/eye-book.svg)
:width:`400px`
:label:`fig_eye-book`",0,191,12,26,c22620a96e3fbd97526f13ea9ccf508307d1175ea9bb8d3a5b6dfefb098a3f7f,CORPUS_EXTRACTED,EXACT_SOURCE_SUBSTRING,BACKUP,C1,d2lce_ad03ff147d19eb2ea47d5b0e,d2l_selected_campaign_scope_v1,PASS_CORPUS_EXTRACTED,"Exact source substring, hashes, provenance, and offsets verified.",False,True,ctx_0196df223b107d63e312df82,8a00d5022f4f4f0943ebd1b76e9386fb56035250c5b8496c7ec451578663dc44,d2l_methodology_corpus_origin_audit,1.0.0
ctx_019e9ed567f578c8342df0cc,document,d2l_optimization,d2l_optimization_convexity_b017,sentence_e27df5835573b67ce44609c2,Typically the problems in deep learning are defined on convex sets.,0,67,55,66,c22620a96e3fbd97526f13ea9ccf508307d1175ea9bb8d3a5b6dfefb098a3f7f,CORPUS_EXTRACTED,EXACT_SOURCE_SUBSTRING,PRIMARY,C3,d2lce_9c874642b8c028465cfbb71e,d2l_selected_campaign_scope_v1,PASS_CORPUS_EXTRACTED,"Exact source substring, hashes, provenance, and offsets verified.",True,True,ctx_019e9ed567f578c8342df0cc,272197d10d93182c3184bb45b45835218a982c9411dcfad24efb5727a8d671fb,d2l_methodology_corpus_origin_audit,1.0.0
ctx_01b68302bb447eeeccec65cb,document,d2l_attention_mechanisms,d2l_attention_mechanisms_attention_cues_b025,sentence_f9c47ae8915c09bfb16fad06,"```{.python .input}
#@tab all
attention_weights = d2l.reshape(d2l.eye(10), (1, 1, 10, 10))
show_heatmaps(attention_weights, xlabel='Keys', ylabel='Queries')
```",0,160,132,136,c22620a96e3fbd97526f13ea9ccf508307d1175ea9bb8d3a5b6dfefb098a3f7f,CORPUS_EXTRACTED,EXACT_SOURCE_SUBSTRING,PRIMARY,C1,d2lce_776fd3328d5e31aeebe484ec,d2l_selected_campaign_scope_v1,PASS_CORPUS_EXTRACTED,"Exact source substring, hashes, provenance, and offsets verified.",True,True,ctx_01b68302bb447eeeccec65cb,f55c40e7bf3d046a69c72e7eb39a629fe82ec897245f68a7d85358dcb7e0cdf6,d2l_methodology_corpus_origin_audit,1.0.0
ctx_01c5f3adb58f2f2203f6a24f,document,d2l_deep_learning_computation,d2l_deep_learning_computation_custom_layer_b031,sentence_aab4ccb514cb3816db93a978,We can [**directly carry out forward propagation calculations using custom layers.**],0,85,68,81,c22620a96e3fbd97526f13ea9ccf508307d1175ea9bb8d3a5b6dfefb098a3f7f,CORPUS_EXTRACTED,EXACT_SOURCE_SUBSTRING,PRIMARY,C1,d2lce_4d2b37402e25d2f56746ea23,d2l_selected_campaign_scope_v1,PASS_CORPUS_EXTRACTED,"Exact source substring, hashes, provenance, and offsets verified.",True,True,ctx_01c5f3adb58f2f2203f6a24f,0036f69ee0e2e84a64bdd61a5b3930fb439150cc4db749836a60c3beede9a3bb,d2l_methodology_corpus_origin_audit,1.0.0
ctx_020ebd08a41a2d0d0dde5114,document,d2l_recommender_systems,d2l_recommender_systems_ranking_b005,sentence_aea70215c30a486143d7c21e,Bayesian personalized ranking (BPR) :cite:`Rendle.Freudenthaler.Gantner.ea.2009` is a pairwise personalized ranking loss that is derived from the maximum posterior estimator.,0,174,31,34,c22620a96e3fbd97526f13ea9ccf508307d1175ea9bb8d3a5b6dfefb098a3f7f,CORPUS_EXTRACTED,EXACT_SOURCE_SUBSTRING,PRIMARY,C1,d2lce_0dbb5a3cc045f69a43d09a7a,d2l_selected_campaign_scope_v1,PASS_CORPUS_EXTRACTED,"Exact source substring, hashes, provenance, and offsets verified.",True,True,ctx_020ebd08a41a2d0d0dde5114,2b99a10da00f0e00e09e641353168062d85d36140f5591adf2a0b0edfc965949,d2l_methodology_corpus_origin_audit,1.0.0
ctx_0226e0426283375d7ada52a5,document,d2l_optimization,d2l_optimization_optimization_intro_b004,sentence_2ac404729fcbee6108a3f154,"To accomplish the latter we need to pay
attention to overfitting in addition to using the optimization algorithm to
reduce the training error.",787,929,40,49,c22620a96e3fbd97526f13ea9ccf508307d1175ea9bb8d3a5b6dfefb098a3f7f,CORPUS_EXTRACTED,EXACT_SOURCE_SUBSTRING,PRIMARY,C1,d2lce_4a5f20bb32b66b1f07d9f37a,d2l_selected_campaign_scope_v1,PASS_CORPUS_EXTRACTED,"Exact source substring, hashes, provenance, and offsets verified.",True,True,ctx_0226e0426283375d7ada52a5,2ec0a133f4f447ec86c4c9f10b5ce9dd79e8af8e12326b36e8b08be19fe2bd34,d2l_methodology_corpus_origin_audit,1.0.0
ctx_026fffa1498f9353695d8938,document,d2l_introduction,d2l_introduction_index_b059,sentence_66391fd4e0f078f48ee10db7,"While we attacked regression problems by trying
to minimize the squared error loss function,
the common loss function for classification problems is called *cross-entropy*,
whose name can be demystified 
via an introduction to information theory in subsequent chapters.",198,467,122,145,c22620a96e3fbd97526f13ea9ccf508307d1175ea9bb8d3a5b6dfefb098a3f7f,CORPUS_EXTRACTED,EXACT_SOURCE_SUBSTRING,PRIMARY,C1,d2lce_7070b47672fcb2311c0527b6,d2l_selected_campaign_scope_v1,PASS_CORPUS_EXTRACTED,"Exact source substring, hashes, provenance, and offsets verified.",True,True,ctx_026fffa1498f9353695d8938,adb0e94a16b7459654303f45b0056c5eb20967e30ecd662fbae13749849b5353,d2l_methodology_corpus_origin_audit,1.0.0
ctx_0365fe98277f3f0623b7477b,document,d2l_convolutional_modern,d2l_convolutional_modern_batch_norm_b008,sentence_46902e8a5d68c09937044890,"Batch normalization is applied to individual layers
(optionally, to all of them) and works as follows:
In each training iteration,
we first normalize the inputs (of batch normalization)
by subtracting their mean and
dividing by their standard deviation,
where both are estimated based on the statistics of the current minibatch.",0,328,318,327,c22620a96e3fbd97526f13ea9ccf508307d1175ea9bb8d3a5b6dfefb098a3f7f,CORPUS_EXTRACTED,EXACT_SOURCE_SUBSTRING,PRIMARY,C1,d2lce_04b7107b328dedc7c1f9af65,d2l_selected_campaign_scope_v1,PASS_CORPUS_EXTRACTED,"Exact source substring, hashes, provenance, and offsets verified.",True,True,ctx_0365fe98277f3f0623b7477b,3f139308245f7c27e55cfc77d20431a9323fe953c3dc1e57bab24e7895f2c10b,d2l_methodology_corpus_origin_audit,1.0.0
ctx_03e673345da8ef1f57e6f522,document,d2l_recurrent_neural_networks,d2l_recurrent_neural_networks_sequence_b023,sentence_38a5b39f9cfa35893e7d5d5f,"In many cases, however, there exists a natural direction for the data, namely going forward in time.",902,1002,84,91,c22620a96e3fbd97526f13ea9ccf508307d1175ea9bb8d3a5b6dfefb098a3f7f,CORPUS_EXTRACTED,EXACT_SOURCE_SUBSTRING,UNSELECTED,NONE,d2lce_fbe9efe0d390976cb31e5af7,d2l_selected_campaign_scope_v1,PASS_CORPUS_EXTRACTED,"Exact source substring, hashes, provenance, and offsets verified.",False,False,ctx_03e673345da8ef1f57e6f522,f8362adbbfd3d5ecf59a8f40a1822bf3e58b55832f22193fa056bd58201e01c6,d2l_methodology_corpus_origin_audit,1.0.0
ctx_03e87b1a98115f17fc26d0f7,document,d2l_appendix_mathematics_for_deep_learning,d2l_appendix_mathematics_for_deep_learning_naive_bayes_b030,sentence_42828c4350def50b44f169e0,"(Refer to :numref:`sec_softmax` for a more detailed explanation.)
One natural way to express the classification task is via the probabilistic question: what is the most likely label given the features (i.e., image pixels)?",140,362,97,116,c22620a96e3fbd97526f13ea9ccf508307d1175ea9bb8d3a5b6dfefb098a3f7f,CORPUS_EXTRACTED,EXACT_SOURCE_SUBSTRING,PRIMARY,C1,d2lce_d89e6e83e5f07d1fcb18c6aa,d2l_selected_campaign_scope_v1,PASS_CORPUS_EXTRACTED,"Exact source substring, hashes, provenance, and offsets verified.",True,True,ctx_03e87b1a98115f17fc26d0f7,f73d3a24c160a4c2a3f5e30b7ae43596aa6ef0c21ed7f27830f0012c55fa994f,d2l_methodology_corpus_origin_audit,1.0.0
ctx_041277e59fc9e3b32469b673,document,d2l_attention_mechanisms,d2l_attention_mechanisms_nadaraya_watson_b062,sentence_00a3b866cc361cdda6d9c5d5,"```{.python .input}
class NWKernelRegression(nn.Block):
    def __init__(self, **kwargs):
        super().__init__(**kwargs)
        self.w = self.params.get('w', shape=(1,))

    def forward(self, queries, keys, values):
        # Shape of the output `queries` and `attention_weights`:
        # (no.",0,301,184,191,c22620a96e3fbd97526f13ea9ccf508307d1175ea9bb8d3a5b6dfefb098a3f7f,CORPUS_EXTRACTED,EXACT_SOURCE_SUBSTRING,PRIMARY,C2,d2lce_fbe9efe0d390976cb31e5af7,d2l_selected_campaign_scope_v1,PASS_CORPUS_EXTRACTED,"Exact source substring, hashes, provenance, and offsets verified.",True,True,ctx_041277e59fc9e3b32469b673,7dea4af97920c74ed7d3f045068ac62aebff94594172ee93971bd9e90b89ee7a,d2l_methodology_corpus_origin_audit,1.0.0
ctx_044bf29b52339083b6accce1,document,d2l_recurrent_modern,d2l_recurrent_modern_lstm_b008,sentence_fcdc03178a1ddc209508d444,"Correspondingly, the gates at time step $t$
are defined as follows: the input gate is $\mathbf{I}_t \in \mathbb{R}^{n \times h}$, the forget gate is $\mathbf{F}_t \in \mathbb{R}^{n \times h}$, and the output gate is $\mathbf{O}_t \in \mathbb{R}^{n \times h}$.",273,532,201,212,c22620a96e3fbd97526f13ea9ccf508307d1175ea9bb8d3a5b6dfefb098a3f7f,CORPUS_EXTRACTED,EXACT_SOURCE_SUBSTRING,PRIMARY,C1,d2lce_c6b4477a845e2e0e0e02f088,d2l_selected_campaign_scope_v1,PASS_CORPUS_EXTRACTED,"Exact source substring, hashes, provenance, and offsets verified.",True,True,ctx_044bf29b52339083b6accce1,5e5627bc14acd10a39718858a91cb346157177875555f19b063be3bc1ff6097e,d2l_methodology_corpus_origin_audit,1.0.0
ctx_04626b072f9bfbcc966fac5c,document,d2l_computer_vision,d2l_computer_vision_rcnn_b002,sentence_c36469aad4a112876eb71ef7,"Besides single shot multibox detection
described in :numref:`sec_ssd`,
region-based CNNs or regions with CNN features (R-CNNs)
are also among many pioneering
approaches of 
applying
deep learning to object detection
:cite:`Girshick.Donahue.Darrell.ea.2014`.",0,257,119,125,c22620a96e3fbd97526f13ea9ccf508307d1175ea9bb8d3a5b6dfefb098a3f7f,CORPUS_EXTRACTED,EXACT_SOURCE_SUBSTRING,PRIMARY,C1,d2lce_ad0d7cbd5f90ad33075e89aa,d2l_selected_campaign_scope_v1,PASS_CORPUS_EXTRACTED,"Exact source substring, hashes, provenance, and offsets verified.",True,True,ctx_04626b072f9bfbcc966fac5c,92c11f25e12ed14b76bc30af23c495dbf100b4da657d9e38c0d6407ffd351bcf,d2l_methodology_corpus_origin_audit,1.0.0
ctx_0485eb5efda3441a68d374c6,document,d2l_multilayer_perceptrons,d2l_multilayer_perceptrons_mlp_b064,sentence_dbb2ebebac3bc09bec4fcc11,"Although the shape of the function is similar to that of the sigmoid function, the tanh function exhibits point symmetry about the origin of the coordinate system.",119,282,13,18,c22620a96e3fbd97526f13ea9ccf508307d1175ea9bb8d3a5b6dfefb098a3f7f,CORPUS_EXTRACTED,EXACT_SOURCE_SUBSTRING,BACKUP,C3,d2lce_7d91b65d1e0031ab994be237,d2l_selected_campaign_scope_v1,PASS_CORPUS_EXTRACTED,"Exact source substring, hashes, provenance, and offsets verified.",False,True,ctx_0485eb5efda3441a68d374c6,13f9b6c2822783eed27d6c2703a3cb6d8de4571c1501225b0fdbda740d74be2c,d2l_methodology_corpus_origin_audit,1.0.0
ctx_048676a8e033f03b9ca75239,document,d2l_recurrent_modern,d2l_recurrent_modern_seq2seq_b043,sentence_04614d87931979a17d89aa2e,"To summarize,
the layers in the above RNN encoder-decoder model are illustrated in :numref:`fig_seq2seq_details`.",0,113,38,57,c22620a96e3fbd97526f13ea9ccf508307d1175ea9bb8d3a5b6dfefb098a3f7f,CORPUS_EXTRACTED,EXACT_SOURCE_SUBSTRING,PRIMARY,C1,d2lce_43488a3e1f15598ac9b1b6bc,d2l_selected_campaign_scope_v1,PASS_CORPUS_EXTRACTED,"Exact source substring, hashes, provenance, and offsets verified.",True,True,ctx_048676a8e033f03b9ca75239,b7d71e3b6aa888a45e7397f7d45cd678d9e607f513fc1495881daaf2e2ad39e9,d2l_methodology_corpus_origin_audit,1.0.0
ctx_04a4e4586094507de76cea7e,document,d2l_computational_performance,d2l_computational_performance_hardware_b056,sentence_dc23b5614d7059c1d5fc7c0a,Note that switches are not unique to traditional computer networks.,1728,1795,10,18,c22620a96e3fbd97526f13ea9ccf508307d1175ea9bb8d3a5b6dfefb098a3f7f,CORPUS_EXTRACTED,EXACT_SOURCE_SUBSTRING,PRIMARY,C1,d2lce_91002293cea2184b43995f47,d2l_selected_campaign_scope_v1,PASS_CORPUS_EXTRACTED,"Exact source substring, hashes, provenance, and offsets verified.",True,True,ctx_04a4e4586094507de76cea7e,ffd26b8ccdceac85bb35ac754008ac5b6a841559355c98d0fa4944b70db58093,d2l_methodology_corpus_origin_audit,1.0.0
ctx_04dd6ec44fd039cb21d5367d,document,d2l_recommender_systems,d2l_recommender_systems_movielens_b012,sentence_f0fc1efad5facb51fbe0ec38,"Clearly, the interaction matrix is extremely sparse (i.e., sparsity = 93.695%).",728,807,13,31,c22620a96e3fbd97526f13ea9ccf508307d1175ea9bb8d3a5b6dfefb098a3f7f,CORPUS_EXTRACTED,EXACT_SOURCE_SUBSTRING,BACKUP,C1,d2lce_c01c503b792019c6e3827ac0,d2l_selected_campaign_scope_v1,PASS_CORPUS_EXTRACTED,"Exact source substring, hashes, provenance, and offsets verified.",False,True,ctx_04dd6ec44fd039cb21d5367d,31e04a2ca0696af610f3750107530a5440412ee9197d3b9879a56bc7ffd581c3,d2l_methodology_corpus_origin_audit,1.0.0
ctx_0540231b9dc01be0b46e98a0,document,d2l_convolutional_neural_networks,d2l_convolutional_neural_networks_padding_and_strides_b024,sentence_73284ecdf72893aefb140c86,":numref:`img_conv_stride` shows a two-dimensional cross-correlation operation
with a stride of 3 vertically and 2 horizontally.",189,316,34,67,c22620a96e3fbd97526f13ea9ccf508307d1175ea9bb8d3a5b6dfefb098a3f7f,CORPUS_EXTRACTED,EXACT_SOURCE_SUBSTRING,BACKUP,C2,d2lce_963a14fc5042969e330bb020,d2l_selected_campaign_scope_v1,PASS_CORPUS_EXTRACTED,"Exact source substring, hashes, provenance, and offsets verified.",False,True,ctx_0540231b9dc01be0b46e98a0,1194d597fb1691f7db6b40097ce868c981be02e57b04380cf3364ee3cfb3e9d7,d2l_methodology_corpus_origin_audit,1.0.0
ctx_05c2a4c1509fd139937710c2,document,d2l_recurrent_neural_networks,d2l_recurrent_neural_networks_language_models_and_dataset_b048,sentence_f3cefce1b8b1604785e2cb09,"(**In random sampling, each example is a subsequence arbitrarily captured on the original long sequence.**)
The subsequences from two adjacent random minibatches
during iteration
are not necessarily adjacent on the original sequence.",0,233,169,178,c22620a96e3fbd97526f13ea9ccf508307d1175ea9bb8d3a5b6dfefb098a3f7f,CORPUS_EXTRACTED,EXACT_SOURCE_SUBSTRING,PRIMARY,C1,d2lce_c3c46748b1a49e32c07ca9d7,d2l_selected_campaign_scope_v1,PASS_CORPUS_EXTRACTED,"Exact source substring, hashes, provenance, and offsets verified.",True,True,ctx_05c2a4c1509fd139937710c2,ae603976fa3a6aa4126adefaac91ee9934be52b09aea752044351f402adcd485,d2l_methodology_corpus_origin_audit,1.0.0
ctx_05cde72313ed2987ab19ac0d,document,d2l_attention_mechanisms,d2l_attention_mechanisms_bahdanau_attention_b017,sentence_2db84b8197c5095d4e9ed62b,"The state of the decoder
is initialized with
(i) the encoder final-layer hidden states at all the time steps (as keys and values of the attention);
(ii) the encoder all-layer hidden state at the final time step (to initialize the hidden state of the decoder);
and (iii) the encoder valid length (to exclude the padding tokens in attention pooling).",117,465,311,325,c22620a96e3fbd97526f13ea9ccf508307d1175ea9bb8d3a5b6dfefb098a3f7f,CORPUS_EXTRACTED,EXACT_SOURCE_SUBSTRING,PRIMARY,C3,d2lce_b967af36e17c22a478eaed6d,d2l_selected_campaign_scope_v1,PASS_CORPUS_EXTRACTED,"Exact source substring, hashes, provenance, and offsets verified.",True,True,ctx_05cde72313ed2987ab19ac0d,8685b6ee24f3655f186c3752029fe9603059a0491b92eed7ad9f20352ded4395,d2l_methodology_corpus_origin_audit,1.0.0
ctx_05ff6c3d6948601de78e83f7,document,d2l_introduction,d2l_introduction_index_b134,sentence_00469bfcc72fe3b78beca64b,"* Attention mechanisms solved a second problem
  that had plagued statistics for over a century:
  how to increase the memory and complexity of a system without
  increasing the number of learnable parameters.",321,530,2,11,c22620a96e3fbd97526f13ea9ccf508307d1175ea9bb8d3a5b6dfefb098a3f7f,CORPUS_EXTRACTED,EXACT_SOURCE_SUBSTRING,PRIMARY,C1,d2lce_4a5f20bb32b66b1f07d9f37a,d2l_selected_campaign_scope_v1,PASS_CORPUS_EXTRACTED,"Exact source substring, hashes, provenance, and offsets verified.",True,True,ctx_05ff6c3d6948601de78e83f7,b8711b99fb0400b403f48a851897e14f139f6ad8ced840b18010c4a251825ded,d2l_methodology_corpus_origin_audit,1.0.0
ctx_061ed2ce35d54d5df8e71544,document,d2l_convolutional_neural_networks,d2l_convolutional_neural_networks_index_b003,sentence_094bd24b88bc0d365f04b3ec,"CNN-based architectures are now ubiquitous
in the field of computer vision, 
and have become so dominant
that hardly anyone today would develop
a commercial application or enter a competition
related to image recognition, object detection,
or semantic segmentation,
without building off of this approach.",147,451,0,3,c22620a96e3fbd97526f13ea9ccf508307d1175ea9bb8d3a5b6dfefb098a3f7f,CORPUS_EXTRACTED,EXACT_SOURCE_SUBSTRING,PRIMARY,C2,d2lce_eba859df6c63311dce4a5eb7,d2l_selected_campaign_scope_v1,PASS_CORPUS_EXTRACTED,"Exact source substring, hashes, provenance, and offsets verified.",True,True,ctx_061ed2ce35d54d5df8e71544,ed8919f92cf56bfcc166f2191dc7e2e502b82c1f27f0f2ffa3635a3702296251,d2l_methodology_corpus_origin_audit,1.0.0
ctx_06aa5c9830a79f6132f4e41e,document,d2l_optimization,d2l_optimization_adagrad_b010,sentence_c0f3a3d0d840f664adc7f9da,"As we saw in :numref:`sec_momentum`, it is possible to rewrite this problem in terms of its eigendecomposition $\mathbf{Q} = \mathbf{U}^\top \boldsymbol{\Lambda} \mathbf{U}$ to arrive at a much simplified problem where each coordinate can be solved individually:",0,262,92,110,c22620a96e3fbd97526f13ea9ccf508307d1175ea9bb8d3a5b6dfefb098a3f7f,CORPUS_EXTRACTED,EXACT_SOURCE_SUBSTRING,PRIMARY,C1,d2lce_10d4d01fa40b67d92527e5ed,d2l_selected_campaign_scope_v1,PASS_CORPUS_EXTRACTED,"Exact source substring, hashes, provenance, and offsets verified.",True,True,ctx_06aa5c9830a79f6132f4e41e,da069efe99e62eb9e732fb589e76b9653fdd18f5bb03eac1538c0cfb66f09c7a,d2l_methodology_corpus_origin_audit,1.0.0
ctx_06e708938888799ff3a5dffa,document,d2l_computer_vision,d2l_computer_vision_rcnn_b036,sentence_278aafc8e3137d23294f79e5,"Specifically,
the mask R-CNN replaces the
region of interest pooling layer with the
*region of interest (RoI) alignment* layer.",94,221,42,74,c22620a96e3fbd97526f13ea9ccf508307d1175ea9bb8d3a5b6dfefb098a3f7f,CORPUS_EXTRACTED,EXACT_SOURCE_SUBSTRING,PRIMARY,C4,d2lce_88251c1ff8b5d3756955ca7b,d2l_selected_campaign_scope_v1,PASS_CORPUS_EXTRACTED,"Exact source substring, hashes, provenance, and offsets verified.",True,True,ctx_06e708938888799ff3a5dffa,d77bf219e517adb02b68c94d89c554052a9eb51682aa93e180260943196ddf76,d2l_methodology_corpus_origin_audit,1.0.0
ctx_06f4771cf594f1bbed3246e8,document,d2l_convolutional_modern,d2l_convolutional_modern_batch_norm_b034,sentence_75923b51abf3838d42022400,"Here we
            # need to maintain the shape of `X`, so that the broadcasting
            # operation can be carried out later
            mean = X.mean(dim=(0, 2, 3), keepdim=True)
            var = ((X - mean) ** 2).mean(dim=(0, 2, 3), keepdim=True)
        # In training mode, the current mean and variance are used for the
        # standardization
        X_hat = (X - mean) / torch.sqrt(var + eps)
        # Update the mean and variance using moving average
        moving_mean = momentum * moving_mean + (1.0 - momentum) * mean
        moving_var = momentum * moving_var + (1.0 - momentum) * var
    Y = gamma * X_hat + beta  # Scale and shift
    return Y, moving_mean.data, moving_var.data
```",926,1632,490,498,c22620a96e3fbd97526f13ea9ccf508307d1175ea9bb8d3a5b6dfefb098a3f7f,CORPUS_EXTRACTED,EXACT_SOURCE_SUBSTRING,PRIMARY,C2,d2lce_addfcc9899bef06c500b6b0e,d2l_selected_campaign_scope_v1,PASS_CORPUS_EXTRACTED,"Exact source substring, hashes, provenance, and offsets verified.",True,True,ctx_06f4771cf594f1bbed3246e8,90c165ac0280cdf45be2e43f2ed75120c3b6bb1bfff7bb07d565ee133c9473ca,d2l_methodology_corpus_origin_audit,1.0.0
ctx_0720de93acc3b5ddc9c08fc8,document,d2l_appendix_mathematics_for_deep_learning,d2l_appendix_mathematics_for_deep_learning_integral_calculus_b048,sentence_337b4c10d7db552f725ab1fa,"In this way, we can develop the entire theory of integration leveraging ideas from differential calculus freely.",0,112,49,60,c22620a96e3fbd97526f13ea9ccf508307d1175ea9bb8d3a5b6dfefb098a3f7f,CORPUS_EXTRACTED,EXACT_SOURCE_SUBSTRING,PRIMARY,C3,d2lce_9372cdb5752db6ba6fa38fbd,d2l_selected_campaign_scope_v1,PASS_CORPUS_EXTRACTED,"Exact source substring, hashes, provenance, and offsets verified.",True,True,ctx_0720de93acc3b5ddc9c08fc8,4f19eec280aa38df1ff123f2677c00a1985ff95d0789e237ac9c4ace8a3f3349,d2l_methodology_corpus_origin_audit,1.0.0
ctx_072a83737808daf5abee6df6,document,d2l_convolutional_neural_networks,d2l_convolutional_neural_networks_conv_layer_b020,sentence_75e7102bfe2b988c71ff802b,"The forward propagation function
calls the `corr2d` function and adds the bias.",220,299,4,11,c22620a96e3fbd97526f13ea9ccf508307d1175ea9bb8d3a5b6dfefb098a3f7f,CORPUS_EXTRACTED,EXACT_SOURCE_SUBSTRING,PRIMARY,C2,d2lce_fbe9efe0d390976cb31e5af7,d2l_selected_campaign_scope_v1,PASS_CORPUS_EXTRACTED,"Exact source substring, hashes, provenance, and offsets verified.",True,True,ctx_072a83737808daf5abee6df6,d874b533f827bc8566e3c4cac0161a4555507c5658244c8e9f54e728a4ee3f67,d2l_methodology_corpus_origin_audit,1.0.0
ctx_0737ea14d11a1ebada12a0eb,document,d2l_optimization,d2l_optimization_optimization_intro_b004,sentence_2650f82549744e16d8d03767,"However, the goal of deep learning (or more broadly, statistical inference) is to
reduce the generalization error.",672,786,93,113,c22620a96e3fbd97526f13ea9ccf508307d1175ea9bb8d3a5b6dfefb098a3f7f,CORPUS_EXTRACTED,EXACT_SOURCE_SUBSTRING,BACKUP,C2,d2lce_9199c3ba27076b186a42df23,d2l_selected_campaign_scope_v1,PASS_CORPUS_EXTRACTED,"Exact source substring, hashes, provenance, and offsets verified.",False,True,ctx_0737ea14d11a1ebada12a0eb,ce21a912e4a5952cf66269ec5bef157f0fdc3a52877018102bcf92450590bcf9,d2l_methodology_corpus_origin_audit,1.0.0
ctx_0786467f80f822e79b33c1be,document,d2l_optimization,d2l_optimization_convexity_b015,sentence_afdf892a1311a223a7ae3c5a,"We can strengthen this result with little effort: given convex sets $\mathcal{X}_i$, their intersection $\cap_{i} \mathcal{X}_i$ is convex.",0,139,56,67,c22620a96e3fbd97526f13ea9ccf508307d1175ea9bb8d3a5b6dfefb098a3f7f,CORPUS_EXTRACTED,EXACT_SOURCE_SUBSTRING,PRIMARY,C2,d2lce_9c874642b8c028465cfbb71e,d2l_selected_campaign_scope_v1,PASS_CORPUS_EXTRACTED,"Exact source substring, hashes, provenance, and offsets verified.",True,True,ctx_0786467f80f822e79b33c1be,0fa88a9c2abb7f90b818d85336ae570fadc2ea97261898fc9dd29f9481ea7bdd,d2l_methodology_corpus_origin_audit,1.0.0
ctx_078c04e65c06128943224c26,document,d2l_optimization,d2l_optimization_lr_scheduler_b062,sentence_aec5cffefc5f3011d947c932,In particular they find that a warmup phase limits the amount of divergence of parameters in very deep networks.,189,301,31,37,c22620a96e3fbd97526f13ea9ccf508307d1175ea9bb8d3a5b6dfefb098a3f7f,CORPUS_EXTRACTED,EXACT_SOURCE_SUBSTRING,PRIMARY,C1,d2lce_6f3afd43e74e8d70778dc0c8,d2l_selected_campaign_scope_v1,PASS_CORPUS_EXTRACTED,"Exact source substring, hashes, provenance, and offsets verified.",True,True,ctx_078c04e65c06128943224c26,4eef9a764585812d42f00bbcb44d774eb4d8609872bd5f45878bd10514083e40,d2l_methodology_corpus_origin_audit,1.0.0
ctx_07d0a92774325109338bead5,document,d2l_attention_mechanisms,d2l_attention_mechanisms_attention_cues_b018,sentence_5171914ec0223429c8fc28f8,"In practice,
attention pooling aggregates values using weighted average, where weights are computed between the given query and different keys.",91,234,55,71,c22620a96e3fbd97526f13ea9ccf508307d1175ea9bb8d3a5b6dfefb098a3f7f,CORPUS_EXTRACTED,EXACT_SOURCE_SUBSTRING,PRIMARY,C1,d2lce_a3e7228aef125ec437a840fa,d2l_selected_campaign_scope_v1,PASS_CORPUS_EXTRACTED,"Exact source substring, hashes, provenance, and offsets verified.",True,True,ctx_07d0a92774325109338bead5,4270d2d83276f439a5e6c77cd2c0883a6c6bfbcac7b1e422794c63028d9cd87c,d2l_methodology_corpus_origin_audit,1.0.0
ctx_07ef3e035c8693916453144f,document,d2l_introduction,d2l_introduction_index_b048,sentence_dea6ac390a7611d44a55dc94,#### Regression,0,15,5,15,c22620a96e3fbd97526f13ea9ccf508307d1175ea9bb8d3a5b6dfefb098a3f7f,CORPUS_EXTRACTED,EXACT_SOURCE_SUBSTRING,PRIMARY,C2,d2lce_3b6a75bdbf023ea1f3ed2cc8,d2l_selected_campaign_scope_v1,PASS_CORPUS_EXTRACTED,"Exact source substring, hashes, provenance, and offsets verified.",True,True,ctx_07ef3e035c8693916453144f,646375c3d2709111279d64ac19ffdbb1cf4307ea101eb1995da5b15ead901156,d2l_methodology_corpus_origin_audit,1.0.0
ctx_07f682f0725bb71453b6f6c0,document,d2l_convolutional_neural_networks,d2l_convolutional_neural_networks_lenet_b009,sentence_b394ff2cbfff9b2a07852ac0,"In order to pass output from the convolutional block
to the dense block,
we must flatten each example in the minibatch.",0,119,109,118,c22620a96e3fbd97526f13ea9ccf508307d1175ea9bb8d3a5b6dfefb098a3f7f,CORPUS_EXTRACTED,EXACT_SOURCE_SUBSTRING,BACKUP,C1,d2lce_04b7107b328dedc7c1f9af65,d2l_selected_campaign_scope_v1,PASS_CORPUS_EXTRACTED,"Exact source substring, hashes, provenance, and offsets verified.",False,True,ctx_07f682f0725bb71453b6f6c0,05d8543d2e90a26ac481a1d4358c00981d7da20e1c5c8dabf3f71464d8674e36,d2l_methodology_corpus_origin_audit,1.0.0
ctx_0858d2ceaa592e5540d8e056,document,d2l_attention_mechanisms,d2l_attention_mechanisms_bahdanau_attention_b009,sentence_193b7e53e7e981953f0214e8,"Slightly different from
the vanilla RNN encoder-decoder architecture
in :numref:`fig_seq2seq_details`,
the same architecture
with Bahdanau attention is depicted in
:numref:`fig_s2s_attention_details`.",0,200,36,55,c22620a96e3fbd97526f13ea9ccf508307d1175ea9bb8d3a5b6dfefb098a3f7f,CORPUS_EXTRACTED,EXACT_SOURCE_SUBSTRING,PRIMARY,C1,d2lce_43488a3e1f15598ac9b1b6bc,d2l_selected_campaign_scope_v1,PASS_CORPUS_EXTRACTED,"Exact source substring, hashes, provenance, and offsets verified.",True,True,ctx_0858d2ceaa592e5540d8e056,60cfd95ffc060e160f000c3ac285a190598cb50fac4cc07eb2836f131d6f1121,d2l_methodology_corpus_origin_audit,1.0.0
ctx_08609f360a045dec1b2c96f2,document,d2l_natural_language_processing_pretraining,d2l_natural_language_processing_pretraining_word2vec_b017,sentence_8a29c3fc7bf547fdd4b023f0,"In the skip-gram model, each word
has two $d$-dimensional-vector representations
for calculating conditional probabilities.",0,123,7,22,c22620a96e3fbd97526f13ea9ccf508307d1175ea9bb8d3a5b6dfefb098a3f7f,CORPUS_EXTRACTED,EXACT_SOURCE_SUBSTRING,BACKUP,C3,d2lce_9cee0f2f668259a2568b89f4,d2l_selected_campaign_scope_v1,PASS_CORPUS_EXTRACTED,"Exact source substring, hashes, provenance, and offsets verified.",False,True,ctx_08609f360a045dec1b2c96f2,9143969a15cda2d232001d9a260d02c9fd9243960e3b82b3808fdf17e9df4add,d2l_methodology_corpus_origin_audit,1.0.0
ctx_086aada07e0f520a618cc583,document,d2l_recurrent_neural_networks,d2l_recurrent_neural_networks_text_preprocessing_b015,sentence_3a6897226a094c895c460f6f,"```{.python .input}
#@tab all
class Vocab:  #@save
    """"""Vocabulary for text.""""""
    def __init__(self, tokens=None, min_freq=0, reserved_tokens=None):
        if tokens is None:
            tokens = []
        if reserved_tokens is None:
            reserved_tokens = []
        # Sort according to frequencies
        counter = count_corpus(tokens)
        self._token_freqs = sorted(counter.items(), key=lambda x: x[1],
                                   reverse=True)
        # The index for the unknown token is 0
        self.idx_to_token = ['<unk>'] + reserved_tokens
        self.token_to_idx = {token: idx
                             for idx, token in enumerate(self.idx_to_token)}
        for token, freq in self._token_freqs:
            if freq < min_freq:
                break
            if token not in self.token_to_idx:
                self.idx_to_token.append(token)
                self.token_to_idx[token] = len(self.idx_to_token) - 1

    def __len__(self):
        return len(self.idx_to_token)

    def __getitem__(self, tokens):
        if not isinstance(tokens, (list, tuple)):
            return self.token_to_idx.get(tokens, self.unk)
        return [self.__getitem__(token) for token in tokens]

    def to_tokens(self, indices):
        if not isinstance(indices, (list, tuple)):
            return self.idx_to_token[indices]
        return [self.idx_to_token[index] for index in indices]

    @property
    def unk(self):  # Index for the unknown token
        return 0

    @property
    def token_freqs(self):  # Index for the unknown token
        return self._token_freqs

def count_corpus(tokens):  #@save
    """"""Count token frequencies.""""""
    # Here `tokens` is a 1D list or 2D list
    if len(tokens) == 0 or isinstance(tokens[0], list):
        # Flatten a list of token lists into a list of tokens
        tokens = [token for line in tokens for token in line]
    return collections.Counter(tokens)
```",0,1945,501,514,c22620a96e3fbd97526f13ea9ccf508307d1175ea9bb8d3a5b6dfefb098a3f7f,CORPUS_EXTRACTED,EXACT_SOURCE_SUBSTRING,PRIMARY,C2,d2lce_9e5c3dd254843c7ec95d4960,d2l_selected_campaign_scope_v1,PASS_CORPUS_EXTRACTED,"Exact source substring, hashes, provenance, and offsets verified.",True,True,ctx_086aada07e0f520a618cc583,c35f50eb1698607d3db4548addd1e5c024aab79a29c4559bfbf93742b74ebd95,d2l_methodology_corpus_origin_audit,1.0.0
ctx_087386cdea1dae5d6dcc3ff7,document,d2l_attention_mechanisms,d2l_attention_mechanisms_attention_scoring_functions_b029,sentence_6af30fab73067c42cfe42596,"Equivalent to :eqref:`eq_additive-attn`,
the query and the key are concatenated
and fed into an MLP with a single hidden layer
whose number of hidden units is $h$, a hyperparameter.",140,321,96,99,c22620a96e3fbd97526f13ea9ccf508307d1175ea9bb8d3a5b6dfefb098a3f7f,CORPUS_EXTRACTED,EXACT_SOURCE_SUBSTRING,PRIMARY,C1,d2lce_0ac8f3308547fb001c31e869,d2l_selected_campaign_scope_v1,PASS_CORPUS_EXTRACTED,"Exact source substring, hashes, provenance, and offsets verified.",True,True,ctx_087386cdea1dae5d6dcc3ff7,0ed7817fa5f8cb4dcbe5b2f2ee94d47aabc1ff7eac921d48bfc4bc9dfacec2a7,d2l_methodology_corpus_origin_audit,1.0.0
ctx_08a00e100653d14a0ddf6485,document,d2l_optimization,d2l_optimization_optimization_intro_b036,sentence_ae4f0b3ef751f686fff349cf,"Good initialization of the parameters can be beneficial, too.",381,442,5,19,c22620a96e3fbd97526f13ea9ccf508307d1175ea9bb8d3a5b6dfefb098a3f7f,CORPUS_EXTRACTED,EXACT_SOURCE_SUBSTRING,PRIMARY,C1,d2lce_8373decbb6e405f0386ec8a0,d2l_selected_campaign_scope_v1,PASS_CORPUS_EXTRACTED,"Exact source substring, hashes, provenance, and offsets verified.",True,True,ctx_08a00e100653d14a0ddf6485,5e5f77b6f4275e506a355934b5cd6cb4072c00e52825541c81766fa6d80246b3,d2l_methodology_corpus_origin_audit,1.0.0
ctx_08b62bef2e6aa8d336e45cb8,document,d2l_attention_mechanisms,d2l_attention_mechanisms_transformer_b022,sentence_269b0ae368c8cef42f28ec07,"Now let us focus on
the ""add & norm"" component in :numref:`fig_transformer`.",0,76,31,35,c22620a96e3fbd97526f13ea9ccf508307d1175ea9bb8d3a5b6dfefb098a3f7f,CORPUS_EXTRACTED,EXACT_SOURCE_SUBSTRING,CONTRASTIVE,C5,d2lce_3e633e212e54590ca20bfc99,d2l_selected_campaign_scope_v1,PASS_CORPUS_EXTRACTED,"Exact source substring, hashes, provenance, and offsets verified.",True,True,ctx_08b62bef2e6aa8d336e45cb8,f8383ece0cab510d0fa1b1da14fc4c6078f1570ac161a275cff1529cc3a5b80a,d2l_methodology_corpus_origin_audit,1.0.0
ctx_08bfc24bcb84e8fd751de7ed,document,d2l_recurrent_neural_networks,d2l_recurrent_neural_networks_rnn_scratch_b065,sentence_58c30cf969fc7d721e60a948,Different sampling methods for sequential data (random sampling and sequential partitioning) will result in differences in the initialization of hidden states.,3,162,68,91,c22620a96e3fbd97526f13ea9ccf508307d1175ea9bb8d3a5b6dfefb098a3f7f,CORPUS_EXTRACTED,EXACT_SOURCE_SUBSTRING,PRIMARY,C3,d2lce_e8992d8478a28e673fe551dc,d2l_selected_campaign_scope_v1,PASS_CORPUS_EXTRACTED,"Exact source substring, hashes, provenance, and offsets verified.",True,True,ctx_08bfc24bcb84e8fd751de7ed,d9843a1d450ee6fd7307527efa158e76a736a92f20dc37e853b12101e458e15c,d2l_methodology_corpus_origin_audit,1.0.0
ctx_099f24b82e0d670010409a81,document,d2l_attention_mechanisms,d2l_attention_mechanisms_attention_cues_b009,sentence_c011be45f70c212b79d0690d,"Different from
the case in :numref:`fig_eye-coffee`
where the coffee biases you towards
selecting based on saliency,
in this task-dependent case you select the book under
cognitive and volitional control.",173,377,69,75,c22620a96e3fbd97526f13ea9ccf508307d1175ea9bb8d3a5b6dfefb098a3f7f,CORPUS_EXTRACTED,EXACT_SOURCE_SUBSTRING,CONTRASTIVE,C3,d2lce_ad13d119a140210b487eeb9c,d2l_selected_campaign_scope_v1,PASS_CORPUS_EXTRACTED,"Exact source substring, hashes, provenance, and offsets verified.",True,True,ctx_099f24b82e0d670010409a81,9357de48099a390194cc948467b9f3dd44f8ac5f2419164943abc5c77f94b962,d2l_methodology_corpus_origin_audit,1.0.0
ctx_09c1b7b99119034d4bf50391,document,d2l_recommender_systems,d2l_recommender_systems_mf_b005,sentence_ab450485db5cfa7f133e5880,These latent factors might measure obvious dimensions as mentioned in those examples or are completely uninterpretable.,830,949,6,20,c22620a96e3fbd97526f13ea9ccf508307d1175ea9bb8d3a5b6dfefb098a3f7f,CORPUS_EXTRACTED,EXACT_SOURCE_SUBSTRING,BACKUP,C1,d2lce_f7c1845f1d67dcb386e8fc22,d2l_selected_campaign_scope_v1,PASS_CORPUS_EXTRACTED,"Exact source substring, hashes, provenance, and offsets verified.",False,True,ctx_09c1b7b99119034d4bf50391,a1c3d6ea70f0ae09418f5f0b54679938f769097466abe95a943c0be0774f56eb,d2l_methodology_corpus_origin_audit,1.0.0
ctx_09d73755e2ce9336c387813d,document,d2l_introduction,d2l_introduction_index_b062,sentence_28c9d8b71fc01906536bbb75,"Thus, we need to compute the expected risk that we incur as the loss function,
i.e., we need to multiply the probability of the outcome
with the benefit (or harm) associated with it.",547,729,38,42,c22620a96e3fbd97526f13ea9ccf508307d1175ea9bb8d3a5b6dfefb098a3f7f,CORPUS_EXTRACTED,EXACT_SOURCE_SUBSTRING,PRIMARY,C2,d2lce_c9e2beab505998c5b3b560b5,d2l_selected_campaign_scope_v1,PASS_CORPUS_EXTRACTED,"Exact source substring, hashes, provenance, and offsets verified.",True,True,ctx_09d73755e2ce9336c387813d,ff2fef1b4a49e5e630b5c8a6d47039efef438563ebf6c3361ff38c5b744c988e,d2l_methodology_corpus_origin_audit,1.0.0
ctx_0a0c93e8ea720026fc3f62e7,document,d2l_natural_language_processing_applications,d2l_natural_language_processing_applications_natural_language_inference_attention_b043,sentence_6749c18b5c58cd3bfb6d8be2,"```{.python .input}
class DecomposableAttention(nn.Block):
    def __init__(self, vocab, embed_size, num_hiddens, **kwargs):
        super(DecomposableAttention, self).__init__(**kwargs)
        self.embedding = nn.Embedding(len(vocab), embed_size)
        self.attend = Attend(num_hiddens)
        self.compare = Compare(num_hiddens)
        # There are 3 possible outputs: entailment, contradiction, and neutral
        self.aggregate = Aggregate(num_hiddens, 3)

    def forward(self, X):
        premises, hypotheses = X
        A = self.embedding(premises)
        B = self.embedding(hypotheses)
        beta, alpha = self.attend(A, B)
        V_A, V_B = self.compare(A, B, beta, alpha)
        Y_hat = self.aggregate(V_A, V_B)
        return Y_hat
```",0,757,375,385,c22620a96e3fbd97526f13ea9ccf508307d1175ea9bb8d3a5b6dfefb098a3f7f,CORPUS_EXTRACTED,EXACT_SOURCE_SUBSTRING,PRIMARY,C2,d2lce_ca2ca961829e131bbc0fd92b,d2l_selected_campaign_scope_v1,PASS_CORPUS_EXTRACTED,"Exact source substring, hashes, provenance, and offsets verified.",True,True,ctx_0a0c93e8ea720026fc3f62e7,b43939aea754f2409202391ef6da95a2a86acbbaf190b8155718f7995bf83651,d2l_methodology_corpus_origin_audit,1.0.0
ctx_0a197bcf827b2c90050f9542,document,d2l_convolutional_neural_networks,d2l_convolutional_neural_networks_conv_layer_b047,sentence_636fc047d15b7a8c6f90bd8a,"Recall our observation from :numref:`sec_why-conv` of the correspondence
between the cross-correlation and convolution operations.",0,130,11,22,c22620a96e3fbd97526f13ea9ccf508307d1175ea9bb8d3a5b6dfefb098a3f7f,CORPUS_EXTRACTED,EXACT_SOURCE_SUBSTRING,PRIMARY,C5,d2lce_4f85955c4fd10e184dc97d32,d2l_selected_campaign_scope_v1,PASS_CORPUS_EXTRACTED,"Exact source substring, hashes, provenance, and offsets verified.",True,True,ctx_0a197bcf827b2c90050f9542,d76647cb0aef1b6330a8fc3c003ba4a2914650392378513396edf16e1ff3d687,d2l_methodology_corpus_origin_audit,1.0.0
ctx_0a74b6b6fec3cd733bef82fc,document,d2l_recurrent_neural_networks,d2l_recurrent_neural_networks_sequence_b023,sentence_f8ac4271e634cd9587757c73,"```{.python .input}
# A simple MLP
def get_net():
    net = nn.Sequential()
    net.add(nn.Dense(10, activation='relu'),
            nn.Dense(1))
    net.initialize(init.Xavier())
    return net

# Square loss
loss = gluon.loss.L2Loss()
```

```{.python .input}
#@tab pytorch
# Function for initializing the weights of the network
def init_weights(m):
    if type(m) == nn.Linear:
        nn.init.xavier_uniform_(m.weight)

# A simple MLP
def get_net():
    net = nn.Sequential(nn.Linear(4, 10),
                        nn.ReLU(),
                        nn.Linear(10, 1))
    net.apply(init_weights)
    return net

# Note: `MSELoss` computes squared error without the 1/2 factor
loss = nn.MSELoss(reduction='none')
```

```{.python .input}
#@tab tensorflow
# Vanilla MLP architecture
def get_net():
    net = tf.keras.Sequential([tf.keras.layers.Dense(10, activation='relu'),
                              tf.keras.layers.Dense(1)])
    return net

# Note: `MeanSquaredError` computes squared error without the 1/2 factor
loss = tf.keras.losses.MeanSquaredError()
```

Now we are ready to [**train the model**].",4340,5453,699,708,c22620a96e3fbd97526f13ea9ccf508307d1175ea9bb8d3a5b6dfefb098a3f7f,CORPUS_EXTRACTED,EXACT_SOURCE_SUBSTRING,BACKUP,C3,d2lce_fa115d4c3a8140d91339df15,d2l_selected_campaign_scope_v1,PASS_CORPUS_EXTRACTED,"Exact source substring, hashes, provenance, and offsets verified.",False,True,ctx_0a74b6b6fec3cd733bef82fc,0d27bcc8af45c287082ffc91aa99a7ab7ebff22403b7c247cf87a82efab4d2fe,d2l_methodology_corpus_origin_audit,1.0.0
ctx_0a972e21da1bd8980d3dde3a,document,d2l_appendix_mathematics_for_deep_learning,d2l_appendix_mathematics_for_deep_learning_information_theory_b123,sentence_3ad3eff2827655a954fb2c24,Let us go through a toy example to see the non-symmetry explicitly.,0,67,47,55,c22620a96e3fbd97526f13ea9ccf508307d1175ea9bb8d3a5b6dfefb098a3f7f,CORPUS_EXTRACTED,EXACT_SOURCE_SUBSTRING,BACKUP,C1,d2lce_00c0e4f7d0d5537d738af8a7,d2l_selected_campaign_scope_v1,PASS_CORPUS_EXTRACTED,"Exact source substring, hashes, provenance, and offsets verified.",False,True,ctx_0a972e21da1bd8980d3dde3a,ff164aa79eec212f4fbfd2e2d58a0f50b1b7b7d705903760e0ab757ef00c36bb,d2l_methodology_corpus_origin_audit,1.0.0
ctx_0b0937e42c26b6b23b5692f4,document,d2l_appendix_tools_for_deep_learning,d2l_appendix_tools_for_deep_learning_selecting_servers_gpus_b007,sentence_0806982af05852158213d400,Aim for 64 GB DRAM and invest into an SSD.,482,524,38,41,c22620a96e3fbd97526f13ea9ccf508307d1175ea9bb8d3a5b6dfefb098a3f7f,CORPUS_EXTRACTED,EXACT_SOURCE_SUBSTRING,PRIMARY,C2,d2lce_c6d5679eb20ff0719dfc35b2,d2l_selected_campaign_scope_v1,PASS_CORPUS_EXTRACTED,"Exact source substring, hashes, provenance, and offsets verified.",True,True,ctx_0b0937e42c26b6b23b5692f4,2624e23e96935c8c592c0ac6eb7de0e3d3ce22bc7a07ad583e86ed233717e0f6,d2l_methodology_corpus_origin_audit,1.0.0
ctx_0bbf3a04a91397bf545fe5dc,document,d2l_recurrent_modern,d2l_recurrent_modern_gru_b007,sentence_27b1fb9cd75d49a3008ed5c2,### Reset Gate and Update Gate,0,30,19,30,c22620a96e3fbd97526f13ea9ccf508307d1175ea9bb8d3a5b6dfefb098a3f7f,CORPUS_EXTRACTED,EXACT_SOURCE_SUBSTRING,BACKUP,C1,d2lce_a47c0fa6efae6f5b3c950575,d2l_selected_campaign_scope_v1,PASS_CORPUS_EXTRACTED,"Exact source substring, hashes, provenance, and offsets verified.",False,True,ctx_0bbf3a04a91397bf545fe5dc,a8325b1eb6e85420e2c6ea4d9f7ed1ce73321371ce4782c42f66bd3fb4247e33,d2l_methodology_corpus_origin_audit,1.0.0
ctx_0c105541407715dba3c8320d,document,d2l_multilayer_perceptrons,d2l_multilayer_perceptrons_mlp_b050,sentence_6c28be2f1495a5a81e29e1f3,"Sigmoids are still widely used as
activation functions on the output units,
when we want to interpret the outputs as probabilities
for binary classification problems
(you can think of the sigmoid as a special case of the softmax).",170,400,135,156,c22620a96e3fbd97526f13ea9ccf508307d1175ea9bb8d3a5b6dfefb098a3f7f,CORPUS_EXTRACTED,EXACT_SOURCE_SUBSTRING,PRIMARY,C2,d2lce_bb2aa6e567ff5ce9563e209b,d2l_selected_campaign_scope_v1,PASS_CORPUS_EXTRACTED,"Exact source substring, hashes, provenance, and offsets verified.",True,True,ctx_0c105541407715dba3c8320d,4e9af80582f24583c980e5eac1e3b8850060bd0d0638a343923d84d20e8fd46d,d2l_methodology_corpus_origin_audit,1.0.0
ctx_0c23b9cfe24725bd1e388026,document,d2l_computer_vision,d2l_computer_vision_neural_style_b006,sentence_3b17d75817e929f2c678875e,":numref:`fig_style_transfer_model` illustrates
the CNN-based style transfer method with a simplified example.",0,109,61,75,c22620a96e3fbd97526f13ea9ccf508307d1175ea9bb8d3a5b6dfefb098a3f7f,CORPUS_EXTRACTED,EXACT_SOURCE_SUBSTRING,BACKUP,C2,d2lce_041add3a2f3aa452408a5384,d2l_selected_campaign_scope_v1,PASS_CORPUS_EXTRACTED,"Exact source substring, hashes, provenance, and offsets verified.",False,True,ctx_0c23b9cfe24725bd1e388026,137e33ecaea633bf30b7bae44c39608488137a5f5eb99948834901ec957a9bec,d2l_methodology_corpus_origin_audit,1.0.0
ctx_0c2556749af5509e2a8a0d38,document,d2l_convolutional_neural_networks,d2l_convolutional_neural_networks_lenet_b008,sentence_9910a4f411497b56c56be39e,"The basic units in each convolutional block
are a convolutional layer, a sigmoid activation function,
and a subsequent average pooling operation.",0,145,73,80,c22620a96e3fbd97526f13ea9ccf508307d1175ea9bb8d3a5b6dfefb098a3f7f,CORPUS_EXTRACTED,EXACT_SOURCE_SUBSTRING,PRIMARY,C1,d2lce_00f50f89defd8652bb8c429e,d2l_selected_campaign_scope_v1,PASS_CORPUS_EXTRACTED,"Exact source substring, hashes, provenance, and offsets verified.",True,True,ctx_0c2556749af5509e2a8a0d38,c28b4590d320e05369a4a223f9ce5f788e010b9075cdfe78a6dc0adc23e69d87,d2l_methodology_corpus_origin_audit,1.0.0
ctx_0c2cf2fa2cea5d19f1f0a29b,document,d2l_multilayer_perceptrons,d2l_multilayer_perceptrons_mlp_b043,sentence_658ac0c28a3b8930a885c034,"This makes optimization better behaved
and it mitigated the well-documented problem
of vanishing gradients that plagued
previous versions of neural networks (more on this later).",139,317,87,106,c22620a96e3fbd97526f13ea9ccf508307d1175ea9bb8d3a5b6dfefb098a3f7f,CORPUS_EXTRACTED,EXACT_SOURCE_SUBSTRING,BACKUP,C2,d2lce_d7976d0b101e65c34c011871,d2l_selected_campaign_scope_v1,PASS_CORPUS_EXTRACTED,"Exact source substring, hashes, provenance, and offsets verified.",False,True,ctx_0c2cf2fa2cea5d19f1f0a29b,f1696b0a2766eb8670b27c414004d0e55bf07f87389d77b8275a32e0da95d827,d2l_methodology_corpus_origin_audit,1.0.0
ctx_0c72a2d7feb8a2a7f2b17bfd,document,d2l_computational_performance,d2l_computational_performance_hybridize_b017,sentence_ffa46200f8835c1f6cbc6a78,"We will illustrate the benefits below, focusing on sequential models and blocks.",560,640,73,79,c22620a96e3fbd97526f13ea9ccf508307d1175ea9bb8d3a5b6dfefb098a3f7f,CORPUS_EXTRACTED,EXACT_SOURCE_SUBSTRING,BACKUP,C1,d2lce_20c658fd4e221ee551790ec2,d2l_selected_campaign_scope_v1,PASS_CORPUS_EXTRACTED,"Exact source substring, hashes, provenance, and offsets verified.",False,True,ctx_0c72a2d7feb8a2a7f2b17bfd,8e6eaed62b0aff9cab5e81e0408aa147b434489a735fa2d0e50329aafda7cc79,d2l_methodology_corpus_origin_audit,1.0.0
ctx_0c97ab4184b145c22144afa1,document,d2l_appendix_mathematics_for_deep_learning,d2l_appendix_mathematics_for_deep_learning_statistics_b060,sentence_37840f0c4cb4b23033d6a8bf,"The significance level can be explained as the level of risk that we are willing to take, when we reject a true null hypothesis.",181,309,112,127,c22620a96e3fbd97526f13ea9ccf508307d1175ea9bb8d3a5b6dfefb098a3f7f,CORPUS_EXTRACTED,EXACT_SOURCE_SUBSTRING,BACKUP,C3,d2lce_11e1c294000ac67785408dcd,d2l_selected_campaign_scope_v1,PASS_CORPUS_EXTRACTED,"Exact source substring, hashes, provenance, and offsets verified.",False,True,ctx_0c97ab4184b145c22144afa1,34c82c84045c70ce575202f3636799dd65903c0fff6a30835661a48f0c962377,d2l_methodology_corpus_origin_audit,1.0.0
ctx_0ca0c7867a08cb23a7e74953,document,d2l_introduction,d2l_introduction_index_b026,sentence_9f7f7ece85ee22576927a152,"While we might expect microscope images to come from standard equipment,
we cannot expect images mined from the Internet
to all show up with the same resolution or shape.",76,246,164,169,c22620a96e3fbd97526f13ea9ccf508307d1175ea9bb8d3a5b6dfefb098a3f7f,CORPUS_EXTRACTED,EXACT_SOURCE_SUBSTRING,BACKUP,C3,d2lce_7d91b65d1e0031ab994be237,d2l_selected_campaign_scope_v1,PASS_CORPUS_EXTRACTED,"Exact source substring, hashes, provenance, and offsets verified.",False,True,ctx_0ca0c7867a08cb23a7e74953,084a41f6831bee9326813e248c11955f0267af1e4dacfa536879eac2c3b00cc0,d2l_methodology_corpus_origin_audit,1.0.0
ctx_0ca5bf2018319128f4a0f958,document,d2l_recurrent_neural_networks,d2l_recurrent_neural_networks_bptt_b004,sentence_7cda42c50accb91adf414c8b,"Since sequences can be rather long, the dependency can be rather lengthy.",524,597,40,50,c22620a96e3fbd97526f13ea9ccf508307d1175ea9bb8d3a5b6dfefb098a3f7f,CORPUS_EXTRACTED,EXACT_SOURCE_SUBSTRING,PRIMARY,C2,d2lce_144baca5ccb9be2154705e92,d2l_selected_campaign_scope_v1,PASS_CORPUS_EXTRACTED,"Exact source substring, hashes, provenance, and offsets verified.",True,True,ctx_0ca5bf2018319128f4a0f958,57aea54af1e3f71d415efc0b43749ad163abd94cf4f331c9b32802eb3f8fc6dc,d2l_methodology_corpus_origin_audit,1.0.0
ctx_0cbd6b544c567ce5e0d6a15e,document,d2l_natural_language_processing_pretraining,d2l_natural_language_processing_pretraining_word2vec_b032,sentence_d817077031ebd0ab4c570d0a,"The major difference
from the skip-gram model is that
the continuous bag of words model
assumes that a center word is generated
based on its surrounding context words in the text sequence.",78,266,30,45,c22620a96e3fbd97526f13ea9ccf508307d1175ea9bb8d3a5b6dfefb098a3f7f,CORPUS_EXTRACTED,EXACT_SOURCE_SUBSTRING,PRIMARY,C5,d2lce_9cee0f2f668259a2568b89f4,d2l_selected_campaign_scope_v1,PASS_CORPUS_EXTRACTED,"Exact source substring, hashes, provenance, and offsets verified.",True,True,ctx_0cbd6b544c567ce5e0d6a15e,931ace50bd0c1dd7fc4a6549f3818695f086b007cd331f9edc537b7ee0545bb8,d2l_methodology_corpus_origin_audit,1.0.0
ctx_0cbe39511747c15a73cb01c5,document,d2l_multilayer_perceptrons,d2l_multilayer_perceptrons_mlp_b004,sentence_07db83b3f2ea24b4ec529dbe,"We have described the affine transformation in
:numref:`subsec_linear_model`,
which is a linear transformation added by a bias.",0,127,22,43,c22620a96e3fbd97526f13ea9ccf508307d1175ea9bb8d3a5b6dfefb098a3f7f,CORPUS_EXTRACTED,EXACT_SOURCE_SUBSTRING,PRIMARY,C4,d2lce_539543a2360129e2a2fa1b6d,d2l_selected_campaign_scope_v1,PASS_CORPUS_EXTRACTED,"Exact source substring, hashes, provenance, and offsets verified.",True,True,ctx_0cbe39511747c15a73cb01c5,aaa9d3dbdb06d599dd2d55606ef2d6ed36ddd0b24c455559bec70dc361c44dd3,d2l_methodology_corpus_origin_audit,1.0.0
ctx_0d5f7d63c599ed1c30109497,document,d2l_multilayer_perceptrons,d2l_multilayer_perceptrons_underfit_overfit_b007,sentence_c41be658f7a6649ed121545a,## Training Error and Generalization Error,0,42,22,36,c22620a96e3fbd97526f13ea9ccf508307d1175ea9bb8d3a5b6dfefb098a3f7f,CORPUS_EXTRACTED,EXACT_SOURCE_SUBSTRING,PRIMARY,C1,d2lce_22496a6fabe26e046ad5d5ac,d2l_selected_campaign_scope_v1,PASS_CORPUS_EXTRACTED,"Exact source substring, hashes, provenance, and offsets verified.",True,True,ctx_0d5f7d63c599ed1c30109497,e79722347322cdc71696880e794c0e5c24ed5bb40fcebc6a2beee92cc00480f3,d2l_methodology_corpus_origin_audit,1.0.0
ctx_0d6ec66184ff5ae327958de1,document,d2l_optimization,d2l_optimization_adagrad_b004,sentence_222b92e9a2099c2152ccd81c,Imagine that we are training a language model.,0,46,31,45,c22620a96e3fbd97526f13ea9ccf508307d1175ea9bb8d3a5b6dfefb098a3f7f,CORPUS_EXTRACTED,EXACT_SOURCE_SUBSTRING,PRIMARY,C1,d2lce_a7105fea7b2b3447548b6d7a,d2l_selected_campaign_scope_v1,PASS_CORPUS_EXTRACTED,"Exact source substring, hashes, provenance, and offsets verified.",True,True,ctx_0d6ec66184ff5ae327958de1,658e436a03bae14e8a83969219453eb8a544c14b142c642a684c719739364670,d2l_methodology_corpus_origin_audit,1.0.0
ctx_0d8072fac44a71369c278f26,document,d2l_appendix_mathematics_for_deep_learning,d2l_appendix_mathematics_for_deep_learning_information_theory_b174,sentence_61605ae2e41281dcc404047c,"The character *perplexity* of a language model is defined as the inverse of the geometric mean of a set of probabilities, each probability is corresponding to a character in the word.",1143,1326,32,46,c22620a96e3fbd97526f13ea9ccf508307d1175ea9bb8d3a5b6dfefb098a3f7f,CORPUS_EXTRACTED,EXACT_SOURCE_SUBSTRING,PRIMARY,C1,d2lce_a7105fea7b2b3447548b6d7a,d2l_selected_campaign_scope_v1,PASS_CORPUS_EXTRACTED,"Exact source substring, hashes, provenance, and offsets verified.",True,True,ctx_0d8072fac44a71369c278f26,5068569f32916340052bc3d931b31703996642c453b3544ae9789da02165bbee,d2l_methodology_corpus_origin_audit,1.0.0
ctx_0da3afb393686e85b578238a,document,d2l_preliminaries,d2l_preliminaries_autograd_b046,sentence_bceeda2d3f81fd4543b8adb8,"One benefit of using automatic differentiation
is that [**even if**] building the computational graph of (**a function
required passing through a maze of Python control flow**)
(e.g., conditionals, loops, and arbitrary function calls),
(**we can still calculate the gradient of the resulting variable.**)
In the following snippet, note that
the number of iterations of the `while` loop
and the evaluation of the `if` statement
both depend on the value of the input `a`.",0,469,161,173,c22620a96e3fbd97526f13ea9ccf508307d1175ea9bb8d3a5b6dfefb098a3f7f,CORPUS_EXTRACTED,EXACT_SOURCE_SUBSTRING,PRIMARY,C3,d2lce_6c7e95cd232fb7fcca6b3bdc,d2l_selected_campaign_scope_v1,PASS_CORPUS_EXTRACTED,"Exact source substring, hashes, provenance, and offsets verified.",True,True,ctx_0da3afb393686e85b578238a,333027ab9cd0defbfe911dd527bf96b5115527df06888050fe3002f70b89b503,d2l_methodology_corpus_origin_audit,1.0.0
ctx_0dd3e0d0f7d3391d566ae6d8,document,d2l_computational_performance,d2l_computational_performance_async_computation_b015,sentence_6ad8787883ac885842a3b9b4,Operations issued by the frontend language are passed on to the backend for execution.,457,543,25,33,c22620a96e3fbd97526f13ea9ccf508307d1175ea9bb8d3a5b6dfefb098a3f7f,CORPUS_EXTRACTED,EXACT_SOURCE_SUBSTRING,BACKUP,C2,d2lce_24988c975f984ef488776c0b,d2l_selected_campaign_scope_v1,PASS_CORPUS_EXTRACTED,"Exact source substring, hashes, provenance, and offsets verified.",False,True,ctx_0dd3e0d0f7d3391d566ae6d8,14a335414effa6b20a99795fadbd5012dcc0a374df90f96da122509e0efeb7c3,d2l_methodology_corpus_origin_audit,1.0.0
ctx_0e18119fa086c3cb92ff4aba,document,d2l_natural_language_processing_applications,d2l_natural_language_processing_applications_finetuning_bert_b019,sentence_3da107403edc5a06445849c5,"As another token-level application,
*question answering* reflects capabilities of reading comprehension.",0,104,37,55,c22620a96e3fbd97526f13ea9ccf508307d1175ea9bb8d3a5b6dfefb098a3f7f,CORPUS_EXTRACTED,EXACT_SOURCE_SUBSTRING,PRIMARY,C1,d2lce_41109297e6bf8f44d9bb9178,d2l_selected_campaign_scope_v1,PASS_CORPUS_EXTRACTED,"Exact source substring, hashes, provenance, and offsets verified.",True,True,ctx_0e18119fa086c3cb92ff4aba,db5a0a4eb3adef5567593bf079c29d5994dc74b5f5c907d96a9706029b5d4cb4,d2l_methodology_corpus_origin_audit,1.0.0
ctx_0e2749a4df879a5753e93ab9,document,d2l_natural_language_processing_applications,d2l_natural_language_processing_applications_finetuning_bert_b024,sentence_e08011c22cde7206db79677e,"* During supervised learning of a downstream application, parameters of the extra layers are learned from scratch while all the parameters in the pretrained BERT model are fine-tuned.",429,612,146,161,c22620a96e3fbd97526f13ea9ccf508307d1175ea9bb8d3a5b6dfefb098a3f7f,CORPUS_EXTRACTED,EXACT_SOURCE_SUBSTRING,PRIMARY,C1,d2lce_e27a9787bb13f8580103adc4,d2l_selected_campaign_scope_v1,PASS_CORPUS_EXTRACTED,"Exact source substring, hashes, provenance, and offsets verified.",True,True,ctx_0e2749a4df879a5753e93ab9,e8f15ab6cadb74aa886311259bf03c96402010515ae88f074052170b3a4ca7b3,d2l_methodology_corpus_origin_audit,1.0.0
ctx_0e9fc9f8cf5ab30d22fb84b2,document,d2l_recommender_systems,d2l_recommender_systems_ranking_b006,sentence_866358999d89aeee72eef757,The Bayesian formulation of BPR which aims to maximize the posterior probability is given below:,157,253,28,31,c22620a96e3fbd97526f13ea9ccf508307d1175ea9bb8d3a5b6dfefb098a3f7f,CORPUS_EXTRACTED,EXACT_SOURCE_SUBSTRING,PRIMARY,C2,d2lce_0dbb5a3cc045f69a43d09a7a,d2l_selected_campaign_scope_v1,PASS_CORPUS_EXTRACTED,"Exact source substring, hashes, provenance, and offsets verified.",True,True,ctx_0e9fc9f8cf5ab30d22fb84b2,c18fbebca0f0ed6fb9eafaea3c61db0ab1674f4cdde73f2b974e23a6301ffdc1,d2l_methodology_corpus_origin_audit,1.0.0
ctx_0f178aa4816b9e54f151c714,document,d2l_convolutional_neural_networks,d2l_convolutional_neural_networks_why_conv_b013,sentence_a91505796fbe69a914de6596,"To start off, we can consider an MLP
with two-dimensional images $\mathbf{X}$ as inputs
and their immediate hidden representations
$\mathbf{H}$ similarly represented as matrices in mathematics and as two-dimensional tensors in code, where both $\mathbf{X}$ and $\mathbf{H}$ have the same shape.",0,294,288,293,c22620a96e3fbd97526f13ea9ccf508307d1175ea9bb8d3a5b6dfefb098a3f7f,CORPUS_EXTRACTED,EXACT_SOURCE_SUBSTRING,PRIMARY,C3,d2lce_7d91b65d1e0031ab994be237,d2l_selected_campaign_scope_v1,PASS_CORPUS_EXTRACTED,"Exact source substring, hashes, provenance, and offsets verified.",True,True,ctx_0f178aa4816b9e54f151c714,2d73f0793fa523b1722bace3f8ba3134e2161c313205597b015e81e344fe8b7e,d2l_methodology_corpus_origin_audit,1.0.0
ctx_0f35f327e3ffb1af62c20c1c,document,d2l_computer_vision,d2l_computer_vision_object_detection_dataset_b013,sentence_44285fa39912d8d4ae38b113,"```{.python .input}
#@save
class BananasDataset(gluon.data.Dataset):
    """"""A customized dataset to load the banana detection dataset.""""""
    def __init__(self, is_train):
        self.features, self.labels = read_data_bananas(is_train)
        print('read ' + str(len(self.features)) + (f' training examples' if
              is_train else f' validation examples'))

    def __getitem__(self, idx):
        return (self.features[idx].astype('float32').transpose(2, 0, 1),
                self.labels[idx])

    def __len__(self):
        return len(self.features)
```",0,568,453,462,c22620a96e3fbd97526f13ea9ccf508307d1175ea9bb8d3a5b6dfefb098a3f7f,CORPUS_EXTRACTED,EXACT_SOURCE_SUBSTRING,PRIMARY,C4,d2lce_6b1b75f43b72ec9bace62065,d2l_selected_campaign_scope_v1,PASS_CORPUS_EXTRACTED,"Exact source substring, hashes, provenance, and offsets verified.",True,True,ctx_0f35f327e3ffb1af62c20c1c,b9d5c5115e6982cddc852350d1eb0f05584e720f3cae90dfac692eea6519423e,d2l_methodology_corpus_origin_audit,1.0.0
ctx_0f6b002a2460b36bc8bbacd6,document,d2l_recurrent_neural_networks,d2l_recurrent_neural_networks_rnn_scratch_b009,sentence_6ee9ad78e3079f03f54bef5e,"The easiest representation is called *one-hot encoding*,
which is introduced
in :numref:`subsec_classification-problem`.",223,343,12,26,c22620a96e3fbd97526f13ea9ccf508307d1175ea9bb8d3a5b6dfefb098a3f7f,CORPUS_EXTRACTED,EXACT_SOURCE_SUBSTRING,PRIMARY,C2,d2lce_f33d434f8362f23d43285427,d2l_selected_campaign_scope_v1,PASS_CORPUS_EXTRACTED,"Exact source substring, hashes, provenance, and offsets verified.",True,True,ctx_0f6b002a2460b36bc8bbacd6,2b6c79fba6e45f46b12cb779a8df89747c7385fa20d6b5a5edf0b262d9d03721,d2l_methodology_corpus_origin_audit,1.0.0
ctx_0f6cacd1df0fd9a1a8c5ed8d,document,d2l_computational_performance,d2l_computational_performance_hardware_b012,sentence_3a738a5e9091a497fc1c5d6a,"CPUs have between 2 and 4 memory channels, i.e., they have between 4 0GB/s and 100 GB/s peak memory bandwidth.",334,444,33,41,c22620a96e3fbd97526f13ea9ccf508307d1175ea9bb8d3a5b6dfefb098a3f7f,CORPUS_EXTRACTED,EXACT_SOURCE_SUBSTRING,CONTRASTIVE,C2,d2lce_270e1a75bb70807d9c2dd507,d2l_selected_campaign_scope_v1,PASS_CORPUS_EXTRACTED,"Exact source substring, hashes, provenance, and offsets verified.",True,True,ctx_0f6cacd1df0fd9a1a8c5ed8d,61064b872e49b6a6e2bff0847a7d6b5bdfce9af3dab3de7153e2e96f411eef8c,d2l_methodology_corpus_origin_audit,1.0.0
ctx_10409253f5d4e26f24be38e9,document,d2l_optimization,d2l_optimization_lr_scheduler_b033,sentence_a3bec3a4b1bc701296b998a0,"It takes a few more parameters, such as warmup period, warmup mode (linear or constant), the maximum number of desired updates, etc.; Going forward we will use the built-in schedulers as appropriate and only explain their functionality here.",110,351,40,46,c22620a96e3fbd97526f13ea9ccf508307d1175ea9bb8d3a5b6dfefb098a3f7f,CORPUS_EXTRACTED,EXACT_SOURCE_SUBSTRING,PRIMARY,C1,d2lce_6f3afd43e74e8d70778dc0c8,d2l_selected_campaign_scope_v1,PASS_CORPUS_EXTRACTED,"Exact source substring, hashes, provenance, and offsets verified.",True,True,ctx_10409253f5d4e26f24be38e9,b1224fdd964f806af65c6d7453770e3854652cba3a2c13723a22fc0e35526ac9,d2l_methodology_corpus_origin_audit,1.0.0
ctx_106d744b93d4b2d0472f0c4f,document,d2l_multilayer_perceptrons,d2l_multilayer_perceptrons_environment_b042,sentence_61f6e97bfde09efc0a9784b1,"The *empirical risk* is an average loss over the training data
to approximate the *risk*,
which is the
expectation of the loss over the entire population of data drawn from their true distribution
$p(\mathbf{x},y)$:",201,416,143,153,c22620a96e3fbd97526f13ea9ccf508307d1175ea9bb8d3a5b6dfefb098a3f7f,CORPUS_EXTRACTED,EXACT_SOURCE_SUBSTRING,PRIMARY,C2,d2lce_b0fd0234a2a3049734e8011c,d2l_selected_campaign_scope_v1,PASS_CORPUS_EXTRACTED,"Exact source substring, hashes, provenance, and offsets verified.",True,True,ctx_106d744b93d4b2d0472f0c4f,adfdf35a2958d3fdac4bb791d9682cd611b6d136f0d6ffafbe246ced5c67a946,d2l_methodology_corpus_origin_audit,1.0.0
ctx_1078723c87f441d3c978087a,document,d2l_attention_mechanisms,d2l_attention_mechanisms_attention_cues_b007,sentence_020987e6b88d614a6bbd2e83,"The nonvolitional cue is based on
the saliency and conspicuity of objects in the environment.",0,93,4,21,c22620a96e3fbd97526f13ea9ccf508307d1175ea9bb8d3a5b6dfefb098a3f7f,CORPUS_EXTRACTED,EXACT_SOURCE_SUBSTRING,PRIMARY,C1,d2lce_abae8f75b732ffe9c8a965c0,d2l_selected_campaign_scope_v1,PASS_CORPUS_EXTRACTED,"Exact source substring, hashes, provenance, and offsets verified.",True,True,ctx_1078723c87f441d3c978087a,9caa41fdf224a9d802a72f9d0f7f394203b661082b54ca0f624d2381118ac605,d2l_methodology_corpus_origin_audit,1.0.0
ctx_107aaac926dcdc82c5d33f4c,document,d2l_multilayer_perceptrons,d2l_multilayer_perceptrons_mlp_b020,sentence_c446c648e27e3e5c58a44827,"In order to realize the potential of multilayer architectures,
we need one more key ingredient: a
nonlinear *activation function* $\sigma$
to be applied to each hidden unit
following the affine transformation.",0,209,187,208,c22620a96e3fbd97526f13ea9ccf508307d1175ea9bb8d3a5b6dfefb098a3f7f,CORPUS_EXTRACTED,EXACT_SOURCE_SUBSTRING,PRIMARY,C2,d2lce_539543a2360129e2a2fa1b6d,d2l_selected_campaign_scope_v1,PASS_CORPUS_EXTRACTED,"Exact source substring, hashes, provenance, and offsets verified.",True,True,ctx_107aaac926dcdc82c5d33f4c,224c3f93316cf9981a1f2ea2f1bf489ce13d22b2f64a76e6ecaf887537f7df12,d2l_methodology_corpus_origin_audit,1.0.0
ctx_108640f605901673bf814009,document,d2l_natural_language_processing_pretraining,d2l_natural_language_processing_pretraining_word_embedding_dataset_b002,sentence_cb68cdc68d32d94ae2cfbe32,"In this section,
we begin with the dataset
for pretraining the word embedding model:
the original format of the data
will be transformed
into minibatches
that can be iterated over during training.",281,477,63,77,c22620a96e3fbd97526f13ea9ccf508307d1175ea9bb8d3a5b6dfefb098a3f7f,CORPUS_EXTRACTED,EXACT_SOURCE_SUBSTRING,PRIMARY,C2,d2lce_ce222dd206341f61f2986f7a,d2l_selected_campaign_scope_v1,PASS_CORPUS_EXTRACTED,"Exact source substring, hashes, provenance, and offsets verified.",True,True,ctx_108640f605901673bf814009,88470992cb7fcb7b8e2bbe879766176a4335c703549ab3b9fad74c2443e6a02e,d2l_methodology_corpus_origin_audit,1.0.0
ctx_111ebd3664347c4b99a35b2e,document,d2l_generative_adversarial_networks,d2l_generative_adversarial_networks_gan_b007,sentence_ef0c432371de43008c187951,We call this the generator network.,459,494,17,26,c22620a96e3fbd97526f13ea9ccf508307d1175ea9bb8d3a5b6dfefb098a3f7f,CORPUS_EXTRACTED,EXACT_SOURCE_SUBSTRING,PRIMARY,C1,d2lce_73c8ce2915c4c64a52fab4a2,d2l_selected_campaign_scope_v1,PASS_CORPUS_EXTRACTED,"Exact source substring, hashes, provenance, and offsets verified.",True,True,ctx_111ebd3664347c4b99a35b2e,9d62424fd49bddc5322ca97fef4b11c45cd0acc5699bb6385bf22f8f2679502c,d2l_methodology_corpus_origin_audit,1.0.0
ctx_11250deeba2dfb3a9290f422,document,d2l_computer_vision,d2l_computer_vision_anchor_b043,sentence_f34a17ada9bd9fe819d2ff43,"Given varying
positions and sizes of different boxes in the dataset,
we can apply transformations
to those relative positions and sizes
that may lead to 
more uniformly distributed offsets
that are easier to fit.",422,634,181,188,c22620a96e3fbd97526f13ea9ccf508307d1175ea9bb8d3a5b6dfefb098a3f7f,CORPUS_EXTRACTED,EXACT_SOURCE_SUBSTRING,PRIMARY,C2,d2lce_e749bbd007351d6963f2bbd0,d2l_selected_campaign_scope_v1,PASS_CORPUS_EXTRACTED,"Exact source substring, hashes, provenance, and offsets verified.",True,True,ctx_11250deeba2dfb3a9290f422,987a1ec29340aa8846a84d2236576c2050092f839a7ad8ba534587ce43013c12,d2l_methodology_corpus_origin_audit,1.0.0
ctx_11630da8af693e077d8637e6,document,d2l_appendix_mathematics_for_deep_learning,d2l_appendix_mathematics_for_deep_learning_integral_calculus_b025,sentence_4f8d82d7991420b2d6ca0ae5,This will be the basis for our study of integration.,201,253,40,51,c22620a96e3fbd97526f13ea9ccf508307d1175ea9bb8d3a5b6dfefb098a3f7f,CORPUS_EXTRACTED,EXACT_SOURCE_SUBSTRING,PRIMARY,C3,d2lce_9372cdb5752db6ba6fa38fbd,d2l_selected_campaign_scope_v1,PASS_CORPUS_EXTRACTED,"Exact source substring, hashes, provenance, and offsets verified.",True,True,ctx_11630da8af693e077d8637e6,56d3ffcdc0b35da1b1f91cd7e1657b83236b658f9aa86a95da9fcdd45af26d9e,d2l_methodology_corpus_origin_audit,1.0.0
ctx_1181d8a3e218811366f7b56e,document,d2l_recurrent_modern,d2l_recurrent_modern_seq2seq_b057,sentence_c0b6651133bfb2c216b102f3,"```{.python .input}
#@tab pytorch
#@save
class MaskedSoftmaxCELoss(nn.CrossEntropyLoss):
    """"""The softmax cross-entropy loss with masks.""""""
    # `pred` shape: (`batch_size`, `num_steps`, `vocab_size`)
    # `label` shape: (`batch_size`, `num_steps`)
    # `valid_len` shape: (`batch_size`,)
    def forward(self, pred, label, valid_len):
        weights = torch.ones_like(label)
        weights = sequence_mask(weights, valid_len)
        self.reduction='none'
        unweighted_loss = super(MaskedSoftmaxCELoss, self).forward(
            pred.permute(0, 2, 1), label)
        weighted_loss = (unweighted_loss * weights).mean(dim=1)
        return weighted_loss
```",0,670,447,456,c22620a96e3fbd97526f13ea9ccf508307d1175ea9bb8d3a5b6dfefb098a3f7f,CORPUS_EXTRACTED,EXACT_SOURCE_SUBSTRING,PRIMARY,C3,d2lce_fa115d4c3a8140d91339df15,d2l_selected_campaign_scope_v1,PASS_CORPUS_EXTRACTED,"Exact source substring, hashes, provenance, and offsets verified.",True,True,ctx_1181d8a3e218811366f7b56e,df260f642fcdc4a67a21e2a6e674c27972ee03393d0376cead196f7106d2c0b2,d2l_methodology_corpus_origin_audit,1.0.0
ctx_11cbd62463e49bc8907aefef,document,d2l_attention_mechanisms,d2l_attention_mechanisms_nadaraya_watson_b031,sentence_b966406c02355d5229ad3ac0,"Comparing :eqref:`eq_attn-pooling` and :eqref:`eq_avg-pooling`,
the attention pooling here
is a weighted average of values $y_i$.",63,192,96,112,c22620a96e3fbd97526f13ea9ccf508307d1175ea9bb8d3a5b6dfefb098a3f7f,CORPUS_EXTRACTED,EXACT_SOURCE_SUBSTRING,BACKUP,C1,d2lce_a3e7228aef125ec437a840fa,d2l_selected_campaign_scope_v1,PASS_CORPUS_EXTRACTED,"Exact source substring, hashes, provenance, and offsets verified.",False,True,ctx_11cbd62463e49bc8907aefef,baffa80ca72a0290fb8d4ef8edb88c9afd4cc074b123874f3cc4d6de6a09633d,d2l_methodology_corpus_origin_audit,1.0.0
ctx_120834caecae7353d11a2c24,document,d2l_computational_performance,d2l_computational_performance_auto_parallelism_b012,sentence_c491c188a510655a338d4a97,`torch.cuda.synchronize()` waits for all kernels in all streams on a CUDA device to complete.,208,301,12,23,c22620a96e3fbd97526f13ea9ccf508307d1175ea9bb8d3a5b6dfefb098a3f7f,CORPUS_EXTRACTED,EXACT_SOURCE_SUBSTRING,PRIMARY,C1,d2lce_1edc567804c90f134219a8f0,d2l_selected_campaign_scope_v1,PASS_CORPUS_EXTRACTED,"Exact source substring, hashes, provenance, and offsets verified.",True,True,ctx_120834caecae7353d11a2c24,51a920eeb5e76d990fd9c68ccdbc446d06dd82564501ffe71239932a5a59e788,d2l_methodology_corpus_origin_audit,1.0.0
ctx_120ab796647cfa98fd7b49b6,document,d2l_multilayer_perceptrons,d2l_multilayer_perceptrons_weight_decay_b051,sentence_320eb5b798695e07e898bea6,"Moreover, this integration serves a computational benefit,
allowing implementation tricks to add weight decay to the algorithm,
without any additional computational overhead.",243,417,15,26,c22620a96e3fbd97526f13ea9ccf508307d1175ea9bb8d3a5b6dfefb098a3f7f,CORPUS_EXTRACTED,EXACT_SOURCE_SUBSTRING,UNSELECTED,NONE,d2lce_9372cdb5752db6ba6fa38fbd,d2l_selected_campaign_scope_v1,PASS_CORPUS_EXTRACTED,"Exact source substring, hashes, provenance, and offsets verified.",False,False,ctx_120ab796647cfa98fd7b49b6,299f75d1ea2a10719d4272b7dac1382fd75287a5bcfae05d1771e0109dfcba5c,d2l_methodology_corpus_origin_audit,1.0.0
ctx_12113aa551b0b7a0b905e6bf,document,d2l_computer_vision,d2l_computer_vision_ssd_b007,sentence_e36d96d91f6f8c0d7eeadb6a,"![As a multiscale object detection model, single-shot multibox detection mainly consists of a base network followed by several multiscale feature map blocks.](../img/ssd.svg)
:label:`fig_ssd`",0,191,166,169,c22620a96e3fbd97526f13ea9ccf508307d1175ea9bb8d3a5b6dfefb098a3f7f,CORPUS_EXTRACTED,EXACT_SOURCE_SUBSTRING,PRIMARY,C2,d2lce_c6d5679eb20ff0719dfc35b2,d2l_selected_campaign_scope_v1,PASS_CORPUS_EXTRACTED,"Exact source substring, hashes, provenance, and offsets verified.",True,True,ctx_12113aa551b0b7a0b905e6bf,5c1140f53ac3fecc5c50e7939636298e038c9331aedafded3d488247278dfeec,d2l_methodology_corpus_origin_audit,1.0.0
ctx_122d659e4bf66f4b335db6fb,document,d2l_recommender_systems,d2l_recommender_systems_seqrec_b008,sentence_0f800d52d6106c2f94eb8cb8,"The horizontal convolutional layer has $d$ horizontal filters $\mathbf{F}^j \in \mathbb{R}^{h \times k}, 1 \leq j \leq d, h = \{1, ..., L\}$, and the vertical convolutional layer has $d'$ vertical filters $\mathbf{G}^j \in \mathbb{R}^{ L \times 1}, 1 \leq j \leq d'$.",0,267,15,34,c22620a96e3fbd97526f13ea9ccf508307d1175ea9bb8d3a5b6dfefb098a3f7f,CORPUS_EXTRACTED,EXACT_SOURCE_SUBSTRING,PRIMARY,C1,d2lce_d2bfc7b3a0a02ddfd71b3526,d2l_selected_campaign_scope_v1,PASS_CORPUS_EXTRACTED,"Exact source substring, hashes, provenance, and offsets verified.",True,True,ctx_122d659e4bf66f4b335db6fb,48133d4e67d2906252d325d69df0462b38e723a60888869657f69412b1fc7739,d2l_methodology_corpus_origin_audit,1.0.0
ctx_1236c8eedefbed662cef9104,document,d2l_recurrent_modern,d2l_recurrent_modern_lstm_b005,sentence_677a13b6f66d36d6302a385a,"### Input Gate, Forget Gate, and Output Gate",0,44,33,44,c22620a96e3fbd97526f13ea9ccf508307d1175ea9bb8d3a5b6dfefb098a3f7f,CORPUS_EXTRACTED,EXACT_SOURCE_SUBSTRING,PRIMARY,C3,d2lce_c6b4477a845e2e0e0e02f088,d2l_selected_campaign_scope_v1,PASS_CORPUS_EXTRACTED,"Exact source substring, hashes, provenance, and offsets verified.",True,True,ctx_1236c8eedefbed662cef9104,fcd237b968f9fedd54c84ab72a24d8b804ca64e64789b0c6aed0a14c1f1c1438,d2l_methodology_corpus_origin_audit,1.0.0
ctx_123ccd1b9cae341c69cfb9a3,document,d2l_multilayer_perceptrons,d2l_multilayer_perceptrons_environment_b018,sentence_c764d243e5e4d117de321936,"In some degenerate cases the label shift
and covariate shift assumptions can hold simultaneously.",532,629,29,40,c22620a96e3fbd97526f13ea9ccf508307d1175ea9bb8d3a5b6dfefb098a3f7f,CORPUS_EXTRACTED,EXACT_SOURCE_SUBSTRING,BACKUP,C3,d2lce_a5537c415bcbe54cdd82a669,d2l_selected_campaign_scope_v1,PASS_CORPUS_EXTRACTED,"Exact source substring, hashes, provenance, and offsets verified.",False,True,ctx_123ccd1b9cae341c69cfb9a3,c22fd1d13c33d606d8de241a18a128700947ab2a8b5eb6a400a7d9f40511102d,d2l_methodology_corpus_origin_audit,1.0.0
ctx_123d1f12ef7f7d7f33ef5e08,document,d2l_computer_vision,d2l_computer_vision_transposed_conv_b003,sentence_b89b18f5ce1aa0bdafd4dbeb,"To achieve this, especially after 
the spatial dimensions are reduced by CNN layers,
we can use another type
of CNN layers
that can increase (upsample) the spatial dimensions
of intermediate feature maps.",0,204,39,57,c22620a96e3fbd97526f13ea9ccf508307d1175ea9bb8d3a5b6dfefb098a3f7f,CORPUS_EXTRACTED,EXACT_SOURCE_SUBSTRING,PRIMARY,C2,d2lce_5300144b7f5b4ce29dd12ec6,d2l_selected_campaign_scope_v1,PASS_CORPUS_EXTRACTED,"Exact source substring, hashes, provenance, and offsets verified.",True,True,ctx_123d1f12ef7f7d7f33ef5e08,810744e9217268fd7491f258d7a34fa09f23904acafb640fdc1c2ea0b72ff281,d2l_methodology_corpus_origin_audit,1.0.0
ctx_12689008f7e03f4832cb6a99,document,d2l_convolutional_neural_networks,d2l_convolutional_neural_networks_why_conv_b014,sentence_1ccc7f4d0be32259794eee59,"Let $[\mathbf{X}]_{i, j}$ and $[\mathbf{H}]_{i, j}$ denote the pixel
at location ($i$, $j$)
in the input image and hidden representation, respectively.",0,151,122,136,c22620a96e3fbd97526f13ea9ccf508307d1175ea9bb8d3a5b6dfefb098a3f7f,CORPUS_EXTRACTED,EXACT_SOURCE_SUBSTRING,PRIMARY,C1,d2lce_f33d434f8362f23d43285427,d2l_selected_campaign_scope_v1,PASS_CORPUS_EXTRACTED,"Exact source substring, hashes, provenance, and offsets verified.",True,True,ctx_12689008f7e03f4832cb6a99,e6836ea673efb9c462998918e7d162ec23e131450571209cee3de245059c4d92,d2l_methodology_corpus_origin_audit,1.0.0
ctx_12a769b04e422d6f6739fc5c,document,d2l_recurrent_neural_networks,d2l_recurrent_neural_networks_text_preprocessing_b002,sentence_e900511fdfffb46013ebe263,"We have reviewed and evaluated
statistical tools
and prediction challenges
for sequence data.",0,93,79,92,c22620a96e3fbd97526f13ea9ccf508307d1175ea9bb8d3a5b6dfefb098a3f7f,CORPUS_EXTRACTED,EXACT_SOURCE_SUBSTRING,BACKUP,C3,d2lce_b85d9a7a642afee03175796f,d2l_selected_campaign_scope_v1,PASS_CORPUS_EXTRACTED,"Exact source substring, hashes, provenance, and offsets verified.",False,True,ctx_12a769b04e422d6f6739fc5c,2964001ceda9ada2bb5fd6ee2599f05074bf42a377b3f5b49e4690be36983b55,d2l_methodology_corpus_origin_audit,1.0.0
ctx_12cee07dbdee67f6be90da20,document,d2l_recurrent_modern,d2l_recurrent_modern_gru_b009,sentence_5124ba81bbc32751cf3a0de2,"The outputs of two gates
are given by two fully-connected layers
with a sigmoid activation function.",215,315,80,99,c22620a96e3fbd97526f13ea9ccf508307d1175ea9bb8d3a5b6dfefb098a3f7f,CORPUS_EXTRACTED,EXACT_SOURCE_SUBSTRING,PRIMARY,C3,d2lce_e0c693366d811581abbb9e74,d2l_selected_campaign_scope_v1,PASS_CORPUS_EXTRACTED,"Exact source substring, hashes, provenance, and offsets verified.",True,True,ctx_12cee07dbdee67f6be90da20,cf1b04a1920a526b047961f8c6f9148a6af87e4deaea53f8fdf3b92d9104095b,d2l_methodology_corpus_origin_audit,1.0.0
ctx_12eba5ccda65530aa7ad9f62,document,d2l_natural_language_processing_pretraining,d2l_natural_language_processing_pretraining_approx_training_b021,sentence_489ef4820301d3293b9a9a0d,"As an alternative approximate training method,
*hierarchical softmax*
uses the binary tree,
a data structure
illustrated in :numref:`fig_hi_softmax`,
where each leaf node
of the tree represents
a word in dictionary $\mathcal{V}$.",0,229,18,38,c22620a96e3fbd97526f13ea9ccf508307d1175ea9bb8d3a5b6dfefb098a3f7f,CORPUS_EXTRACTED,EXACT_SOURCE_SUBSTRING,PRIMARY,C1,d2lce_28ab2b419f6b871a62a06060,d2l_selected_campaign_scope_v1,PASS_CORPUS_EXTRACTED,"Exact source substring, hashes, provenance, and offsets verified.",True,True,ctx_12eba5ccda65530aa7ad9f62,f1da1396d7a1451e199c470b810278dc0513875e151435edefd5e04982443a36,d2l_methodology_corpus_origin_audit,1.0.0
ctx_12f080ce042dec5729904025,document,d2l_appendix_mathematics_for_deep_learning,d2l_appendix_mathematics_for_deep_learning_geometry_linear_algebraic_ops_b172,sentence_37a583af52b40b0216c122f0,The rank of a matrix is the size of the largest subset of its columns that are linearly independent.,735,835,79,99,c22620a96e3fbd97526f13ea9ccf508307d1175ea9bb8d3a5b6dfefb098a3f7f,CORPUS_EXTRACTED,EXACT_SOURCE_SUBSTRING,PRIMARY,C2,d2lce_e246c0d41c7b8bc2c145f69a,d2l_selected_campaign_scope_v1,PASS_CORPUS_EXTRACTED,"Exact source substring, hashes, provenance, and offsets verified.",True,True,ctx_12f080ce042dec5729904025,3b935baba5d9379fb5e98dc0503c7ea22999187e3cf853ec6bad0dfc9f485f79,d2l_methodology_corpus_origin_audit,1.0.0
ctx_12f206d4c0b5b5d7a27319b1,document,d2l_computational_performance,d2l_computational_performance_multiple_gpus_b018,sentence_e5759e59394ed64fd26322a3,Note that in practice we *increase* the minibatch size $k$-fold when training on $k$ GPUs such that each GPU has the same amount of work to do as if we were training on a single GPU only.,0,187,171,181,c22620a96e3fbd97526f13ea9ccf508307d1175ea9bb8d3a5b6dfefb098a3f7f,CORPUS_EXTRACTED,EXACT_SOURCE_SUBSTRING,PRIMARY,C1,d2lce_e014da89e120449f8881dd5b,d2l_selected_campaign_scope_v1,PASS_CORPUS_EXTRACTED,"Exact source substring, hashes, provenance, and offsets verified.",True,True,ctx_12f206d4c0b5b5d7a27319b1,80fe0c2b5a99db5d3fecba1e04d1ab313e9d1b8d28c90eb4648b2d6a2af2a09b,d2l_methodology_corpus_origin_audit,1.0.0
ctx_12f79eaad5bc278a9b83706f,document,d2l_recurrent_modern,d2l_recurrent_modern_seq2seq_b047,sentence_bdf696f2cae2434c7ac74462,"For example,
if the valid length of two sequences
excluding padding tokens
are one and two, respectively,
the remaining entries after
the first one
and the first two entries are cleared to zeros.",192,387,60,74,c22620a96e3fbd97526f13ea9ccf508307d1175ea9bb8d3a5b6dfefb098a3f7f,CORPUS_EXTRACTED,EXACT_SOURCE_SUBSTRING,PRIMARY,C3,d2lce_b967af36e17c22a478eaed6d,d2l_selected_campaign_scope_v1,PASS_CORPUS_EXTRACTED,"Exact source substring, hashes, provenance, and offsets verified.",True,True,ctx_12f79eaad5bc278a9b83706f,0206157772e020c67e0aef0bbdd38b2c08e650bfb5c50f17110a306e9993dabd,d2l_methodology_corpus_origin_audit,1.0.0
ctx_13e112e8272712c2b81ca907,document,d2l_attention_mechanisms,d2l_attention_mechanisms_index_b003,sentence_351de61a68525505b67af595,"Notably, the Nadaraya-Waston kernel regression
in 1964 is a simple demonstration of machine learning with *attention mechanisms*.",327,456,36,46,c22620a96e3fbd97526f13ea9ccf508307d1175ea9bb8d3a5b6dfefb098a3f7f,CORPUS_EXTRACTED,EXACT_SOURCE_SUBSTRING,PRIMARY,C1,d2lce_3b6a75bdbf023ea1f3ed2cc8,d2l_selected_campaign_scope_v1,PASS_CORPUS_EXTRACTED,"Exact source substring, hashes, provenance, and offsets verified.",True,True,ctx_13e112e8272712c2b81ca907,991d578b8db37f3b082c9328b418b808d626e6a7d4baaeaae465334ef5ec0070,d2l_methodology_corpus_origin_audit,1.0.0
ctx_1422ef1a795655cc30790982,document,d2l_convolutional_neural_networks,d2l_convolutional_neural_networks_lenet_b002,sentence_d1ba7e57a55bba2f6ffaa9d2,"To make such data amenable to softmax regression and MLPs,
we first flattened each image from a $28\times28$ matrix
into a fixed-length $784$-dimensional vector,
and thereafter processed them with fully-connected layers.",288,508,38,48,c22620a96e3fbd97526f13ea9ccf508307d1175ea9bb8d3a5b6dfefb098a3f7f,CORPUS_EXTRACTED,EXACT_SOURCE_SUBSTRING,BACKUP,C1,d2lce_3b6a75bdbf023ea1f3ed2cc8,d2l_selected_campaign_scope_v1,PASS_CORPUS_EXTRACTED,"Exact source substring, hashes, provenance, and offsets verified.",False,True,ctx_1422ef1a795655cc30790982,af5a9df424d42b014c4ed5c85bf44c3610c7f21bd7f989bb2a89501b271fa7b2,d2l_methodology_corpus_origin_audit,1.0.0
ctx_1468868079bb9b62650af1ce,document,d2l_multilayer_perceptrons,d2l_multilayer_perceptrons_mlp_scratch_b038,sentence_88a2966993e6ca52bcc4698f,"Determine the best value of this hyperparameter, keeping all others constant.",113,190,68,76,c22620a96e3fbd97526f13ea9ccf508307d1175ea9bb8d3a5b6dfefb098a3f7f,CORPUS_EXTRACTED,EXACT_SOURCE_SUBSTRING,BACKUP,C1,d2lce_46e81052dcb25b16e429062a,d2l_selected_campaign_scope_v1,PASS_CORPUS_EXTRACTED,"Exact source substring, hashes, provenance, and offsets verified.",False,True,ctx_1468868079bb9b62650af1ce,4bb6ee9eba28d19c82c316fbd3afaf1202b02b5b3605711e2e38e729203f6e55,d2l_methodology_corpus_origin_audit,1.0.0
ctx_14774fa1cfce5a1a3478275f,document,d2l_natural_language_processing_applications,d2l_natural_language_processing_applications_natural_language_inference_attention_b019,sentence_b2be10f9ae2a3e28bdddcaa1,"$$
\boldsymbol{\beta}_i = \sum_{j=1}^{n}\frac{\exp(e_{ij})}{ \sum_{k=1}^{n} \exp(e_{ik})} \mathbf{b}_j.",0,103,16,20,c22620a96e3fbd97526f13ea9ccf508307d1175ea9bb8d3a5b6dfefb098a3f7f,CORPUS_EXTRACTED,EXACT_SOURCE_SUBSTRING,BACKUP,C1,d2lce_20a7e6887718c68fb6b88a05,d2l_selected_campaign_scope_v1,PASS_CORPUS_EXTRACTED,"Exact source substring, hashes, provenance, and offsets verified.",False,True,ctx_14774fa1cfce5a1a3478275f,4e45f7e73d0a7e7d4c3051f9c2d476527f8062f4bc51e68678cf93d167e7c2d7,d2l_methodology_corpus_origin_audit,1.0.0
ctx_14cc1dcbd3a77f9fc840d257,document,d2l_appendix_mathematics_for_deep_learning,d2l_appendix_mathematics_for_deep_learning_geometry_linear_algebraic_ops_b173,sentence_0534decb371b7c4c7aef2fba,Which of the following sets of vectors are linearly independent?,498,562,43,63,c22620a96e3fbd97526f13ea9ccf508307d1175ea9bb8d3a5b6dfefb098a3f7f,CORPUS_EXTRACTED,EXACT_SOURCE_SUBSTRING,PRIMARY,C2,d2lce_e246c0d41c7b8bc2c145f69a,d2l_selected_campaign_scope_v1,PASS_CORPUS_EXTRACTED,"Exact source substring, hashes, provenance, and offsets verified.",True,True,ctx_14cc1dcbd3a77f9fc840d257,5a2b2dced73e14aaf6e4196e5ed8c328180ab454461eaa55f0dd02c8dc32ca9f,d2l_methodology_corpus_origin_audit,1.0.0
ctx_14e7d3c859708f8f0ea7212c,document,d2l_optimization,d2l_optimization_optimization_intro_b023,sentence_bf2bb6bff4259fb17406c9f3,"Besides local minima, saddle points are another reason for gradients to vanish.",0,79,14,20,c22620a96e3fbd97526f13ea9ccf508307d1175ea9bb8d3a5b6dfefb098a3f7f,CORPUS_EXTRACTED,EXACT_SOURCE_SUBSTRING,BACKUP,C1,d2lce_455f2de181035ca8388c30b0,d2l_selected_campaign_scope_v1,PASS_CORPUS_EXTRACTED,"Exact source substring, hashes, provenance, and offsets verified.",False,True,ctx_14e7d3c859708f8f0ea7212c,18876cae750af16465a3b9a6b0144de2cfbf3549078838825aa5cca9fa8d9980,d2l_methodology_corpus_origin_audit,1.0.0
ctx_14f76eec1290dbfe141ac161,document,d2l_computational_performance,d2l_computational_performance_multiple_gpus_concise_b006,sentence_b516e0a42690610a51f17a7a,"Moreover, we remove the maximum pooling layer.",391,437,24,45,c22620a96e3fbd97526f13ea9ccf508307d1175ea9bb8d3a5b6dfefb098a3f7f,CORPUS_EXTRACTED,EXACT_SOURCE_SUBSTRING,BACKUP,C2,d2lce_c343a692fe9bdfdabefe7687,d2l_selected_campaign_scope_v1,PASS_CORPUS_EXTRACTED,"Exact source substring, hashes, provenance, and offsets verified.",False,True,ctx_14f76eec1290dbfe141ac161,75336b36858d2df847336d2c4e3cbdb2c802e997eb740c4fdbfda585147b9245,d2l_methodology_corpus_origin_audit,1.0.0
ctx_162d9dc7044c91d56d63078a,document,d2l_appendix_mathematics_for_deep_learning,d2l_appendix_mathematics_for_deep_learning_geometry_linear_algebraic_ops_b094,sentence_a90291309511541cd8ca7c95,"In particular, the rank of a matrix $\mathbf{A}$
is the largest number of linearly independent columns
amongst all subsets of columns.",343,477,74,94,c22620a96e3fbd97526f13ea9ccf508307d1175ea9bb8d3a5b6dfefb098a3f7f,CORPUS_EXTRACTED,EXACT_SOURCE_SUBSTRING,PRIMARY,C2,d2lce_e246c0d41c7b8bc2c145f69a,d2l_selected_campaign_scope_v1,PASS_CORPUS_EXTRACTED,"Exact source substring, hashes, provenance, and offsets verified.",True,True,ctx_162d9dc7044c91d56d63078a,1446050802ffa24973bfeed1caf2752e835c484cc86392bc5062f71716116175,d2l_methodology_corpus_origin_audit,1.0.0
ctx_1641e82199eae62cda1187c0,document,d2l_linear_networks,d2l_linear_networks_linear_regression_b005,sentence_d196baebd0dbfb6db6302043,"Second, we assume that any noise is well-behaved
(following a Gaussian distribution).",451,536,71,83,c22620a96e3fbd97526f13ea9ccf508307d1175ea9bb8d3a5b6dfefb098a3f7f,CORPUS_EXTRACTED,EXACT_SOURCE_SUBSTRING,PRIMARY,C3,d2lce_c47822c187c02e12aa499ec6,d2l_selected_campaign_scope_v1,PASS_CORPUS_EXTRACTED,"Exact source substring, hashes, provenance, and offsets verified.",True,True,ctx_1641e82199eae62cda1187c0,0e91d30b254ebc6dfe05c0b409e9e407375a59704b14a66673c8d5da61d4d5a4,d2l_methodology_corpus_origin_audit,1.0.0
ctx_16722c9212846d6101148dbf,document,d2l_convolutional_modern,d2l_convolutional_modern_alexnet_b028,sentence_fd5806384fa95775fd14b968,"AlexNet consists of eight layers: five convolutional layers,
two fully-connected hidden layers, and one fully-connected output layer.",174,307,81,94,c22620a96e3fbd97526f13ea9ccf508307d1175ea9bb8d3a5b6dfefb098a3f7f,CORPUS_EXTRACTED,EXACT_SOURCE_SUBSTRING,BACKUP,C2,d2lce_401e038a0835f7c5733a9857,d2l_selected_campaign_scope_v1,PASS_CORPUS_EXTRACTED,"Exact source substring, hashes, provenance, and offsets verified.",False,True,ctx_16722c9212846d6101148dbf,264e115a56e80b2deee02792e0c67d11705e6ec57fe451e7a872b39fb688ae04,d2l_methodology_corpus_origin_audit,1.0.0
ctx_167b091ef55430ca8f9a74c1,document,d2l_convolutional_modern,d2l_convolutional_modern_index_b002,sentence_a978b66d5bf8d1de16bd319c,"Now that we understand the basics of wiring together CNNs, 
we will take you through a tour of modern CNN architectures.",0,120,102,105,c22620a96e3fbd97526f13ea9ccf508307d1175ea9bb8d3a5b6dfefb098a3f7f,CORPUS_EXTRACTED,EXACT_SOURCE_SUBSTRING,PRIMARY,C1,d2lce_eba859df6c63311dce4a5eb7,d2l_selected_campaign_scope_v1,PASS_CORPUS_EXTRACTED,"Exact source substring, hashes, provenance, and offsets verified.",True,True,ctx_167b091ef55430ca8f9a74c1,1c9053edc38272f8256fe7a47d6cca4cbfbbec56f110f1d2a5fc910cd2947690,d2l_methodology_corpus_origin_audit,1.0.0
ctx_172790809649156a7e055295,document,d2l_convolutional_neural_networks,d2l_convolutional_neural_networks_index_b003,sentence_094bd24b88bc0d365f04b3ec,"CNN-based architectures are now ubiquitous
in the field of computer vision, 
and have become so dominant
that hardly anyone today would develop
a commercial application or enter a competition
related to image recognition, object detection,
or semantic segmentation,
without building off of this approach.",147,451,243,264,c22620a96e3fbd97526f13ea9ccf508307d1175ea9bb8d3a5b6dfefb098a3f7f,CORPUS_EXTRACTED,EXACT_SOURCE_SUBSTRING,PRIMARY,C2,d2lce_2e41378b04489016bfe5707a,d2l_selected_campaign_scope_v1,PASS_CORPUS_EXTRACTED,"Exact source substring, hashes, provenance, and offsets verified.",True,True,ctx_172790809649156a7e055295,7e4c576efae5d528c01d6b016a34151b92363bbec2d8cb10a8417e0e8fd91fcb,d2l_methodology_corpus_origin_audit,1.0.0
ctx_1771d4213211e7f2f5001fa2,document,d2l_computer_vision,d2l_computer_vision_anchor_b011,sentence_73d57d65bb0f45fafc9696f7,"We specify the input image, a list of scales, and a list of aspect ratios, then this function will return all the anchor boxes.",103,230,60,73,c22620a96e3fbd97526f13ea9ccf508307d1175ea9bb8d3a5b6dfefb098a3f7f,CORPUS_EXTRACTED,EXACT_SOURCE_SUBSTRING,PRIMARY,C1,d2lce_ddf8557de1cd5ff23b86e10e,d2l_selected_campaign_scope_v1,PASS_CORPUS_EXTRACTED,"Exact source substring, hashes, provenance, and offsets verified.",True,True,ctx_1771d4213211e7f2f5001fa2,0cbfbaeb24de9b4885959096a44d9a7325c09ec6325a6fee753a4012b9fd5aa3,d2l_methodology_corpus_origin_audit,1.0.0
ctx_178ff737d193d16c637c5384,document,d2l_linear_networks,d2l_linear_networks_linear_regression_scratch_b011,sentence_ee6eca88556022c90d1a7dc2,"```{.python .input}
#@tab mxnet, pytorch
def synthetic_data(w, b, num_examples):  #@save
    """"""Generate y = Xw + b + noise.""""""
    X = d2l.normal(0, 1, (num_examples, len(w)))
    y = d2l.matmul(X, w) + b
    y += d2l.normal(0, 0.01, y.shape)
    return X, d2l.reshape(y, (-1, 1))
```",0,285,237,242,c22620a96e3fbd97526f13ea9ccf508307d1175ea9bb8d3a5b6dfefb098a3f7f,CORPUS_EXTRACTED,EXACT_SOURCE_SUBSTRING,PRIMARY,C3,d2lce_7d91b65d1e0031ab994be237,d2l_selected_campaign_scope_v1,PASS_CORPUS_EXTRACTED,"Exact source substring, hashes, provenance, and offsets verified.",True,True,ctx_178ff737d193d16c637c5384,af4a9f5c9aec9cb19d7e0a25cfeb921f7af92865788dd68d37ad40e8e35fb653,d2l_methodology_corpus_origin_audit,1.0.0
ctx_187de8cd1e12dd890c442ade,document,d2l_attention_mechanisms,d2l_attention_mechanisms_attention_cues_b028,sentence_0e72c50e800305be82fdf302,* Attention mechanisms are different from fully-connected layers or pooling layers due to inclusion of the volitional cues.,219,342,107,122,c22620a96e3fbd97526f13ea9ccf508307d1175ea9bb8d3a5b6dfefb098a3f7f,CORPUS_EXTRACTED,EXACT_SOURCE_SUBSTRING,BACKUP,C1,d2lce_ad03ff147d19eb2ea47d5b0e,d2l_selected_campaign_scope_v1,PASS_CORPUS_EXTRACTED,"Exact source substring, hashes, provenance, and offsets verified.",False,True,ctx_187de8cd1e12dd890c442ade,bd61157cfa76db2a4bb2bb4c380c968e22119da458d10e795bcb81f370186c3c,d2l_methodology_corpus_origin_audit,1.0.0
ctx_18a1f84a72b1bf14d4d2b112,document,d2l_computational_performance,d2l_computational_performance_async_computation_b007,sentence_f83b71c7b8b883fe32818762,":begin_tab:`mxnet`
For a warmup consider the following toy problem: we want to generate a random matrix and multiply it.",0,120,25,31,c22620a96e3fbd97526f13ea9ccf508307d1175ea9bb8d3a5b6dfefb098a3f7f,CORPUS_EXTRACTED,EXACT_SOURCE_SUBSTRING,UNSELECTED,NONE,d2lce_6f3afd43e74e8d70778dc0c8,d2l_selected_campaign_scope_v1,PASS_CORPUS_EXTRACTED,"Exact source substring, hashes, provenance, and offsets verified.",False,False,ctx_18a1f84a72b1bf14d4d2b112,e4a0f28c8c852b790f2b76b4cb878d2bddf333303f3aafd5394db6b376b3f80a,d2l_methodology_corpus_origin_audit,1.0.0
ctx_18b4f72effde16746e8f5bd5,document,d2l_computer_vision,d2l_computer_vision_rcnn_b015,sentence_801eb36ee962c6b4397a874c,"Therefore, the region of interest pooling layer can extract features of the same shape 
even when regions of interest have different shapes.",451,591,15,47,c22620a96e3fbd97526f13ea9ccf508307d1175ea9bb8d3a5b6dfefb098a3f7f,CORPUS_EXTRACTED,EXACT_SOURCE_SUBSTRING,PRIMARY,C2,d2lce_88251c1ff8b5d3756955ca7b,d2l_selected_campaign_scope_v1,PASS_CORPUS_EXTRACTED,"Exact source substring, hashes, provenance, and offsets verified.",True,True,ctx_18b4f72effde16746e8f5bd5,4b011004d6236bb9adf87639665c8c3a66a1ec7baf759a15dce3c2e8d07a2ab1,d2l_methodology_corpus_origin_audit,1.0.0
ctx_18f207162816691afd0ac11d,document,d2l_introduction,d2l_introduction_index_b069,sentence_a555018c61a684de6955366a,"Auto-tagging problems are typically best described
as multi-label classification problems.",115,205,66,89,c22620a96e3fbd97526f13ea9ccf508307d1175ea9bb8d3a5b6dfefb098a3f7f,CORPUS_EXTRACTED,EXACT_SOURCE_SUBSTRING,PRIMARY,C1,d2lce_7070b47672fcb2311c0527b6,d2l_selected_campaign_scope_v1,PASS_CORPUS_EXTRACTED,"Exact source substring, hashes, provenance, and offsets verified.",True,True,ctx_18f207162816691afd0ac11d,96ef6fbc5626ea5e54cbd9f46b1fbc08f5ee830881ec33028b045b1e5c340952,d2l_methodology_corpus_origin_audit,1.0.0
ctx_18f5c52c0937b1589d8a6782,document,d2l_deep_learning_computation,d2l_deep_learning_computation_model_construction_b007,sentence_783e0e05cb7ea9dc5d5706bc,"Any subclass of it must define a forward propagation function
that transforms its input into output
and must store any necessary parameters.",67,207,33,40,c22620a96e3fbd97526f13ea9ccf508307d1175ea9bb8d3a5b6dfefb098a3f7f,CORPUS_EXTRACTED,EXACT_SOURCE_SUBSTRING,PRIMARY,C2,d2lce_fbe9efe0d390976cb31e5af7,d2l_selected_campaign_scope_v1,PASS_CORPUS_EXTRACTED,"Exact source substring, hashes, provenance, and offsets verified.",True,True,ctx_18f5c52c0937b1589d8a6782,bf52f9447696b8d8cf2f1c0606b8b34aa48226105850fb85cfb536d9a49b1714,d2l_methodology_corpus_origin_audit,1.0.0
ctx_190c6414d9d03e42a057ce97,document,d2l_computational_performance,d2l_computational_performance_multiple_gpus_b053,sentence_5e42dc8bc7b2b1b485ccdcd7,"Unfortunately there is no meaningful speedup to be gained here: the model is simply too small; moreover we only have a small dataset, where our slightly unsophisticated approach to implementing multi-GPU training suffered from significant Python overhead.",257,512,194,212,c22620a96e3fbd97526f13ea9ccf508307d1175ea9bb8d3a5b6dfefb098a3f7f,CORPUS_EXTRACTED,EXACT_SOURCE_SUBSTRING,BACKUP,C4,d2lce_6898a7f7f35ca368f75fda48,d2l_selected_campaign_scope_v1,PASS_CORPUS_EXTRACTED,"Exact source substring, hashes, provenance, and offsets verified.",False,True,ctx_190c6414d9d03e42a057ce97,3b76fe498a128e9c85d34cb1c47142aa22c950d886cff2905aa01eef31e28d29,d2l_methodology_corpus_origin_audit,1.0.0
ctx_19e916efd49f7b3c9be7b919,document,d2l_convolutional_modern,d2l_convolutional_modern_densenet_b009,sentence_b50dfd5e7579a87bf8972a3d,"](../img/densenet-block.svg)
:label:`fig_densenet_block`",135,191,9,17,c22620a96e3fbd97526f13ea9ccf508307d1175ea9bb8d3a5b6dfefb098a3f7f,CORPUS_EXTRACTED,EXACT_SOURCE_SUBSTRING,PRIMARY,C4,d2lce_20dc13bc32661f00e7c68b89,d2l_selected_campaign_scope_v1,PASS_CORPUS_EXTRACTED,"Exact source substring, hashes, provenance, and offsets verified.",True,True,ctx_19e916efd49f7b3c9be7b919,b0be70fc23144f4af7be1a47fd086793613b581a94363b6ff4b6945c0577d008,d2l_methodology_corpus_origin_audit,1.0.0
ctx_19f05cc4fb14916ea6c8830b,document,d2l_computer_vision,d2l_computer_vision_multiscale_object_detection_b021,sentence_2fd6bf708d4482ca2eee62e3,"At the current scale, the object detection model needs to predict the classes and offsets of $hw$ sets of anchor boxes on the input image, where different sets have different centers.",582,765,26,48,c22620a96e3fbd97526f13ea9ccf508307d1175ea9bb8d3a5b6dfefb098a3f7f,CORPUS_EXTRACTED,EXACT_SOURCE_SUBSTRING,BACKUP,C2,d2lce_1cc990a2aa4f03a55ea8c851,d2l_selected_campaign_scope_v1,PASS_CORPUS_EXTRACTED,"Exact source substring, hashes, provenance, and offsets verified.",False,True,ctx_19f05cc4fb14916ea6c8830b,94540abb35d9d6596da326431ef6a187f911b7f3f6f6af909a8e521f39515040,d2l_methodology_corpus_origin_audit,1.0.0
ctx_19f6562b721592fe470608b6,document,d2l_natural_language_processing_applications,d2l_natural_language_processing_applications_natural_language_inference_attention_b011,sentence_53dc1acd884d8c7cec8e339e,"Note that such alignment is *soft* using weighted average,
where ideally large weights are associated with the tokens to be aligned.",491,623,41,57,c22620a96e3fbd97526f13ea9ccf508307d1175ea9bb8d3a5b6dfefb098a3f7f,CORPUS_EXTRACTED,EXACT_SOURCE_SUBSTRING,BACKUP,C1,d2lce_a3e7228aef125ec437a840fa,d2l_selected_campaign_scope_v1,PASS_CORPUS_EXTRACTED,"Exact source substring, hashes, provenance, and offsets verified.",False,True,ctx_19f6562b721592fe470608b6,6e78f69bc45da742f722c03cc1cf433d8f6866ac2e725e36e4e957794b23d351,d2l_methodology_corpus_origin_audit,1.0.0
ctx_1a28cd982468e0724021f121,document,d2l_recurrent_neural_networks,d2l_recurrent_neural_networks_language_models_and_dataset_b043,sentence_27fff93f1bf3631293f89de6,"Since sequence data are by their very nature sequential, we need to address
the issue of processing it.",0,103,68,75,c22620a96e3fbd97526f13ea9ccf508307d1175ea9bb8d3a5b6dfefb098a3f7f,CORPUS_EXTRACTED,EXACT_SOURCE_SUBSTRING,PRIMARY,C1,d2lce_89406dadb8c277a1b688698c,d2l_selected_campaign_scope_v1,PASS_CORPUS_EXTRACTED,"Exact source substring, hashes, provenance, and offsets verified.",True,True,ctx_1a28cd982468e0724021f121,c03dcfad11fed92f5b1fdc8cabc62b2a3f3ca3eaa4e189dc17a3a22dc5f74869,d2l_methodology_corpus_origin_audit,1.0.0
ctx_1a29813f7324a6438bb8baa2,document,d2l_appendix_mathematics_for_deep_learning,d2l_appendix_mathematics_for_deep_learning_statistics_b031,sentence_7b057c14e695d7a06e8f3839,"$$
\begin{aligned}
\mathrm{MSE} (\hat{\theta}_n, \theta) &= E[(\hat{\theta}_n - \theta)^2] \\
 &= E[(\hat{\theta}_n)^2] + E[\theta^2] - 2E[\hat{\theta}_n\theta] \\
 &= \mathrm{Var} [\hat{\theta}_n] + E[\hat{\theta}_n]^2 + \mathrm{Var} [\theta] + E[\theta]^2 - 2E[\hat{\theta}_n]E[\theta] \\
 &= (E[\hat{\theta}_n] - E[\theta])^2 + \mathrm{Var} [\hat{\theta}_n] + \mathrm{Var} [\theta] \\
 &= (E[\hat{\theta}_n - \theta])^2 + \mathrm{Var} [\hat{\theta}_n] + \mathrm{Var} [\theta] \\
 &= (\mathrm{bias} [\hat{\theta}_n])^2 + \mathrm{Var} (\hat{\theta}_n) + \mathrm{Var} [\theta].\\
\end{aligned}
$$",0,596,27,30,c22620a96e3fbd97526f13ea9ccf508307d1175ea9bb8d3a5b6dfefb098a3f7f,CORPUS_EXTRACTED,EXACT_SOURCE_SUBSTRING,PRIMARY,C1,d2lce_ceb82e896665f8c0cd942ed6,d2l_selected_campaign_scope_v1,PASS_CORPUS_EXTRACTED,"Exact source substring, hashes, provenance, and offsets verified.",True,True,ctx_1a29813f7324a6438bb8baa2,853014fde6deb6f14ca8cad07bdfbba8e9f3f1154b546bc60c251c0663bb3969,d2l_methodology_corpus_origin_audit,1.0.0
ctx_1a32b3cdb3a737c06828ee2f,document,d2l_recurrent_neural_networks,d2l_recurrent_neural_networks_language_models_and_dataset_b053,sentence_2a49e29de03212030c2bd629,### Sequential Partitioning,0,27,4,27,c22620a96e3fbd97526f13ea9ccf508307d1175ea9bb8d3a5b6dfefb098a3f7f,CORPUS_EXTRACTED,EXACT_SOURCE_SUBSTRING,PRIMARY,C1,d2lce_e8992d8478a28e673fe551dc,d2l_selected_campaign_scope_v1,PASS_CORPUS_EXTRACTED,"Exact source substring, hashes, provenance, and offsets verified.",True,True,ctx_1a32b3cdb3a737c06828ee2f,ee1ebc25b48ba19c32e55aa90827034bd1bc35303167e98e89503a565cabe7ca,d2l_methodology_corpus_origin_audit,1.0.0
ctx_1ad01f8bfdd4e76617b7a827,document,d2l_computer_vision,d2l_computer_vision_rcnn_b017,sentence_d51e1f92bf2a183ba28f5ba3,"![A $2\times 2$ region of interest pooling layer.](../img/roi.svg)
:label:`fig_roi`",0,83,16,48,c22620a96e3fbd97526f13ea9ccf508307d1175ea9bb8d3a5b6dfefb098a3f7f,CORPUS_EXTRACTED,EXACT_SOURCE_SUBSTRING,PRIMARY,C2,d2lce_88251c1ff8b5d3756955ca7b,d2l_selected_campaign_scope_v1,PASS_CORPUS_EXTRACTED,"Exact source substring, hashes, provenance, and offsets verified.",True,True,ctx_1ad01f8bfdd4e76617b7a827,393f9a7c9578a41afda861e19a50df1273413aef8f3209206b48eaf5d682966e,d2l_methodology_corpus_origin_audit,1.0.0
ctx_1bc308a263836f4fc041f231,document,d2l_deep_learning_computation,d2l_deep_learning_computation_index_b003,sentence_d2212eb9f9ae14979349b33d,"In this chapter, we will peel back the curtain,
digging deeper into the key components of deep learning computation,
namely model construction, parameter access and initialization,
designing custom layers and blocks, reading and writing models to disk,
and leveraging GPUs to achieve dramatic speedups.",407,709,165,179,c22620a96e3fbd97526f13ea9ccf508307d1175ea9bb8d3a5b6dfefb098a3f7f,CORPUS_EXTRACTED,EXACT_SOURCE_SUBSTRING,PRIMARY,C1,d2lce_8373decbb6e405f0386ec8a0,d2l_selected_campaign_scope_v1,PASS_CORPUS_EXTRACTED,"Exact source substring, hashes, provenance, and offsets verified.",True,True,ctx_1bc308a263836f4fc041f231,3dbecda3ee8edc616fc929aa78a07adf2d90a0fe9ebe542dd7a86ebb7e80024f,d2l_methodology_corpus_origin_audit,1.0.0
ctx_1be847f50e09bfac7f900b8d,document,d2l_appendix_mathematics_for_deep_learning,d2l_appendix_mathematics_for_deep_learning_integral_calculus_b042,sentence_ce4c4745753971fdc8e50c1e,This is a fact-of-life in the theory of integration.,298,350,40,51,c22620a96e3fbd97526f13ea9ccf508307d1175ea9bb8d3a5b6dfefb098a3f7f,CORPUS_EXTRACTED,EXACT_SOURCE_SUBSTRING,BACKUP,C3,d2lce_9372cdb5752db6ba6fa38fbd,d2l_selected_campaign_scope_v1,PASS_CORPUS_EXTRACTED,"Exact source substring, hashes, provenance, and offsets verified.",False,True,ctx_1be847f50e09bfac7f900b8d,ef1045224aac8810d976951e7dd3efe946e84f7f48d24e3a26aa8d2a207c0b34,d2l_methodology_corpus_origin_audit,1.0.0
ctx_1c119086288473d0d261b1ba,document,d2l_recommender_systems,d2l_recommender_systems_fm_b002,sentence_2ede2c28e59c66ffc9a63465,"Particularly, it is a generalization of the linear regression model and the matrix factorization model.",288,391,44,61,c22620a96e3fbd97526f13ea9ccf508307d1175ea9bb8d3a5b6dfefb098a3f7f,CORPUS_EXTRACTED,EXACT_SOURCE_SUBSTRING,PRIMARY,C3,d2lce_d8d3db5e12791f4de99286be,d2l_selected_campaign_scope_v1,PASS_CORPUS_EXTRACTED,"Exact source substring, hashes, provenance, and offsets verified.",True,True,ctx_1c119086288473d0d261b1ba,e4fb40b62e8aad692a5ee0061cc7891857d72a6581ab356d94f63e6a5c029d91,d2l_methodology_corpus_origin_audit,1.0.0
ctx_1c286a6e0465f52ed228797c,document,d2l_convolutional_modern,d2l_convolutional_modern_alexnet_b036,sentence_fc0c69fce2cebcd78ef0e85d,"```{.python .input}
from d2l import mxnet as d2l
from mxnet import np, npx
from mxnet.gluon import nn
npx.set_np()

net = nn.Sequential()
# Here, we use a larger 11 x 11 window to capture objects.",0,196,125,135,c22620a96e3fbd97526f13ea9ccf508307d1175ea9bb8d3a5b6dfefb098a3f7f,CORPUS_EXTRACTED,EXACT_SOURCE_SUBSTRING,PRIMARY,C4,d2lce_40a50503f2fdc79aa0a549fc,d2l_selected_campaign_scope_v1,PASS_CORPUS_EXTRACTED,"Exact source substring, hashes, provenance, and offsets verified.",True,True,ctx_1c286a6e0465f52ed228797c,b2b914dbabb0de7bdecb12ca89fa1b33d1d17aab03947c31632c025d967e0ba3,d2l_methodology_corpus_origin_audit,1.0.0
ctx_1c4e159780d719c00ce3022e,document,d2l_convolutional_neural_networks,d2l_convolutional_neural_networks_index_b005,sentence_27f3e0ec9d14cbd6108f4db0,"These include the convolutional layers themselves,
nitty-gritty details including padding and stride,
the pooling layers used to aggregate information
across adjacent spatial regions,
the use of multiple channels  at each layer,
and a careful discussion of the structure of modern architectures.",107,402,18,38,c22620a96e3fbd97526f13ea9ccf508307d1175ea9bb8d3a5b6dfefb098a3f7f,CORPUS_EXTRACTED,EXACT_SOURCE_SUBSTRING,BACKUP,C2,d2lce_d2bfc7b3a0a02ddfd71b3526,d2l_selected_campaign_scope_v1,PASS_CORPUS_EXTRACTED,"Exact source substring, hashes, provenance, and offsets verified.",False,True,ctx_1c4e159780d719c00ce3022e,ef52e2dee1a7a08bb403e276e9cc454a3fabb54976bb8d57b0d7a54eb1be204b,d2l_methodology_corpus_origin_audit,1.0.0
ctx_1c92074d454d9307635f4319,document,d2l_multilayer_perceptrons,d2l_multilayer_perceptrons_mlp_concise_b007,sentence_be8a28ca7bd0d240d9061bb0,"The first is [**our hidden layer**],
which (**contains 256 hidden units
and applies the ReLU activation function**).",208,324,88,103,c22620a96e3fbd97526f13ea9ccf508307d1175ea9bb8d3a5b6dfefb098a3f7f,CORPUS_EXTRACTED,EXACT_SOURCE_SUBSTRING,PRIMARY,C1,d2lce_42900db05a19228ce33eafe0,d2l_selected_campaign_scope_v1,PASS_CORPUS_EXTRACTED,"Exact source substring, hashes, provenance, and offsets verified.",True,True,ctx_1c92074d454d9307635f4319,c656096ef0104ceb5e3f7c9c021a293092f2f61502a7acf8aa720c3f463dbb86,d2l_methodology_corpus_origin_audit,1.0.0
ctx_1caf4d22bfae71a85895f2f0,document,d2l_natural_language_processing_pretraining,d2l_natural_language_processing_pretraining_bert_b024,sentence_7dbb1e8a020678e3bef87b5c,"Different from `TransformerEncoder`, `BERTEncoder` uses
segment embeddings and learnable positional embeddings.",124,235,89,110,c22620a96e3fbd97526f13ea9ccf508307d1175ea9bb8d3a5b6dfefb098a3f7f,CORPUS_EXTRACTED,EXACT_SOURCE_SUBSTRING,BACKUP,C2,d2lce_d96258f97579b9b414c21815,d2l_selected_campaign_scope_v1,PASS_CORPUS_EXTRACTED,"Exact source substring, hashes, provenance, and offsets verified.",False,True,ctx_1caf4d22bfae71a85895f2f0,9bb6be0f54d80f6bade9b521f477c78554cc8696e2d0f8f8369f00c9623a81ac,d2l_methodology_corpus_origin_audit,1.0.0
ctx_1ce3513d343c75746b293253,document,d2l_attention_mechanisms,d2l_attention_mechanisms_bahdanau_attention_b010,sentence_a07119e794e70ff936d9a4d0,"![Layers in an RNN encoder-decoder model with Bahdanau attention.](../img/seq2seq-attention-details.svg)
:label:`fig_s2s_attention_details`",0,139,15,34,c22620a96e3fbd97526f13ea9ccf508307d1175ea9bb8d3a5b6dfefb098a3f7f,CORPUS_EXTRACTED,EXACT_SOURCE_SUBSTRING,BACKUP,C2,d2lce_43488a3e1f15598ac9b1b6bc,d2l_selected_campaign_scope_v1,PASS_CORPUS_EXTRACTED,"Exact source substring, hashes, provenance, and offsets verified.",False,True,ctx_1ce3513d343c75746b293253,e853a3e5f41a06b9b85510cffb448d9a752fb01844c310a7c90d14b06bb955dc,d2l_methodology_corpus_origin_audit,1.0.0
ctx_1cf2f1e5cdb9e7af829c8002,document,d2l_attention_mechanisms,d2l_attention_mechanisms_self_attention_and_positional_encoding_b016,sentence_559ab54885b56d83e53b1061,"Note that sequential operations prevent parallel computation,
while a shorter path between
any combination of sequence positions
makes it easier to learn long-range dependencies within the sequence :cite:`Hochreiter.Bengio.Frasconi.ea.2001`.",341,582,119,128,c22620a96e3fbd97526f13ea9ccf508307d1175ea9bb8d3a5b6dfefb098a3f7f,CORPUS_EXTRACTED,EXACT_SOURCE_SUBSTRING,PRIMARY,C1,d2lce_06b54fbb7406aced0daac405,d2l_selected_campaign_scope_v1,PASS_CORPUS_EXTRACTED,"Exact source substring, hashes, provenance, and offsets verified.",True,True,ctx_1cf2f1e5cdb9e7af829c8002,3db4aea9c00574b4e55bce4d1ca2bcefa3e65ff294fd0d40df53fc284c374a98,d2l_methodology_corpus_origin_audit,1.0.0
ctx_1d2e9339e55b93263b732ad7,document,d2l_natural_language_processing_pretraining,d2l_natural_language_processing_pretraining_similarity_analogy_b024,sentence_8efab212b0bed0b22d089b56,"The vocabulary of the pretrained word vectors
in `glove_6b50d` contains 400000 words and a special unknown token.",0,113,99,112,c22620a96e3fbd97526f13ea9ccf508307d1175ea9bb8d3a5b6dfefb098a3f7f,CORPUS_EXTRACTED,EXACT_SOURCE_SUBSTRING,PRIMARY,C2,d2lce_9e5c3dd254843c7ec95d4960,d2l_selected_campaign_scope_v1,PASS_CORPUS_EXTRACTED,"Exact source substring, hashes, provenance, and offsets verified.",True,True,ctx_1d2e9339e55b93263b732ad7,5a88f6d54c9bd122cdcf123fb8b6fd67d08aa8dd9c2dc853acb40d2f82bcc8b0,d2l_methodology_corpus_origin_audit,1.0.0
ctx_1d8dbe9ec3f0a06ece3a6924,document,d2l_appendix_tools_for_deep_learning,d2l_appendix_tools_for_deep_learning_selecting_servers_gpus_b005,sentence_312386db1bf0c760a3b44d78,"If you mount multiple GPUs, be sure to carefully read the motherboard description to ensure that 16x bandwidth is still available when multiple GPUs are used at the same time and that you are getting PCIe 3.0 as opposed to PCIe 2.0 for the additional slots.",974,1231,200,204,c22620a96e3fbd97526f13ea9ccf508307d1175ea9bb8d3a5b6dfefb098a3f7f,CORPUS_EXTRACTED,EXACT_SOURCE_SUBSTRING,PRIMARY,C2,d2lce_35df896f9860f8aac814ce37,d2l_selected_campaign_scope_v1,PASS_CORPUS_EXTRACTED,"Exact source substring, hashes, provenance, and offsets verified.",True,True,ctx_1d8dbe9ec3f0a06ece3a6924,2aa86561f97220f01d72652f86da26a1fba2b7c32db519885e8cfd249adab8a5,d2l_methodology_corpus_origin_audit,1.0.0
ctx_1db659b4a818a285e5f8298b,document,d2l_appendix_mathematics_for_deep_learning,d2l_appendix_mathematics_for_deep_learning_statistics_b004,sentence_12afbfe4d2066b85227e4ecd,"The sample is drawn from a *population*, denotes the total set of similar individuals, items, or events of our experiment interests.",234,366,28,38,c22620a96e3fbd97526f13ea9ccf508307d1175ea9bb8d3a5b6dfefb098a3f7f,CORPUS_EXTRACTED,EXACT_SOURCE_SUBSTRING,PRIMARY,C1,d2lce_b0fd0234a2a3049734e8011c,d2l_selected_campaign_scope_v1,PASS_CORPUS_EXTRACTED,"Exact source substring, hashes, provenance, and offsets verified.",True,True,ctx_1db659b4a818a285e5f8298b,d2e35693a050445c0976a6152befbe87fe0506a671fbac0b5641780cd2dbcfcf,d2l_methodology_corpus_origin_audit,1.0.0
ctx_1dca2fe578193f22e1672147,document,d2l_convolutional_neural_networks,d2l_convolutional_neural_networks_why_conv_b007,sentence_04b74e260ccb239c3a10f6f4,"We could sweep the image with a Waldo detector
that could assign a score to each patch,
indicating the likelihood that the patch contains Waldo.",896,1040,103,113,c22620a96e3fbd97526f13ea9ccf508307d1175ea9bb8d3a5b6dfefb098a3f7f,CORPUS_EXTRACTED,EXACT_SOURCE_SUBSTRING,BACKUP,C2,d2lce_a1d9f9c783c09cc52dedbe55,d2l_selected_campaign_scope_v1,PASS_CORPUS_EXTRACTED,"Exact source substring, hashes, provenance, and offsets verified.",False,True,ctx_1dca2fe578193f22e1672147,e13fff424dbcb5c9653ca8eae9c4cade66f16486e33277e5be53d31ca7ad8c85,d2l_methodology_corpus_origin_audit,1.0.0
ctx_1e4dd1bfa6ccb1046784076e,document,d2l_optimization,d2l_optimization_minibatch_sgd_b004,sentence_fadc91c539dede92d34b12fb,With 8 GPUs per server and 16 servers we already arrive at a minibatch size of 128.,241,324,61,75,c22620a96e3fbd97526f13ea9ccf508307d1175ea9bb8d3a5b6dfefb098a3f7f,CORPUS_EXTRACTED,EXACT_SOURCE_SUBSTRING,BACKUP,C1,d2lce_152a9bcc9b8b5f6cc5586c54,d2l_selected_campaign_scope_v1,PASS_CORPUS_EXTRACTED,"Exact source substring, hashes, provenance, and offsets verified.",False,True,ctx_1e4dd1bfa6ccb1046784076e,b38736904bae7eeedc08caeda0e87da89391ae065550d4f9b66c43f78baacec0,d2l_methodology_corpus_origin_audit,1.0.0
ctx_1f1572c94613de76cd12614d,document,d2l_preliminaries,d2l_preliminaries_ndarray_b029,sentence_3edb0abe892053fdd4675255,"Typically, we will want our matrices initialized
either with zeros, ones, some other constants,
or numbers randomly sampled from a specific distribution.",0,153,85,94,c22620a96e3fbd97526f13ea9ccf508307d1175ea9bb8d3a5b6dfefb098a3f7f,CORPUS_EXTRACTED,EXACT_SOURCE_SUBSTRING,PRIMARY,C1,d2lce_46e81052dcb25b16e429062a,d2l_selected_campaign_scope_v1,PASS_CORPUS_EXTRACTED,"Exact source substring, hashes, provenance, and offsets verified.",True,True,ctx_1f1572c94613de76cd12614d,e37a8c5676dec7c15e57e77922d6cc5625d1d86564f55aea37a292a828b02d18,d2l_methodology_corpus_origin_audit,1.0.0
ctx_1f4f955fd892e6791b4aeef3,document,d2l_convolutional_modern,d2l_convolutional_modern_alexnet_b031,sentence_6e49932b0cf8dc03e33f650c,These two huge fully-connected layers produce model parameters of nearly 1 GB.,91,169,15,37,c22620a96e3fbd97526f13ea9ccf508307d1175ea9bb8d3a5b6dfefb098a3f7f,CORPUS_EXTRACTED,EXACT_SOURCE_SUBSTRING,PRIMARY,C1,d2lce_98b37a7bcb47cd2ef2e5f296,d2l_selected_campaign_scope_v1,PASS_CORPUS_EXTRACTED,"Exact source substring, hashes, provenance, and offsets verified.",True,True,ctx_1f4f955fd892e6791b4aeef3,af4db0511991c9ba26d797e647e0a908b30e5ce468a833a8068ac6b9bd3a55ab,d2l_methodology_corpus_origin_audit,1.0.0
ctx_1f5ec6ced6190e5f15225183,document,d2l_computer_vision,d2l_computer_vision_neural_style_b007,sentence_5f5c7b87d9ad1bcb1bef9741,![CNN-based style transfer process.,0,35,12,26,c22620a96e3fbd97526f13ea9ccf508307d1175ea9bb8d3a5b6dfefb098a3f7f,CORPUS_EXTRACTED,EXACT_SOURCE_SUBSTRING,BACKUP,C2,d2lce_041add3a2f3aa452408a5384,d2l_selected_campaign_scope_v1,PASS_CORPUS_EXTRACTED,"Exact source substring, hashes, provenance, and offsets verified.",False,True,ctx_1f5ec6ced6190e5f15225183,1d8acd1b2cd3d5461108081a48b0df748dee3cc3bb9b358313bab35453eabcb6,d2l_methodology_corpus_origin_audit,1.0.0
ctx_1f8898813854f010ead57a18,document,d2l_preliminaries,d2l_preliminaries_autograd_b061,sentence_0f38c2848aa6183aef05f69e,Why is the second derivative much more expensive to compute than the first derivative?,3,89,11,28,c22620a96e3fbd97526f13ea9ccf508307d1175ea9bb8d3a5b6dfefb098a3f7f,CORPUS_EXTRACTED,EXACT_SOURCE_SUBSTRING,PRIMARY,C2,d2lce_bee01b92f7b0b02cc1d77bd7,d2l_selected_campaign_scope_v1,PASS_CORPUS_EXTRACTED,"Exact source substring, hashes, provenance, and offsets verified.",True,True,ctx_1f8898813854f010ead57a18,45835134f0878b3c3bea9c7f9c9d8629d080b42e3971edb1ca8f0a5863f362c1,d2l_methodology_corpus_origin_audit,1.0.0
ctx_1f8c290f8b62295034a6b072,document,d2l_natural_language_processing_pretraining,d2l_natural_language_processing_pretraining_bert_b050,sentence_7568b99807a9271e2595d3c6,"To help understand the relationship between two text sequences,
BERT considers a binary classification task, *next sentence prediction*, in its pretraining.",172,328,81,102,c22620a96e3fbd97526f13ea9ccf508307d1175ea9bb8d3a5b6dfefb098a3f7f,CORPUS_EXTRACTED,EXACT_SOURCE_SUBSTRING,PRIMARY,C2,d2lce_bb2aa6e567ff5ce9563e209b,d2l_selected_campaign_scope_v1,PASS_CORPUS_EXTRACTED,"Exact source substring, hashes, provenance, and offsets verified.",True,True,ctx_1f8c290f8b62295034a6b072,4261ee805ce617ea88307c5e80142529bb68b1d9b90de024aa68a0ea419457c3,d2l_methodology_corpus_origin_audit,1.0.0
ctx_1fca5384cb1428f234ec9bab,document,d2l_recommender_systems,d2l_recommender_systems_fm_b002,sentence_2ede2c28e59c66ffc9a63465,"Particularly, it is a generalization of the linear regression model and the matrix factorization model.",288,391,22,36,c22620a96e3fbd97526f13ea9ccf508307d1175ea9bb8d3a5b6dfefb098a3f7f,CORPUS_EXTRACTED,EXACT_SOURCE_SUBSTRING,UNSELECTED,NONE,d2lce_22496a6fabe26e046ad5d5ac,d2l_selected_campaign_scope_v1,PASS_CORPUS_EXTRACTED,"Exact source substring, hashes, provenance, and offsets verified.",False,False,ctx_1fca5384cb1428f234ec9bab,8e30f96e6d6d8b892e837c539dcd65e04a11d41317ca541308935468a99d529e,d2l_methodology_corpus_origin_audit,1.0.0
ctx_1ff425af2f5e658c4e18ce61,document,d2l_computational_performance,d2l_computational_performance_hardware_b007,sentence_a3e7d97734cc0b0e3154457c,It provides efficient transfer of training data to the system and storage of intermediate checkpoints as needed.,866,978,34,47,c22620a96e3fbd97526f13ea9ccf508307d1175ea9bb8d3a5b6dfefb098a3f7f,CORPUS_EXTRACTED,EXACT_SOURCE_SUBSTRING,PRIMARY,C5,d2lce_d30763678be8999b747cf0ee,d2l_selected_campaign_scope_v1,PASS_CORPUS_EXTRACTED,"Exact source substring, hashes, provenance, and offsets verified.",True,True,ctx_1ff425af2f5e658c4e18ce61,47fdb8e67b26f972729a157447880462a6eabf159040934afbb4ce9c621a6c8f,d2l_methodology_corpus_origin_audit,1.0.0
ctx_2023e0a03e715e57f08e87ce,document,d2l_linear_networks,d2l_linear_networks_linear_regression_b047,sentence_b60badcc0ed9be8bd1ba2189,"However, for more complicated models, like deep networks,
the loss surfaces contain many minima.",107,203,89,95,c22620a96e3fbd97526f13ea9ccf508307d1175ea9bb8d3a5b6dfefb098a3f7f,CORPUS_EXTRACTED,EXACT_SOURCE_SUBSTRING,PRIMARY,C1,d2lce_455f2de181035ca8388c30b0,d2l_selected_campaign_scope_v1,PASS_CORPUS_EXTRACTED,"Exact source substring, hashes, provenance, and offsets verified.",True,True,ctx_2023e0a03e715e57f08e87ce,c77ae971328e225f02665631440e9c04de147a048555f3120fcffe52fcd30431,d2l_methodology_corpus_origin_audit,1.0.0
ctx_207e82bfd83c7a4eca664a58,document,d2l_natural_language_processing_applications,d2l_natural_language_processing_applications_natural_language_inference_and_dataset_b006,sentence_de3c6f83198b791596ac5d76,"For example, the following pair will be labeled as *entailment* because ""showing affection"" in the hypothesis can be inferred from ""hugging one another"" in the premise.",85,253,52,62,c22620a96e3fbd97526f13ea9ccf508307d1175ea9bb8d3a5b6dfefb098a3f7f,CORPUS_EXTRACTED,EXACT_SOURCE_SUBSTRING,PRIMARY,C2,d2lce_ca2ca961829e131bbc0fd92b,d2l_selected_campaign_scope_v1,PASS_CORPUS_EXTRACTED,"Exact source substring, hashes, provenance, and offsets verified.",True,True,ctx_207e82bfd83c7a4eca664a58,490f7ad5baf36c7dfbc64416424f3fcd832fef364c82c7011f209943c0cf4d88,d2l_methodology_corpus_origin_audit,1.0.0
ctx_20b4a3b3e9da0f80ed6d5279,document,d2l_natural_language_processing_pretraining,d2l_natural_language_processing_pretraining_bert_pretraining_b008,sentence_b65eeb63d11733b4c6b1e7ca,"The base model ($\text{BERT}_{\text{BASE}}$) uses 12 layers (transformer encoder blocks)
with 768 hidden units (hidden size) and 12 self-attention heads.",94,247,81,87,c22620a96e3fbd97526f13ea9ccf508307d1175ea9bb8d3a5b6dfefb098a3f7f,CORPUS_EXTRACTED,EXACT_SOURCE_SUBSTRING,PRIMARY,C1,d2lce_20c658fd4e221ee551790ec2,d2l_selected_campaign_scope_v1,PASS_CORPUS_EXTRACTED,"Exact source substring, hashes, provenance, and offsets verified.",True,True,ctx_20b4a3b3e9da0f80ed6d5279,c4f7634205928e32c122733b155b86ae7246181ccbdf24db30453acde0868d61,d2l_methodology_corpus_origin_audit,1.0.0
ctx_20ba0f30e6bab2976ab96ef1,document,d2l_recurrent_neural_networks,d2l_recurrent_neural_networks_language_models_and_dataset_b057,sentence_8dc20a0c70e507680ba7667b,"Using the same settings,
let us [**print features `X` and labels `Y` for each minibatch**] of subsequences read by sequential partitioning.",0,139,115,138,c22620a96e3fbd97526f13ea9ccf508307d1175ea9bb8d3a5b6dfefb098a3f7f,CORPUS_EXTRACTED,EXACT_SOURCE_SUBSTRING,PRIMARY,C1,d2lce_e8992d8478a28e673fe551dc,d2l_selected_campaign_scope_v1,PASS_CORPUS_EXTRACTED,"Exact source substring, hashes, provenance, and offsets verified.",True,True,ctx_20ba0f30e6bab2976ab96ef1,214bba64513e2280aff2a89171e0339bd581bf431012850944cedd42789b656a,d2l_methodology_corpus_origin_audit,1.0.0
ctx_20c88126cf28f7c6338fd7ce,document,d2l_optimization,d2l_optimization_optimization_intro_b023,sentence_e7b52d0a2b64a0ea1ee9a9c9,Its first and second derivative vanish for $x=0$.,242,291,14,31,c22620a96e3fbd97526f13ea9ccf508307d1175ea9bb8d3a5b6dfefb098a3f7f,CORPUS_EXTRACTED,EXACT_SOURCE_SUBSTRING,BACKUP,C2,d2lce_bee01b92f7b0b02cc1d77bd7,d2l_selected_campaign_scope_v1,PASS_CORPUS_EXTRACTED,"Exact source substring, hashes, provenance, and offsets verified.",False,True,ctx_20c88126cf28f7c6338fd7ce,80b6e2270f02a41a1b0c6a3550731bf6a2017b478e1eb7f924c3d59935cc489d,d2l_methodology_corpus_origin_audit,1.0.0
ctx_20ec226227eb3377a4675027,document,d2l_natural_language_processing_pretraining,d2l_natural_language_processing_pretraining_approx_training_b032,sentence_8c288e6fb42ede3a07ddc65b,The computational cost for training is linearly dependent on the number of noise words at each step.,142,242,75,86,c22620a96e3fbd97526f13ea9ccf508307d1175ea9bb8d3a5b6dfefb098a3f7f,CORPUS_EXTRACTED,EXACT_SOURCE_SUBSTRING,PRIMARY,C2,d2lce_5c270f3b3ebe4f0059649e18,d2l_selected_campaign_scope_v1,PASS_CORPUS_EXTRACTED,"Exact source substring, hashes, provenance, and offsets verified.",True,True,ctx_20ec226227eb3377a4675027,119e0ded89387611d4519b53864b0a74cb9bfd5fd9550827aaceb466ee3d68d0,d2l_methodology_corpus_origin_audit,1.0.0
ctx_216f6113933e493b68ce8ad9,document,d2l_multilayer_perceptrons,d2l_multilayer_perceptrons_numerical_stability_and_init_b031,sentence_4db46ee38775e88dd892b8c7,"Furthermore, let us assume that this distribution
has zero mean and variance $\sigma^2$.",77,165,54,63,c22620a96e3fbd97526f13ea9ccf508307d1175ea9bb8d3a5b6dfefb098a3f7f,CORPUS_EXTRACTED,EXACT_SOURCE_SUBSTRING,BACKUP,C1,d2lce_eae5d94b4d2b73165c5d8795,d2l_selected_campaign_scope_v1,PASS_CORPUS_EXTRACTED,"Exact source substring, hashes, provenance, and offsets verified.",False,True,ctx_216f6113933e493b68ce8ad9,bb56b9bc6018f3ca847e26973d1c121c214979821ba23da506d4631ffe027aad,d2l_methodology_corpus_origin_audit,1.0.0
ctx_21a455b6628cf522b79a5f32,document,d2l_introduction,d2l_introduction_index_b006,sentence_a925857d80e262b455395ad4,"In this book, we will teach you the fundamentals of machine learning,
and focus in particular on *deep learning*, 
a powerful set of techniques
driving innovations in areas as diverse as computer vision,
natural language processing, healthcare, and genomics.",988,1246,204,231,c22620a96e3fbd97526f13ea9ccf508307d1175ea9bb8d3a5b6dfefb098a3f7f,CORPUS_EXTRACTED,EXACT_SOURCE_SUBSTRING,BACKUP,C2,d2lce_609638f74bc5b32d32469bbc,d2l_selected_campaign_scope_v1,PASS_CORPUS_EXTRACTED,"Exact source substring, hashes, provenance, and offsets verified.",False,True,ctx_21a455b6628cf522b79a5f32,b6ad9bab2d938f002ee8c4ecb83b78e790a65cc209757fc85902b956089b9af6,d2l_methodology_corpus_origin_audit,1.0.0
ctx_21ccd6b472be7b8886dfc5ba,document,d2l_linear_networks,d2l_linear_networks_linear_regression_b084,sentence_9c5552295878e1132f15cae3,"It follows that minimizing the mean squared error
is equivalent to maximum likelihood estimation
of a linear model under the assumption of additive Gaussian noise.",355,518,31,49,c22620a96e3fbd97526f13ea9ccf508307d1175ea9bb8d3a5b6dfefb098a3f7f,CORPUS_EXTRACTED,EXACT_SOURCE_SUBSTRING,PRIMARY,C1,d2lce_49603071e9c21eb4bcbdf1e7,d2l_selected_campaign_scope_v1,PASS_CORPUS_EXTRACTED,"Exact source substring, hashes, provenance, and offsets verified.",True,True,ctx_21ccd6b472be7b8886dfc5ba,ee830e7000ac03fb54fa3f116030f75b3c2cf1f2606937efeb9af631b71d24d4,d2l_methodology_corpus_origin_audit,1.0.0
ctx_22557e183923aa9f4d962fb5,document,d2l_appendix_mathematics_for_deep_learning,d2l_appendix_mathematics_for_deep_learning_statistics_b050,sentence_efd02ef47d30ec909dbe9fcb,The *alternative hypothesis* $H_A$ (or $H_1$) is a statement that is contrary to the null hypothesis.,299,400,85,100,c22620a96e3fbd97526f13ea9ccf508307d1175ea9bb8d3a5b6dfefb098a3f7f,CORPUS_EXTRACTED,EXACT_SOURCE_SUBSTRING,PRIMARY,C2,d2lce_11e1c294000ac67785408dcd,d2l_selected_campaign_scope_v1,PASS_CORPUS_EXTRACTED,"Exact source substring, hashes, provenance, and offsets verified.",True,True,ctx_22557e183923aa9f4d962fb5,b085e80dd83130cb7eec907f8f83db559aac5a68db3457229bd51ec6ecc2d5fd,d2l_methodology_corpus_origin_audit,1.0.0
ctx_226004d4a6485dcdc36de876,document,d2l_convolutional_modern,d2l_convolutional_modern_resnet_b004,sentence_c15744acc19f4bae0557b0ed,"That is, for all $f \in \mathcal{F}$ there exists some set of parameters (e.g., weights and biases) that can be obtained through training on a suitable dataset.",160,320,92,98,c22620a96e3fbd97526f13ea9ccf508307d1175ea9bb8d3a5b6dfefb098a3f7f,CORPUS_EXTRACTED,EXACT_SOURCE_SUBSTRING,PRIMARY,C1,d2lce_ad13d119a140210b487eeb9c,d2l_selected_campaign_scope_v1,PASS_CORPUS_EXTRACTED,"Exact source substring, hashes, provenance, and offsets verified.",True,True,ctx_226004d4a6485dcdc36de876,be3dc4ee8966582e547079eab9021eac03cfeb7a83fe2f807ef62fc1e4457a27,d2l_methodology_corpus_origin_audit,1.0.0
ctx_22622fdadf6bcfc02e71f0bc,document,d2l_natural_language_processing_applications,d2l_natural_language_processing_applications_natural_language_inference_and_dataset_b011,sentence_0383ee77a42af2db46a839f6,> Hypothesis: The man is sleeping.,0,34,2,12,c22620a96e3fbd97526f13ea9ccf508307d1175ea9bb8d3a5b6dfefb098a3f7f,CORPUS_EXTRACTED,EXACT_SOURCE_SUBSTRING,PRIMARY,C2,d2lce_dbb300a90e4b0f8b815b5e12,d2l_selected_campaign_scope_v1,PASS_CORPUS_EXTRACTED,"Exact source substring, hashes, provenance, and offsets verified.",True,True,ctx_22622fdadf6bcfc02e71f0bc,699fec25d01adae4281b6b8d0e5b713f6fb3088f4bffee5c9ca6e44f606408e2,d2l_methodology_corpus_origin_audit,1.0.0
ctx_22cd914b3325a8ea0708cb22,document,d2l_recommender_systems,d2l_recommender_systems_ranking_b024,sentence_e7ca29147d8103ad824cc6bd,- Can you find any recommendation models that use BPR or hinge loss?,58,126,50,53,c22620a96e3fbd97526f13ea9ccf508307d1175ea9bb8d3a5b6dfefb098a3f7f,CORPUS_EXTRACTED,EXACT_SOURCE_SUBSTRING,PRIMARY,C2,d2lce_0dbb5a3cc045f69a43d09a7a,d2l_selected_campaign_scope_v1,PASS_CORPUS_EXTRACTED,"Exact source substring, hashes, provenance, and offsets verified.",True,True,ctx_22cd914b3325a8ea0708cb22,34cfd60b1d4dd2fb62dd27f3b2b74905b03c3b14fc748a280d9a16cc07799504,d2l_methodology_corpus_origin_audit,1.0.0
ctx_22ee6c085ab714120f38865d,document,d2l_preliminaries,d2l_preliminaries_ndarray_b029,sentence_3edb0abe892053fdd4675255,"Typically, we will want our matrices initialized
either with zeros, ones, some other constants,
or numbers randomly sampled from a specific distribution.",0,153,140,152,c22620a96e3fbd97526f13ea9ccf508307d1175ea9bb8d3a5b6dfefb098a3f7f,CORPUS_EXTRACTED,EXACT_SOURCE_SUBSTRING,PRIMARY,C3,d2lce_c47822c187c02e12aa499ec6,d2l_selected_campaign_scope_v1,PASS_CORPUS_EXTRACTED,"Exact source substring, hashes, provenance, and offsets verified.",True,True,ctx_22ee6c085ab714120f38865d,3ecfdd70690cd4c63d861596a55b076e3b75888a7886488b55082e605467681d,d2l_methodology_corpus_origin_audit,1.0.0
ctx_2321277fc92b0af89415e01e,document,d2l_appendix_mathematics_for_deep_learning,d2l_appendix_mathematics_for_deep_learning_statistics_b004,sentence_127d1179cddbf2810af7c135,"More specifically, statistics can be divided to *descriptive statistics* and *statistical inference*.",0,101,78,99,c22620a96e3fbd97526f13ea9ccf508307d1175ea9bb8d3a5b6dfefb098a3f7f,CORPUS_EXTRACTED,EXACT_SOURCE_SUBSTRING,PRIMARY,C1,d2lce_1ff0c13e857af8ab6956fc96,d2l_selected_campaign_scope_v1,PASS_CORPUS_EXTRACTED,"Exact source substring, hashes, provenance, and offsets verified.",True,True,ctx_2321277fc92b0af89415e01e,26ae2c3d0be44f95f4bba50740f24cfd292f479a557217fa6044d5e06a872d5c,d2l_methodology_corpus_origin_audit,1.0.0
ctx_23465c1f0b2d1114ed78c140,document,d2l_natural_language_processing_pretraining,d2l_natural_language_processing_pretraining_approx_training_b001,sentence_adac976e3d1a06d789f39eb2,"# Approximate Training
:label:`sec_approx_train`",0,48,2,22,c22620a96e3fbd97526f13ea9ccf508307d1175ea9bb8d3a5b6dfefb098a3f7f,CORPUS_EXTRACTED,EXACT_SOURCE_SUBSTRING,BACKUP,C2,d2lce_28ab2b419f6b871a62a06060,d2l_selected_campaign_scope_v1,PASS_CORPUS_EXTRACTED,"Exact source substring, hashes, provenance, and offsets verified.",False,True,ctx_23465c1f0b2d1114ed78c140,22216fa903725df432bc315e0ebd9bc5601a7bf4894d4287615d0313bdbdbacf,d2l_methodology_corpus_origin_audit,1.0.0
ctx_23984c926b405fd7be61d3af,document,d2l_optimization,d2l_optimization_lr_scheduler_b064,sentence_2f7ffc96316d01dd92a0d17e,* A warmup period before optimization can prevent divergence.,552,613,4,10,c22620a96e3fbd97526f13ea9ccf508307d1175ea9bb8d3a5b6dfefb098a3f7f,CORPUS_EXTRACTED,EXACT_SOURCE_SUBSTRING,PRIMARY,C1,d2lce_6f3afd43e74e8d70778dc0c8,d2l_selected_campaign_scope_v1,PASS_CORPUS_EXTRACTED,"Exact source substring, hashes, provenance, and offsets verified.",True,True,ctx_23984c926b405fd7be61d3af,35288462a2ef76a5bbbcd8deea9764b2bc1ac47a971fb422556955294575a107,d2l_methodology_corpus_origin_audit,1.0.0
ctx_23b189c0f5c5598741fa92a6,document,d2l_deep_learning_computation,d2l_deep_learning_computation_model_construction_b052,sentence_96a6dbc4bbd83a1eb40a1fb8,"This weight is not a model parameter
and thus it is never updated by backpropagation.",166,251,21,36,c22620a96e3fbd97526f13ea9ccf508307d1175ea9bb8d3a5b6dfefb098a3f7f,CORPUS_EXTRACTED,EXACT_SOURCE_SUBSTRING,PRIMARY,C1,d2lce_ed44d125cc1110c1c39f7b3e,d2l_selected_campaign_scope_v1,PASS_CORPUS_EXTRACTED,"Exact source substring, hashes, provenance, and offsets verified.",True,True,ctx_23b189c0f5c5598741fa92a6,b8f260cfd7b5f5fc244db49e0f548f3855cfa0617cbb4784ee48d31ab533d2d1,d2l_methodology_corpus_origin_audit,1.0.0
ctx_23bae34b7c7a3e597d0cac0d,document,d2l_recurrent_modern,d2l_recurrent_modern_index_b002,sentence_a95e7ff23461ab1c56b6fa04,"We have introduced the basics of RNNs,
which can better handle sequence data.",0,77,63,76,c22620a96e3fbd97526f13ea9ccf508307d1175ea9bb8d3a5b6dfefb098a3f7f,CORPUS_EXTRACTED,EXACT_SOURCE_SUBSTRING,BACKUP,C3,d2lce_b85d9a7a642afee03175796f,d2l_selected_campaign_scope_v1,PASS_CORPUS_EXTRACTED,"Exact source substring, hashes, provenance, and offsets verified.",False,True,ctx_23bae34b7c7a3e597d0cac0d,1d39efe5931e682c9254589c9142943c1e34098f28ef683a277a5a7cda36f80e,d2l_methodology_corpus_origin_audit,1.0.0
ctx_23e5008854737fe4bc296b60,document,d2l_computer_vision,d2l_computer_vision_rcnn_b016,sentence_e7973b7fb3b497d35ad7b9ca,"For this region of interest,
we use a $2\times 2$ region of interest pooling layer to obtain
a $2\times 2$ output.",134,248,50,82,c22620a96e3fbd97526f13ea9ccf508307d1175ea9bb8d3a5b6dfefb098a3f7f,CORPUS_EXTRACTED,EXACT_SOURCE_SUBSTRING,BACKUP,C2,d2lce_88251c1ff8b5d3756955ca7b,d2l_selected_campaign_scope_v1,PASS_CORPUS_EXTRACTED,"Exact source substring, hashes, provenance, and offsets verified.",False,True,ctx_23e5008854737fe4bc296b60,b7605f2f520225476754e2c596d60a14c7219585057ab15640d97dca7c33b04c,d2l_methodology_corpus_origin_audit,1.0.0
ctx_24231d5e4f53e2fed10ee784,document,d2l_recurrent_neural_networks,d2l_recurrent_neural_networks_bptt_b004,sentence_c0ae923a254d733c9ed2778b,This is a process fraught with computational and statistical uncertainty.,934,1007,61,72,c22620a96e3fbd97526f13ea9ccf508307d1175ea9bb8d3a5b6dfefb098a3f7f,CORPUS_EXTRACTED,EXACT_SOURCE_SUBSTRING,BACKUP,C2,d2lce_73dbe839de3f1d00bf1226f0,d2l_selected_campaign_scope_v1,PASS_CORPUS_EXTRACTED,"Exact source substring, hashes, provenance, and offsets verified.",False,True,ctx_24231d5e4f53e2fed10ee784,486b2220afab49238d09f69487d77a386f9d9e63d06ac274e09901392f557473,d2l_methodology_corpus_origin_audit,1.0.0
ctx_245348373fcf03e11c87da71,document,d2l_optimization,d2l_optimization_optimization_intro_b036,sentence_46e13757f4651d03dc76a5c2,* The optimization problems may have many local minima.,131,186,48,54,c22620a96e3fbd97526f13ea9ccf508307d1175ea9bb8d3a5b6dfefb098a3f7f,CORPUS_EXTRACTED,EXACT_SOURCE_SUBSTRING,PRIMARY,C1,d2lce_455f2de181035ca8388c30b0,d2l_selected_campaign_scope_v1,PASS_CORPUS_EXTRACTED,"Exact source substring, hashes, provenance, and offsets verified.",True,True,ctx_245348373fcf03e11c87da71,47c5da9cb2374cda4da0f707134320958ffa2117650e9793aae9c3b46f6205ac,d2l_methodology_corpus_origin_audit,1.0.0
ctx_24f466c62d7260f34d827513,document,d2l_recurrent_neural_networks,d2l_recurrent_neural_networks_language_models_and_dataset_b046,sentence_167cac256f9f18be9ea11645,"In the following,
we describe how to accomplish this for both
*random sampling* and *sequential partitioning* strategies.",341,462,85,108,c22620a96e3fbd97526f13ea9ccf508307d1175ea9bb8d3a5b6dfefb098a3f7f,CORPUS_EXTRACTED,EXACT_SOURCE_SUBSTRING,BACKUP,C3,d2lce_e8992d8478a28e673fe551dc,d2l_selected_campaign_scope_v1,PASS_CORPUS_EXTRACTED,"Exact source substring, hashes, provenance, and offsets verified.",False,True,ctx_24f466c62d7260f34d827513,cf3c15996ff63a06decb5c32c032b3f3aa3109711d89459e4eac9a704161a341,d2l_methodology_corpus_origin_audit,1.0.0
ctx_2514212c3b726616b6545c2c,document,d2l_generative_adversarial_networks,d2l_generative_adversarial_networks_dcgan_b017,sentence_fd4dfec5b3744860d836f897,"```{.python .input}
d2l.set_figsize((4, 4))
for X, y in data_iter:
    imgs = X[0:20,:,:,:].transpose(0, 2, 3, 1)/2+0.5
    d2l.show_images(imgs, num_rows=4, num_cols=5)
    break
```",0,183,92,101,c22620a96e3fbd97526f13ea9ccf508307d1175ea9bb8d3a5b6dfefb098a3f7f,CORPUS_EXTRACTED,EXACT_SOURCE_SUBSTRING,BACKUP,C4,d2lce_6b1b75f43b72ec9bace62065,d2l_selected_campaign_scope_v1,PASS_CORPUS_EXTRACTED,"Exact source substring, hashes, provenance, and offsets verified.",False,True,ctx_2514212c3b726616b6545c2c,72df9554467c3b37551cf0a96269e983e671a9561a284ddc230ccc660b502379,d2l_methodology_corpus_origin_audit,1.0.0
ctx_251a0545759171bb473405d4,document,d2l_recurrent_modern,d2l_recurrent_modern_bi_rnn_b037,sentence_005c09cb8bc853eb1092b037,One of the key features of a bidirectional RNN is that information from both ends of the sequence is used to estimate the output.,0,129,29,46,c22620a96e3fbd97526f13ea9ccf508307d1175ea9bb8d3a5b6dfefb098a3f7f,CORPUS_EXTRACTED,EXACT_SOURCE_SUBSTRING,PRIMARY,C1,d2lce_80f4d6555a6ea1d2e5e881a1,d2l_selected_campaign_scope_v1,PASS_CORPUS_EXTRACTED,"Exact source substring, hashes, provenance, and offsets verified.",True,True,ctx_251a0545759171bb473405d4,3658eb300b2e1525b9f5769ef2f77f8858ee95afcde215cb3f8987c4cd02ac6e,d2l_methodology_corpus_origin_audit,1.0.0
ctx_251af3f6de41101b4a0f5e27,document,d2l_multilayer_perceptrons,d2l_multilayer_perceptrons_environment_b017,sentence_a17acedc89db2ac80ad1367a,### Label Shift,0,15,4,15,c22620a96e3fbd97526f13ea9ccf508307d1175ea9bb8d3a5b6dfefb098a3f7f,CORPUS_EXTRACTED,EXACT_SOURCE_SUBSTRING,PRIMARY,C3,d2lce_a5537c415bcbe54cdd82a669,d2l_selected_campaign_scope_v1,PASS_CORPUS_EXTRACTED,"Exact source substring, hashes, provenance, and offsets verified.",True,True,ctx_251af3f6de41101b4a0f5e27,fb4a05f41d9fea29f97817e0843fd89ae4cf81f80beeab7d4ed86ce9c90cd91c,d2l_methodology_corpus_origin_audit,1.0.0
ctx_252c35105ca972372bb2c810,document,d2l_preface,d2l_preface_index_b023,sentence_888c426ebc8817f2add5c374,"In :numref:`chap_nlp_pretrain` and :numref:`chap_nlp_app`,
we show how to pretrain language representation models 
and apply them to natural language processing tasks.",433,600,92,106,c22620a96e3fbd97526f13ea9ccf508307d1175ea9bb8d3a5b6dfefb098a3f7f,CORPUS_EXTRACTED,EXACT_SOURCE_SUBSTRING,PRIMARY,C1,d2lce_f33d434f8362f23d43285427,d2l_selected_campaign_scope_v1,PASS_CORPUS_EXTRACTED,"Exact source substring, hashes, provenance, and offsets verified.",True,True,ctx_252c35105ca972372bb2c810,51c1f24b483be3047ae52447fd2f72743d671db1ec866045669ed5d1a24a7e24,d2l_methodology_corpus_origin_audit,1.0.0
ctx_254e012e0fc7f6d2b7e12488,document,d2l_computer_vision,d2l_computer_vision_anchor_b058,sentence_9d12d0566fd94f49ba5f262a,"Through elementwise multiplications, zeros in the mask variable will filter out negative class offsets before calculating the objective function.",331,476,126,135,c22620a96e3fbd97526f13ea9ccf508307d1175ea9bb8d3a5b6dfefb098a3f7f,CORPUS_EXTRACTED,EXACT_SOURCE_SUBSTRING,BACKUP,C2,d2lce_cf168d11faf5e675efa7e0a3,d2l_selected_campaign_scope_v1,PASS_CORPUS_EXTRACTED,"Exact source substring, hashes, provenance, and offsets verified.",False,True,ctx_254e012e0fc7f6d2b7e12488,0c5ff565305fdccc60b2718e0e296ac4937500d457633748c87f80d6b79efbc3,d2l_methodology_corpus_origin_audit,1.0.0
ctx_255f8d1d0d00e96535232367,document,d2l_natural_language_processing_pretraining,d2l_natural_language_processing_pretraining_approx_training_b030,sentence_130f411fe3dc175e430d9970,"Fortunately, since $L(w_o)-1$ is on the order of $\mathcal{O}(\text{log}_2|\mathcal{V}|)$ due to the binary tree structure,
when the dictionary size $\mathcal{V}$ is huge,
the computational cost for  each training step using hierarchical softmax
is significantly reduced compared with that
without approximate training.",0,319,298,318,c22620a96e3fbd97526f13ea9ccf508307d1175ea9bb8d3a5b6dfefb098a3f7f,CORPUS_EXTRACTED,EXACT_SOURCE_SUBSTRING,PRIMARY,C3,d2lce_28ab2b419f6b871a62a06060,d2l_selected_campaign_scope_v1,PASS_CORPUS_EXTRACTED,"Exact source substring, hashes, provenance, and offsets verified.",True,True,ctx_255f8d1d0d00e96535232367,112672a5257b5fecaa016571d4d24f21c282fb19343b5da244f7299e78f739f3,d2l_methodology_corpus_origin_audit,1.0.0
ctx_25b94844ba885d1f978af59d,document,d2l_multilayer_perceptrons,d2l_multilayer_perceptrons_mlp_b020,sentence_50b7d424f47b6d8274e988fa,"In general, with activation functions in place,
it is no longer possible to collapse our MLP into a linear model:",296,409,38,46,c22620a96e3fbd97526f13ea9ccf508307d1175ea9bb8d3a5b6dfefb098a3f7f,CORPUS_EXTRACTED,EXACT_SOURCE_SUBSTRING,BACKUP,C4,d2lce_2684090fd4500122fec2a334,d2l_selected_campaign_scope_v1,PASS_CORPUS_EXTRACTED,"Exact source substring, hashes, provenance, and offsets verified.",False,True,ctx_25b94844ba885d1f978af59d,e1fd731649275d170259548772780f73875e83a3eee3e0ac4f13182059946228,d2l_methodology_corpus_origin_audit,1.0.0
ctx_2606fc94edd8ad29a05c47bb,document,d2l_notation,d2l_notation_index_b012,sentence_31b470efbe35371048efc473,"* $X$: a random variable
* $P$: a probability distribution
* $X \sim P$: the random variable $X$ has distribution $P$
* $P(X=x)$: the probability assigned to the event where random variable $X$ takes value $x$
* $P(X \mid Y)$: the conditional probability distribution of $X$ given $Y$
* $p(\cdot)$: a probability density function (PDF) associated with distribution P
* ${E}[X]$: expectation of a random variable $X$
* $X \perp Y$: random variables $X$ and $Y$ are independent
* $X \perp Y \mid Z$: random variables  $X$  and  $Y$ are conditionally independent given $Z$
* $\sigma_X$: standard deviation of random variable $X$
* $\mathrm{Var}(X)$: variance of random variable $X$, equal to $\sigma^2_X$
* $\mathrm{Cov}(X, Y)$: covariance of random variables $X$ and $Y$
* $\rho(X, Y)$: the Pearson correlation coefficient between $X$ and $Y$, equals $\frac{\mathrm{Cov}(X, Y)}{\sigma_X \sigma_Y}$
* $H(X)$: entropy of random variable $X$
* $D_{\mathrm{KL}}(P\|Q)$: the KL-divergence (or relative entropy) from distribution $Q$ to distribution $P$",0,1045,46,58,c22620a96e3fbd97526f13ea9ccf508307d1175ea9bb8d3a5b6dfefb098a3f7f,CORPUS_EXTRACTED,EXACT_SOURCE_SUBSTRING,PRIMARY,C3,d2lce_c47822c187c02e12aa499ec6,d2l_selected_campaign_scope_v1,PASS_CORPUS_EXTRACTED,"Exact source substring, hashes, provenance, and offsets verified.",True,True,ctx_2606fc94edd8ad29a05c47bb,dc53bb27d00948d1024822abed752c41116d50c6d99d8c1d73e6983393dfe8b0,d2l_methodology_corpus_origin_audit,1.0.0
ctx_2667f83ba76468ba1a7c23ce,document,d2l_multilayer_perceptrons,d2l_multilayer_perceptrons_numerical_stability_and_init_b008,sentence_ed78535af2344e178de716b0,"Thus we are susceptible to the same
problems of numerical underflow that often crop up
when multiplying together too many probabilities.",164,300,58,67,c22620a96e3fbd97526f13ea9ccf508307d1175ea9bb8d3a5b6dfefb098a3f7f,CORPUS_EXTRACTED,EXACT_SOURCE_SUBSTRING,PRIMARY,C2,d2lce_9bd5113780f8e8160a24e6ad,d2l_selected_campaign_scope_v1,PASS_CORPUS_EXTRACTED,"Exact source substring, hashes, provenance, and offsets verified.",True,True,ctx_2667f83ba76468ba1a7c23ce,fb99ec80a64cae8534dd62bfeb38469dfa9ae1b89d82c5e6417a4999db5ee191,d2l_methodology_corpus_origin_audit,1.0.0
ctx_26916f0b3985aa996c0cee2c,document,d2l_convolutional_modern,d2l_convolutional_modern_index_b003,sentence_df7daf6167d7f8876fa764d2,"These models include AlexNet, the first large-scale network deployed 
to beat conventional computer vision methods on a large-scale vision challenge;
the VGG network, which makes use of a number of repeating blocks of elements; the network in network (NiN) which convolves 
whole neural networks patch-wise over inputs; 
GoogLeNet, which uses networks with parallel concatenations;
residual networks (ResNet), which remain the most popular 
off-the-shelf architecture in computer vision;
and densely connected networks (DenseNet), 
which are expensive to compute but have set some recent benchmarks.",0,599,208,214,c22620a96e3fbd97526f13ea9ccf508307d1175ea9bb8d3a5b6dfefb098a3f7f,CORPUS_EXTRACTED,EXACT_SOURCE_SUBSTRING,BACKUP,C1,d2lce_20c658fd4e221ee551790ec2,d2l_selected_campaign_scope_v1,PASS_CORPUS_EXTRACTED,"Exact source substring, hashes, provenance, and offsets verified.",False,True,ctx_26916f0b3985aa996c0cee2c,4e083f3d0270da2f7582c6d5e9ff105d277cf92b6bdc891e1e4095992b52518b,d2l_methodology_corpus_origin_audit,1.0.0
ctx_26a6365155d601f3009c3236,document,d2l_recommender_systems,d2l_recommender_systems_seqrec_b017,sentence_83121b0683367ef9a6f6ae98,![Illustration of the Caser Model](../img/rec-caser.svg),0,56,22,27,c22620a96e3fbd97526f13ea9ccf508307d1175ea9bb8d3a5b6dfefb098a3f7f,CORPUS_EXTRACTED,EXACT_SOURCE_SUBSTRING,BACKUP,C2,d2lce_52085fef12f840d2350b2049,d2l_selected_campaign_scope_v1,PASS_CORPUS_EXTRACTED,"Exact source substring, hashes, provenance, and offsets verified.",False,True,ctx_26a6365155d601f3009c3236,78b353ddd63170acda68b59e537d7dc4136b4c8109762fafd0e37b23e90786c7,d2l_methodology_corpus_origin_audit,1.0.0
ctx_26abf38904bfba2529b1ab9a,document,d2l_multilayer_perceptrons,d2l_multilayer_perceptrons_numerical_stability_and_init_b009,sentence_7ed511e535efa6528cdac98d,"We may be facing parameter updates that are either
(i) excessively large, destroying our model
(the *exploding gradient* problem);
or (ii) excessively small
(the *vanishing gradient* problem),
rendering learning impossible as parameters
hardly move on each update.",171,435,163,181,c22620a96e3fbd97526f13ea9ccf508307d1175ea9bb8d3a5b6dfefb098a3f7f,CORPUS_EXTRACTED,EXACT_SOURCE_SUBSTRING,PRIMARY,C1,d2lce_d7976d0b101e65c34c011871,d2l_selected_campaign_scope_v1,PASS_CORPUS_EXTRACTED,"Exact source substring, hashes, provenance, and offsets verified.",True,True,ctx_26abf38904bfba2529b1ab9a,3f340f2a08387f638206346e64f9c0fdf7c2a8f9522f178e420718ee42b784ea,d2l_methodology_corpus_origin_audit,1.0.0
ctx_26b5e8bf7b8da7042c80bc48,document,d2l_optimization,d2l_optimization_lr_scheduler_b006,sentence_13449a1fb4388af2142a3f0b,"For that we pick a slightly modernized version of LeNet (`relu` instead of `sigmoid` activation, MaxPooling rather than AveragePooling), as applied to Fashion-MNIST.",135,300,76,83,c22620a96e3fbd97526f13ea9ccf508307d1175ea9bb8d3a5b6dfefb098a3f7f,CORPUS_EXTRACTED,EXACT_SOURCE_SUBSTRING,BACKUP,C1,d2lce_00f50f89defd8652bb8c429e,d2l_selected_campaign_scope_v1,PASS_CORPUS_EXTRACTED,"Exact source substring, hashes, provenance, and offsets verified.",False,True,ctx_26b5e8bf7b8da7042c80bc48,f4c12c1597795ab585b2234203a8fef9197996db3da072737e928e6d0c6ab086,d2l_methodology_corpus_origin_audit,1.0.0
ctx_26d890099027986105691faa,document,d2l_multilayer_perceptrons,d2l_multilayer_perceptrons_weight_decay_b025,sentence_660ab0b25fc326a37acc218c,"We choose our label to be a linear function of our inputs,
corrupted by Gaussian noise with zero mean and standard deviation 0.01.",0,130,92,101,c22620a96e3fbd97526f13ea9ccf508307d1175ea9bb8d3a5b6dfefb098a3f7f,CORPUS_EXTRACTED,EXACT_SOURCE_SUBSTRING,PRIMARY,C1,d2lce_eae5d94b4d2b73165c5d8795,d2l_selected_campaign_scope_v1,PASS_CORPUS_EXTRACTED,"Exact source substring, hashes, provenance, and offsets verified.",True,True,ctx_26d890099027986105691faa,175f3c9cb2e27d6544df89b2f8765793ec6a3d56001fa029c7a22daad3b2f133,d2l_methodology_corpus_origin_audit,1.0.0
ctx_270d955700b7c53c38a3878e,document,d2l_recommender_systems,d2l_recommender_systems_mf_b034,sentence_6678f8d41681062df5c9b202,* Vary the size of latent factors.,0,34,19,33,c22620a96e3fbd97526f13ea9ccf508307d1175ea9bb8d3a5b6dfefb098a3f7f,CORPUS_EXTRACTED,EXACT_SOURCE_SUBSTRING,BACKUP,C2,d2lce_f7c1845f1d67dcb386e8fc22,d2l_selected_campaign_scope_v1,PASS_CORPUS_EXTRACTED,"Exact source substring, hashes, provenance, and offsets verified.",False,True,ctx_270d955700b7c53c38a3878e,d8e9631e89ee482c29071e14bfe5dbb95e8a56815de97fc49244858a812badc2,d2l_methodology_corpus_origin_audit,1.0.0
ctx_275c69012387f631509a7b14,document,d2l_introduction,d2l_introduction_index_b066,sentence_0c7bde51b2948c01df8665d8,"Some classification problems fit neatly
into the binary or multiclass classification setups.",0,92,5,28,c22620a96e3fbd97526f13ea9ccf508307d1175ea9bb8d3a5b6dfefb098a3f7f,CORPUS_EXTRACTED,EXACT_SOURCE_SUBSTRING,PRIMARY,C1,d2lce_7070b47672fcb2311c0527b6,d2l_selected_campaign_scope_v1,PASS_CORPUS_EXTRACTED,"Exact source substring, hashes, provenance, and offsets verified.",True,True,ctx_275c69012387f631509a7b14,b767f1b9ccc3d5dc65404f4b876b12c42b6c2f94f1af1d143d95eb55cf05f926,d2l_methodology_corpus_origin_audit,1.0.0
ctx_27620623f1cb8074d3971cbc,document,d2l_natural_language_processing_pretraining,d2l_natural_language_processing_pretraining_word2vec_b009,sentence_aba5d702078aed2aa34748dd,"The word2vec tool contains two models, namely *skip-gram* :cite:`Mikolov.Sutskever.Chen.ea.2013`  and *continuous bag of words* (CBOW) :cite:`Mikolov.Chen.Corrado.ea.2013`.",251,423,103,126,c22620a96e3fbd97526f13ea9ccf508307d1175ea9bb8d3a5b6dfefb098a3f7f,CORPUS_EXTRACTED,EXACT_SOURCE_SUBSTRING,BACKUP,C1,d2lce_dc193feb1eeef3a1349d9b74,d2l_selected_campaign_scope_v1,PASS_CORPUS_EXTRACTED,"Exact source substring, hashes, provenance, and offsets verified.",False,True,ctx_27620623f1cb8074d3971cbc,886e76cfa2369bbab2fee350673fa9982073c5bd4656dc84b434a72cb0ae795d,d2l_methodology_corpus_origin_audit,1.0.0
ctx_27b2e4936143566a8ca5e421,document,d2l_recommender_systems,d2l_recommender_systems_seqrec_b016,sentence_a0972456818b2b9f0adb09ec,The architecture of Caser is shown below:,49,90,20,25,c22620a96e3fbd97526f13ea9ccf508307d1175ea9bb8d3a5b6dfefb098a3f7f,CORPUS_EXTRACTED,EXACT_SOURCE_SUBSTRING,BACKUP,C2,d2lce_52085fef12f840d2350b2049,d2l_selected_campaign_scope_v1,PASS_CORPUS_EXTRACTED,"Exact source substring, hashes, provenance, and offsets verified.",False,True,ctx_27b2e4936143566a8ca5e421,9f3a88d402de799d9dc16937414828780e6523e7b27a377661fc582532025529,d2l_methodology_corpus_origin_audit,1.0.0
ctx_27c8a3f3418b0aec81720a7a,document,d2l_deep_learning_computation,d2l_deep_learning_computation_model_construction_b025,sentence_198b8a8d0b03c508fefff5f3,"Here, we declare two fully
    # connected layers
    def __init__(self):
        # Call the constructor of the `MLP` parent class `Module` to perform
        # the necessary initialization.",101,291,93,104,c22620a96e3fbd97526f13ea9ccf508307d1175ea9bb8d3a5b6dfefb098a3f7f,CORPUS_EXTRACTED,EXACT_SOURCE_SUBSTRING,PRIMARY,C1,d2lce_7d7b617aacd41c76538d06af,d2l_selected_campaign_scope_v1,PASS_CORPUS_EXTRACTED,"Exact source substring, hashes, provenance, and offsets verified.",True,True,ctx_27c8a3f3418b0aec81720a7a,54fa2e74b01063947129a488f37b5b3dc477865dbcdf90531b93eb1c16777a5f,d2l_methodology_corpus_origin_audit,1.0.0
ctx_27e6509f7df6da2429702955,document,d2l_computational_performance,d2l_computational_performance_multiple_gpus_b018,sentence_538ed203a8a905a2e00ca186,In what follows we will use a toy network to illustrate multi-GPU training.,470,545,56,74,c22620a96e3fbd97526f13ea9ccf508307d1175ea9bb8d3a5b6dfefb098a3f7f,CORPUS_EXTRACTED,EXACT_SOURCE_SUBSTRING,PRIMARY,C2,d2lce_6898a7f7f35ca368f75fda48,d2l_selected_campaign_scope_v1,PASS_CORPUS_EXTRACTED,"Exact source substring, hashes, provenance, and offsets verified.",True,True,ctx_27e6509f7df6da2429702955,3b450374de83f5928ec79364ad843f197b2275932cace4b827d034c77ec237ee,d2l_methodology_corpus_origin_audit,1.0.0
ctx_281feac9e302997ea88b1aea,document,d2l_computer_vision,d2l_computer_vision_rcnn_b006,sentence_7013fd3bf16d58c09002c0ca,"More concretely, the R-CNN consists of the following four steps:",43,107,21,26,c22620a96e3fbd97526f13ea9ccf508307d1175ea9bb8d3a5b6dfefb098a3f7f,CORPUS_EXTRACTED,EXACT_SOURCE_SUBSTRING,BACKUP,C1,d2lce_ad0d7cbd5f90ad33075e89aa,d2l_selected_campaign_scope_v1,PASS_CORPUS_EXTRACTED,"Exact source substring, hashes, provenance, and offsets verified.",False,True,ctx_281feac9e302997ea88b1aea,8484a769562a0a36df646b4140fa0f7ebba6ba0e25bc8bccefee404651c39d5a,d2l_methodology_corpus_origin_audit,1.0.0
ctx_282dbeb511791085b7d7db24,document,d2l_natural_language_processing_applications,d2l_natural_language_processing_applications_sentiment_analysis_cnn_b032,sentence_844fd1f4bcab57e80fd13701,"# of tokens, token vector dimension) along vectors
        embeddings = np.concatenate((
            self.embedding(inputs), self.constant_embedding(inputs)), axis=2)
        # Per the input format of one-dimensional convolutional layers,
        # rearrange the tensor so that the second dimension stores channels
        embeddings = embeddings.transpose(0, 2, 1)
        # For each one-dimensional convolutional layer, after max-over-time
        # pooling, a tensor of shape (batch size, no.",928,1423,347,356,c22620a96e3fbd97526f13ea9ccf508307d1175ea9bb8d3a5b6dfefb098a3f7f,CORPUS_EXTRACTED,EXACT_SOURCE_SUBSTRING,BACKUP,C1,d2lce_6b1b75f43b72ec9bace62065,d2l_selected_campaign_scope_v1,PASS_CORPUS_EXTRACTED,"Exact source substring, hashes, provenance, and offsets verified.",False,True,ctx_282dbeb511791085b7d7db24,09ae208e7e7daef74b6372f4e0e88cf87e4c508bbc766e8d923a0c9df2bd3c1a,d2l_methodology_corpus_origin_audit,1.0.0
ctx_283a25d9322a8783b9c51766,document,d2l_recurrent_neural_networks,d2l_recurrent_neural_networks_sequence_b023,sentence_3baafc3bdc5ce5696a33c74f,"However, there is just one little problem to this:
if we observe sequence data only until time step 604, we cannot hope to receive the inputs for all the future one-step-ahead predictions.",7906,8094,65,78,c22620a96e3fbd97526f13ea9ccf508307d1175ea9bb8d3a5b6dfefb098a3f7f,CORPUS_EXTRACTED,EXACT_SOURCE_SUBSTRING,PRIMARY,C3,d2lce_b85d9a7a642afee03175796f,d2l_selected_campaign_scope_v1,PASS_CORPUS_EXTRACTED,"Exact source substring, hashes, provenance, and offsets verified.",True,True,ctx_283a25d9322a8783b9c51766,fafa52a02efae215c11b2a1a604ebc30c2a6c244398ef04027fda6e69d74f58c,d2l_methodology_corpus_origin_audit,1.0.0
ctx_2843dc47b0a0e6aafb8597c7,document,d2l_recommender_systems,d2l_recommender_systems_neumf_b041,sentence_2c645adbf59ce065f9fa9661,How the size of latent factors impact the model performance?,35,95,16,30,c22620a96e3fbd97526f13ea9ccf508307d1175ea9bb8d3a5b6dfefb098a3f7f,CORPUS_EXTRACTED,EXACT_SOURCE_SUBSTRING,BACKUP,C2,d2lce_f7c1845f1d67dcb386e8fc22,d2l_selected_campaign_scope_v1,PASS_CORPUS_EXTRACTED,"Exact source substring, hashes, provenance, and offsets verified.",False,True,ctx_2843dc47b0a0e6aafb8597c7,a62354bb3319817508e6604dd0fc6781f4ef2efbe0f9575307a4a5c01f4ac566,d2l_methodology_corpus_origin_audit,1.0.0
ctx_2856d35ae63ae8dbd84d644d,document,d2l_recurrent_modern,d2l_recurrent_modern_gru_b009,sentence_0cdc3b1c74f375a2a14d8afb,":numref:`fig_gru_1` illustrates the inputs for both
the reset and update gates in a GRU, given the input
of the current time step
and the hidden state of the previous time step.",37,214,66,78,c22620a96e3fbd97526f13ea9ccf508307d1175ea9bb8d3a5b6dfefb098a3f7f,CORPUS_EXTRACTED,EXACT_SOURCE_SUBSTRING,PRIMARY,C2,d2lce_a47c0fa6efae6f5b3c950575,d2l_selected_campaign_scope_v1,PASS_CORPUS_EXTRACTED,"Exact source substring, hashes, provenance, and offsets verified.",True,True,ctx_2856d35ae63ae8dbd84d644d,ff9a8069d087d50b415a49cdb9eca6dab65d24efe04ca04ec7a9ab49cc2f86e2,d2l_methodology_corpus_origin_audit,1.0.0
ctx_2893e1c5ddd69213232296e5,document,d2l_computational_performance,d2l_computational_performance_async_computation_b040,sentence_450d515763797ccd0248f83c,Hint: perform a number of instructions and synchronize for an intermediate result.,296,378,43,54,c22620a96e3fbd97526f13ea9ccf508307d1175ea9bb8d3a5b6dfefb098a3f7f,CORPUS_EXTRACTED,EXACT_SOURCE_SUBSTRING,PRIMARY,C1,d2lce_1edc567804c90f134219a8f0,d2l_selected_campaign_scope_v1,PASS_CORPUS_EXTRACTED,"Exact source substring, hashes, provenance, and offsets verified.",True,True,ctx_2893e1c5ddd69213232296e5,d93a3fdc051ff5d4b599b0ef8c5e7799da99038a1d490797d730a05694345f84,d2l_methodology_corpus_origin_audit,1.0.0
ctx_28b17b3a0950632e4ac5d1f9,document,d2l_attention_mechanisms,d2l_attention_mechanisms_attention_cues_b014,sentence_b55a324b907b8b68eff4c103,"Therefore,
what sets attention mechanisms
apart from those fully-connected layers
or pooling layers
is the inclusion of the volitional cues.",0,140,59,81,c22620a96e3fbd97526f13ea9ccf508307d1175ea9bb8d3a5b6dfefb098a3f7f,CORPUS_EXTRACTED,EXACT_SOURCE_SUBSTRING,PRIMARY,C3,d2lce_98b37a7bcb47cd2ef2e5f296,d2l_selected_campaign_scope_v1,PASS_CORPUS_EXTRACTED,"Exact source substring, hashes, provenance, and offsets verified.",True,True,ctx_28b17b3a0950632e4ac5d1f9,65af89720617ae607429baacc7672f1f94cf634f10a0ec0184e0be2b3d89b8b1,d2l_methodology_corpus_origin_audit,1.0.0
ctx_28fec5561cc94064400b1c46,document,d2l_recommender_systems,d2l_recommender_systems_deepfm_b002,sentence_a81a3add38c1249d3c2c1b5e,"Factorization machines model feature interactions in a linear paradigm (e.g., bilinear interactions).",106,207,29,49,c22620a96e3fbd97526f13ea9ccf508307d1175ea9bb8d3a5b6dfefb098a3f7f,CORPUS_EXTRACTED,EXACT_SOURCE_SUBSTRING,PRIMARY,C1,d2lce_8de4d36bcb2f1ad2291dd52e,d2l_selected_campaign_scope_v1,PASS_CORPUS_EXTRACTED,"Exact source substring, hashes, provenance, and offsets verified.",True,True,ctx_28fec5561cc94064400b1c46,c2acd24dcffff480bb062f09c6d90bd2be61238549305bd8d25fe672f383f4a6,d2l_methodology_corpus_origin_audit,1.0.0
ctx_296377e3411a5f06ef38c871,document,d2l_convolutional_neural_networks,d2l_convolutional_neural_networks_channels_b017,sentence_89a0270c9ee3bf54bf77cbb6,Reality is a bit more complicated than the most naive interpretations of this intuition since representations are not learned independent but are rather optimized to be jointly useful.,542,726,13,16,c22620a96e3fbd97526f13ea9ccf508307d1175ea9bb8d3a5b6dfefb098a3f7f,CORPUS_EXTRACTED,EXACT_SOURCE_SUBSTRING,PRIMARY,C3,d2lce_53c32398310471fac3dacf35,d2l_selected_campaign_scope_v1,PASS_CORPUS_EXTRACTED,"Exact source substring, hashes, provenance, and offsets verified.",True,True,ctx_296377e3411a5f06ef38c871,3cec07d414b8941de50c135462664e371a5af78373d91c4c7d34ea9579a50a6d,d2l_methodology_corpus_origin_audit,1.0.0
ctx_2970e39beda737feef2164c9,document,d2l_optimization,d2l_optimization_optimization_intro_b032,sentence_453ed9cc1b53ac8cf9033180,This turns out to be one of the reasons that training deep learning models was quite tricky prior to the introduction of the ReLU activation function.,510,660,130,149,c22620a96e3fbd97526f13ea9ccf508307d1175ea9bb8d3a5b6dfefb098a3f7f,CORPUS_EXTRACTED,EXACT_SOURCE_SUBSTRING,PRIMARY,C4,d2lce_e0c693366d811581abbb9e74,d2l_selected_campaign_scope_v1,PASS_CORPUS_EXTRACTED,"Exact source substring, hashes, provenance, and offsets verified.",True,True,ctx_2970e39beda737feef2164c9,c3a6beef88c636afeddb886685896fddb6d315f2f3c8841e9234a427dc2104db,d2l_methodology_corpus_origin_audit,1.0.0
ctx_2a4b835e03acf05a36784e49,document,d2l_computer_vision,d2l_computer_vision_ssd_b032,sentence_807f2b5f4d53546ef88545a4,"```{.python .input}
def down_sample_blk(num_channels):
    blk = nn.Sequential()
    for _ in range(2):
        blk.add(nn.Conv2D(num_channels, kernel_size=3, padding=1),
                nn.BatchNorm(in_channels=num_channels),
                nn.Activation('relu'))
    blk.add(nn.MaxPool2D(2))
    return blk
```",0,313,190,199,c22620a96e3fbd97526f13ea9ccf508307d1175ea9bb8d3a5b6dfefb098a3f7f,CORPUS_EXTRACTED,EXACT_SOURCE_SUBSTRING,BACKUP,C3,d2lce_4abd762bcd34d370b4fe6498,d2l_selected_campaign_scope_v1,PASS_CORPUS_EXTRACTED,"Exact source substring, hashes, provenance, and offsets verified.",False,True,ctx_2a4b835e03acf05a36784e49,e1c59cfc6bdfeafa6a5e4821a7098bb4f97060c277664c3c6899ac13b814adca,d2l_methodology_corpus_origin_audit,1.0.0
ctx_2aa16b95d94946e5cd854397,document,d2l_recommender_systems,d2l_recommender_systems_fm_b006,sentence_9fe2d980e3fc5be7757682e8,Some feature interactions can be easily understood so they can be designed by experts.,505,591,5,25,c22620a96e3fbd97526f13ea9ccf508307d1175ea9bb8d3a5b6dfefb098a3f7f,CORPUS_EXTRACTED,EXACT_SOURCE_SUBSTRING,PRIMARY,C1,d2lce_8de4d36bcb2f1ad2291dd52e,d2l_selected_campaign_scope_v1,PASS_CORPUS_EXTRACTED,"Exact source substring, hashes, provenance, and offsets verified.",True,True,ctx_2aa16b95d94946e5cd854397,0eb273391f618163a9bdb46cf94ab5325116becbab2d814233143bea0685b537,d2l_methodology_corpus_origin_audit,1.0.0
ctx_2aa7827d7befde055f8781f4,document,d2l_multilayer_perceptrons,d2l_multilayer_perceptrons_numerical_stability_and_init_b035,sentence_319626f740e5c0a7934d3dbc,"Typically, the Xavier initialization
samples weights from a Gaussian distribution
with zero mean and variance
$\sigma^2 = \frac{2}{n_\mathrm{in} + n_\mathrm{out}}$.",175,339,87,96,c22620a96e3fbd97526f13ea9ccf508307d1175ea9bb8d3a5b6dfefb098a3f7f,CORPUS_EXTRACTED,EXACT_SOURCE_SUBSTRING,PRIMARY,C1,d2lce_eae5d94b4d2b73165c5d8795,d2l_selected_campaign_scope_v1,PASS_CORPUS_EXTRACTED,"Exact source substring, hashes, provenance, and offsets verified.",True,True,ctx_2aa7827d7befde055f8781f4,c9713b4a3d2854b90e00e408825ae40da611ca994969f196a1aa64a3fc868976,d2l_methodology_corpus_origin_audit,1.0.0
ctx_2aca2894517926700f9e34d1,document,d2l_generative_adversarial_networks,d2l_generative_adversarial_networks_gan_b007,sentence_56b42587f984dab5f63f8fb2,"This information, in turn is used to improve the generator network, and so on.",795,873,49,58,c22620a96e3fbd97526f13ea9ccf508307d1175ea9bb8d3a5b6dfefb098a3f7f,CORPUS_EXTRACTED,EXACT_SOURCE_SUBSTRING,PRIMARY,C1,d2lce_73c8ce2915c4c64a52fab4a2,d2l_selected_campaign_scope_v1,PASS_CORPUS_EXTRACTED,"Exact source substring, hashes, provenance, and offsets verified.",True,True,ctx_2aca2894517926700f9e34d1,76d0f7e008f69448b14d1ec63e723b808da87cff44300bf6f5f2aaa9b0d83822,d2l_methodology_corpus_origin_audit,1.0.0
ctx_2b3bad1bba3a00bca408c517,document,d2l_optimization,d2l_optimization_optimization_intro_b014,sentence_640b1ea1ca6b8d3217899dec,"Some of the most vexing ones are local minima, saddle points, and vanishing gradients.",57,143,66,85,c22620a96e3fbd97526f13ea9ccf508307d1175ea9bb8d3a5b6dfefb098a3f7f,CORPUS_EXTRACTED,EXACT_SOURCE_SUBSTRING,BACKUP,C2,d2lce_d7976d0b101e65c34c011871,d2l_selected_campaign_scope_v1,PASS_CORPUS_EXTRACTED,"Exact source substring, hashes, provenance, and offsets verified.",False,True,ctx_2b3bad1bba3a00bca408c517,7cc52c7827d329a28134cef71f80d9af73b0246e0865fd6bad42be16309b8157,d2l_methodology_corpus_origin_audit,1.0.0
ctx_2b750c7f5d33f647672795c7,document,d2l_attention_mechanisms,d2l_attention_mechanisms_nadaraya_watson_b038,sentence_c17000397bc037658ee59916,"Shape of `attention_weights`:
# (`n_test`, `n_train`), where each row contains attention weights to be
# assigned among the values (`y_train`) given each query
attention_weights = npx.softmax(-(X_repeat - x_train)**2 / 2)
# Each element of `y_hat` is weighted average of values, where weights are
# attention weights
y_hat = d2l.matmul(attention_weights, y_train)
plot_kernel_reg(y_hat)
```",240,630,251,267,c22620a96e3fbd97526f13ea9ccf508307d1175ea9bb8d3a5b6dfefb098a3f7f,CORPUS_EXTRACTED,EXACT_SOURCE_SUBSTRING,PRIMARY,C4,d2lce_a3e7228aef125ec437a840fa,d2l_selected_campaign_scope_v1,PASS_CORPUS_EXTRACTED,"Exact source substring, hashes, provenance, and offsets verified.",True,True,ctx_2b750c7f5d33f647672795c7,15fe40565a5e7657d5b52323dea9285cd7f43eff90158d9459a4bc06f6d77cf2,d2l_methodology_corpus_origin_audit,1.0.0
ctx_2b99a602b964180da9cbc38c,document,d2l_optimization,d2l_optimization_lr_scheduler_b062,sentence_db1ed2fbbb7bafe99a67c7ac,Warmup can be applied to any scheduler (not just cosine).,0,57,0,6,c22620a96e3fbd97526f13ea9ccf508307d1175ea9bb8d3a5b6dfefb098a3f7f,CORPUS_EXTRACTED,EXACT_SOURCE_SUBSTRING,BACKUP,C1,d2lce_6f3afd43e74e8d70778dc0c8,d2l_selected_campaign_scope_v1,PASS_CORPUS_EXTRACTED,"Exact source substring, hashes, provenance, and offsets verified.",False,True,ctx_2b99a602b964180da9cbc38c,70b6f866a98209becf43b81189a4ada20d9e207e2f8e8910662e5a4bd82b78fd,d2l_methodology_corpus_origin_audit,1.0.0
ctx_2ba928581bca7998708eb201,document,d2l_preliminaries,d2l_preliminaries_autograd_b061,sentence_44ba00ec8c162eb48c03f628,Redesign an example of finding the gradient of the control flow.,490,554,51,63,c22620a96e3fbd97526f13ea9ccf508307d1175ea9bb8d3a5b6dfefb098a3f7f,CORPUS_EXTRACTED,EXACT_SOURCE_SUBSTRING,BACKUP,C2,d2lce_6c7e95cd232fb7fcca6b3bdc,d2l_selected_campaign_scope_v1,PASS_CORPUS_EXTRACTED,"Exact source substring, hashes, provenance, and offsets verified.",False,True,ctx_2ba928581bca7998708eb201,d6cd7665a90e67353aeac319ca2209d70435997df90799d831119815c7654ae9,d2l_methodology_corpus_origin_audit,1.0.0
ctx_2bba7bfd16dd89a39a9179f1,document,d2l_attention_mechanisms,d2l_attention_mechanisms_transformer_b025,sentence_abda4fb08ad484f9abe2d599,"```{.python .input}
ln = nn.LayerNorm()
ln.initialize()
bn = nn.BatchNorm()
bn.initialize()
X = d2l.tensor([[1, 2], [2, 3]])
# Compute mean and variance from `X` in the training mode
with autograd.record():
    print('layer norm:', ln(X), '\nbatch norm:', bn(X))
```",0,266,64,73,c22620a96e3fbd97526f13ea9ccf508307d1175ea9bb8d3a5b6dfefb098a3f7f,CORPUS_EXTRACTED,EXACT_SOURCE_SUBSTRING,PRIMARY,C3,d2lce_4abd762bcd34d370b4fe6498,d2l_selected_campaign_scope_v1,PASS_CORPUS_EXTRACTED,"Exact source substring, hashes, provenance, and offsets verified.",True,True,ctx_2bba7bfd16dd89a39a9179f1,24d23e5c86835d2936aa96c5e7f32ab740d9539b4a6e73b6b8d51dc1518a59bf,d2l_methodology_corpus_origin_audit,1.0.0
ctx_2c2639ba429795d2935fc5d5,document,d2l_multilayer_perceptrons,d2l_multilayer_perceptrons_index_b002,sentence_fd05c8e08bde591ad667d072,When we train high-capacity models we run the risk of overfitting.,308,374,46,50,c22620a96e3fbd97526f13ea9ccf508307d1175ea9bb8d3a5b6dfefb098a3f7f,CORPUS_EXTRACTED,EXACT_SOURCE_SUBSTRING,PRIMARY,C1,d2lce_c9e2beab505998c5b3b560b5,d2l_selected_campaign_scope_v1,PASS_CORPUS_EXTRACTED,"Exact source substring, hashes, provenance, and offsets verified.",True,True,ctx_2c2639ba429795d2935fc5d5,1ffc89759de95a3413fca33c21d9ce9117797c0e91949eca012441c06ae4f8d8,d2l_methodology_corpus_origin_audit,1.0.0
ctx_2c4ae473914607dda7f7837f,document,d2l_recurrent_neural_networks,d2l_recurrent_neural_networks_rnn_b043,sentence_ff913821ea30a8f0432da21a,We might measure the quality of the model by computing  the likelihood of the sequence.,0,87,60,70,c22620a96e3fbd97526f13ea9ccf508307d1175ea9bb8d3a5b6dfefb098a3f7f,CORPUS_EXTRACTED,EXACT_SOURCE_SUBSTRING,PRIMARY,C1,d2lce_a1d9f9c783c09cc52dedbe55,d2l_selected_campaign_scope_v1,PASS_CORPUS_EXTRACTED,"Exact source substring, hashes, provenance, and offsets verified.",True,True,ctx_2c4ae473914607dda7f7837f,dcce99ecaac5150f3b04f148bd8bb0c7baae58d1fc29d93851a83478efc90722,d2l_methodology_corpus_origin_audit,1.0.0
ctx_2c7d7b724cf59c3bde70e182,document,d2l_multilayer_perceptrons,d2l_multilayer_perceptrons_numerical_stability_and_init_b023,sentence_51686cca2363657eeb552ccc,"Note that while minibatch stochastic gradient descent would not break this symmetry,
dropout regularization would!",1025,1139,75,83,c22620a96e3fbd97526f13ea9ccf508307d1175ea9bb8d3a5b6dfefb098a3f7f,CORPUS_EXTRACTED,EXACT_SOURCE_SUBSTRING,PRIMARY,C1,d2lce_00c0e4f7d0d5537d738af8a7,d2l_selected_campaign_scope_v1,PASS_CORPUS_EXTRACTED,"Exact source substring, hashes, provenance, and offsets verified.",True,True,ctx_2c7d7b724cf59c3bde70e182,a774a46cadef1995316f784cec9de053b95e4c5534eee2ceef88aec999510d72,d2l_methodology_corpus_origin_audit,1.0.0
ctx_2caa9497e1430c49c9c6179e,document,d2l_convolutional_neural_networks,d2l_convolutional_neural_networks_index_b005,sentence_27f3e0ec9d14cbd6108f4db0,"These include the convolutional layers themselves,
nitty-gritty details including padding and stride,
the pooling layers used to aggregate information
across adjacent spatial regions,
the use of multiple channels  at each layer,
and a careful discussion of the structure of modern architectures.",107,402,106,120,c22620a96e3fbd97526f13ea9ccf508307d1175ea9bb8d3a5b6dfefb098a3f7f,CORPUS_EXTRACTED,EXACT_SOURCE_SUBSTRING,BACKUP,C2,d2lce_2b9f63478b6ef59511a4f930,d2l_selected_campaign_scope_v1,PASS_CORPUS_EXTRACTED,"Exact source substring, hashes, provenance, and offsets verified.",False,True,ctx_2caa9497e1430c49c9c6179e,2afd333e45fd27181e7d7a8068d258800ccf8fa075c122fafa563b254374f343,d2l_methodology_corpus_origin_audit,1.0.0
ctx_2cc55c7c27ecd856fe623eec,document,d2l_generative_adversarial_networks,d2l_generative_adversarial_networks_gan_b005,sentence_4dd57ac80e5036eb182ea463,This allows us to improve the data generator until it generates something that resembles the real data.,929,1032,35,44,c22620a96e3fbd97526f13ea9ccf508307d1175ea9bb8d3a5b6dfefb098a3f7f,CORPUS_EXTRACTED,EXACT_SOURCE_SUBSTRING,BACKUP,C1,d2lce_73c8ce2915c4c64a52fab4a2,d2l_selected_campaign_scope_v1,PASS_CORPUS_EXTRACTED,"Exact source substring, hashes, provenance, and offsets verified.",False,True,ctx_2cc55c7c27ecd856fe623eec,848a8fec59ee7db652ff77f45f55feefedf0ad376cc9e85f3eef733682921394,d2l_methodology_corpus_origin_audit,1.0.0
ctx_2cd6faabab946087d3c1fb1c,document,d2l_natural_language_processing_applications,d2l_natural_language_processing_applications_finetuning_bert_b022,sentence_17522e425a9206d5c8b67056,"For question answering,
the supervised learning's training objective is as straightforward as
maximizing the log-likelihoods of the ground-truth start and end positions.",0,169,159,168,c22620a96e3fbd97526f13ea9ccf508307d1175ea9bb8d3a5b6dfefb098a3f7f,CORPUS_EXTRACTED,EXACT_SOURCE_SUBSTRING,PRIMARY,C1,d2lce_06b54fbb7406aced0daac405,d2l_selected_campaign_scope_v1,PASS_CORPUS_EXTRACTED,"Exact source substring, hashes, provenance, and offsets verified.",True,True,ctx_2cd6faabab946087d3c1fb1c,296840942f7a8cb3216c261a2c1ac56ef74f79f937d78e278091ff592df702eb,d2l_methodology_corpus_origin_audit,1.0.0
ctx_2d01370b0dfb51002ecac107,document,d2l_multilayer_perceptrons,d2l_multilayer_perceptrons_environment_b018,sentence_5e7bbc7c11461853994fcb79,"Label shift is the appropriate assumption here
because diseases cause symptoms.",452,531,0,11,c22620a96e3fbd97526f13ea9ccf508307d1175ea9bb8d3a5b6dfefb098a3f7f,CORPUS_EXTRACTED,EXACT_SOURCE_SUBSTRING,PRIMARY,C1,d2lce_a5537c415bcbe54cdd82a669,d2l_selected_campaign_scope_v1,PASS_CORPUS_EXTRACTED,"Exact source substring, hashes, provenance, and offsets verified.",True,True,ctx_2d01370b0dfb51002ecac107,524f014037196e86ceba26a3430b2d2fcc6820d957c1047ff0fb37993c71f175,d2l_methodology_corpus_origin_audit,1.0.0
ctx_2d3d087fad253f4d69369b59,document,d2l_recurrent_modern,d2l_recurrent_modern_gru_b018,sentence_03ea28e55b65a9bd3c2e1ff6,The result is a *candidate* since we still need to incorporate the action of the update gate.,0,93,81,92,c22620a96e3fbd97526f13ea9ccf508307d1175ea9bb8d3a5b6dfefb098a3f7f,CORPUS_EXTRACTED,EXACT_SOURCE_SUBSTRING,PRIMARY,C4,d2lce_a47c0fa6efae6f5b3c950575,d2l_selected_campaign_scope_v1,PASS_CORPUS_EXTRACTED,"Exact source substring, hashes, provenance, and offsets verified.",True,True,ctx_2d3d087fad253f4d69369b59,2973a1dce796df05b20cb5533d007ca57d7ab1f2a20e940ef1bc691a80df1401,d2l_methodology_corpus_origin_audit,1.0.0
ctx_2d4f025f72fe9d0fa22226d7,document,d2l_preliminaries,d2l_preliminaries_calculus_b020,sentence_dc2f405e1d0ec6adb4dc3fb3,where symbols $\frac{d}{dx}$ and $D$ are *differentiation operators* that indicate operation of *differentiation*.,0,114,6,13,c22620a96e3fbd97526f13ea9ccf508307d1175ea9bb8d3a5b6dfefb098a3f7f,CORPUS_EXTRACTED,EXACT_SOURCE_SUBSTRING,PRIMARY,C1,d2lce_6f20c5222ebea4830603817b,d2l_selected_campaign_scope_v1,PASS_CORPUS_EXTRACTED,"Exact source substring, hashes, provenance, and offsets verified.",True,True,ctx_2d4f025f72fe9d0fa22226d7,c928dd433692557bec3c68102d5230b1f48db69d7d247e770497f4128115bd58,d2l_methodology_corpus_origin_audit,1.0.0
ctx_2d690f0922be1eb4be420c9d,document,d2l_natural_language_processing_pretraining,d2l_natural_language_processing_pretraining_subword_embedding_b014,sentence_245949d0fcbb60aa8a647e00,"Since we start the merging process from a vocabulary of only single characters and special symbols, space is inserted between every pair of consecutive characters within each word (keys of the dictionary `token_freqs`).",380,599,181,185,c22620a96e3fbd97526f13ea9ccf508307d1175ea9bb8d3a5b6dfefb098a3f7f,CORPUS_EXTRACTED,EXACT_SOURCE_SUBSTRING,CONTRASTIVE,C3,d2lce_776fd3328d5e31aeebe484ec,d2l_selected_campaign_scope_v1,PASS_CORPUS_EXTRACTED,"Exact source substring, hashes, provenance, and offsets verified.",True,True,ctx_2d690f0922be1eb4be420c9d,904f4acb3828ac16412519c78eb39ca9f0a86dda1716ec19b650f49d052aca83,d2l_methodology_corpus_origin_audit,1.0.0
ctx_2d9c07e4c64cbce4f4a725e5,document,d2l_appendix_mathematics_for_deep_learning,d2l_appendix_mathematics_for_deep_learning_integral_calculus_b027,sentence_923be8b91f56483b3766ddda,"To dive deeper into the theory of integration, let us introduce a function",0,74,34,45,c22620a96e3fbd97526f13ea9ccf508307d1175ea9bb8d3a5b6dfefb098a3f7f,CORPUS_EXTRACTED,EXACT_SOURCE_SUBSTRING,PRIMARY,C3,d2lce_9372cdb5752db6ba6fa38fbd,d2l_selected_campaign_scope_v1,PASS_CORPUS_EXTRACTED,"Exact source substring, hashes, provenance, and offsets verified.",True,True,ctx_2d9c07e4c64cbce4f4a725e5,5e871054d108aa5e69f435888739142f654b75043f7000b3ecaf0dbb3626e771,d2l_methodology_corpus_origin_audit,1.0.0
ctx_2e2c010ed9f3e5f77a7ac3a1,document,d2l_natural_language_processing_pretraining,d2l_natural_language_processing_pretraining_bert_b025,sentence_a06967dc1d6eaef8aa9248da,"```{.python .input}
#@save
class BERTEncoder(nn.Block):
    """"""BERT encoder.""""""
    def __init__(self, vocab_size, num_hiddens, ffn_num_hiddens, num_heads,
                 num_layers, dropout, max_len=1000, **kwargs):
        super(BERTEncoder, self).__init__(**kwargs)
        self.token_embedding = nn.Embedding(vocab_size, num_hiddens)
        self.segment_embedding = nn.Embedding(2, num_hiddens)
        self.blks = nn.Sequential()
        for _ in range(num_layers):
            self.blks.add(d2l.EncoderBlock(
                num_hiddens, ffn_num_hiddens, num_heads, dropout, True))
        # In BERT, positional embeddings are learnable, thus we create a
        # parameter of positional embeddings that are long enough
        self.pos_embedding = self.params.get('pos_embedding',
                                             shape=(1, max_len, num_hiddens))

    def forward(self, tokens, segments, valid_lens):
        # Shape of `X` remains unchanged in the following code snippet:
        # (batch size, max sequence length, `num_hiddens`)
        X = self.token_embedding(tokens) + self.segment_embedding(segments)
        X = X + self.pos_embedding.data(ctx=X.ctx)[:, :X.shape[1], :]
        for blk in self.blks:
            X = blk(X, valid_lens)
        return X
```",0,1286,610,631,c22620a96e3fbd97526f13ea9ccf508307d1175ea9bb8d3a5b6dfefb098a3f7f,CORPUS_EXTRACTED,EXACT_SOURCE_SUBSTRING,PRIMARY,C3,d2lce_d96258f97579b9b414c21815,d2l_selected_campaign_scope_v1,PASS_CORPUS_EXTRACTED,"Exact source substring, hashes, provenance, and offsets verified.",True,True,ctx_2e2c010ed9f3e5f77a7ac3a1,9591af84573cd4a78bcd49984f8e27bf4a81b70eb7121a506c18897f8a9925b5,d2l_methodology_corpus_origin_audit,1.0.0
ctx_2e8cc79d478165e2fadbde2b,document,d2l_convolutional_neural_networks,d2l_convolutional_neural_networks_lenet_b008,sentence_9910a4f411497b56c56be39e,"The basic units in each convolutional block
are a convolutional layer, a sigmoid activation function,
and a subsequent average pooling operation.",0,145,73,100,c22620a96e3fbd97526f13ea9ccf508307d1175ea9bb8d3a5b6dfefb098a3f7f,CORPUS_EXTRACTED,EXACT_SOURCE_SUBSTRING,PRIMARY,C1,d2lce_2485cc2d1b2606bcc62d63c1,d2l_selected_campaign_scope_v1,PASS_CORPUS_EXTRACTED,"Exact source substring, hashes, provenance, and offsets verified.",True,True,ctx_2e8cc79d478165e2fadbde2b,d0e79805d572104bac0b69a4186637c229b4c907df185ce4cba8471b645ba47c,d2l_methodology_corpus_origin_audit,1.0.0
ctx_2ef83967671b4c94ed02f565,document,d2l_computer_vision,d2l_computer_vision_fine_tuning_b022,sentence_bcc5ab00681f933a4359c942,"As you can see, [**the images vary in size and aspect ratio**].",78,141,47,59,c22620a96e3fbd97526f13ea9ccf508307d1175ea9bb8d3a5b6dfefb098a3f7f,CORPUS_EXTRACTED,EXACT_SOURCE_SUBSTRING,BACKUP,C1,d2lce_ddf8557de1cd5ff23b86e10e,d2l_selected_campaign_scope_v1,PASS_CORPUS_EXTRACTED,"Exact source substring, hashes, provenance, and offsets verified.",False,True,ctx_2ef83967671b4c94ed02f565,367809302316e280212bcabefd815f9f3178e15625e457a4f7215d6af270a76e,d2l_methodology_corpus_origin_audit,1.0.0
ctx_2fc169f6489bcc78299b417f,document,d2l_introduction,d2l_introduction_index_b062,sentence_f56ef371e164000ba43ed1df,"In other words, the effect of the uncertain risk
outweighs the benefit by far.",468,546,44,48,c22620a96e3fbd97526f13ea9ccf508307d1175ea9bb8d3a5b6dfefb098a3f7f,CORPUS_EXTRACTED,EXACT_SOURCE_SUBSTRING,BACKUP,C1,d2lce_c9e2beab505998c5b3b560b5,d2l_selected_campaign_scope_v1,PASS_CORPUS_EXTRACTED,"Exact source substring, hashes, provenance, and offsets verified.",False,True,ctx_2fc169f6489bcc78299b417f,b5aa216d2da917265c85dbef6eebad7ee820f0f309cb3fe3673a00dc5f8040c3,d2l_methodology_corpus_origin_audit,1.0.0
ctx_2fe7c674ada36093ebc54726,document,d2l_recurrent_neural_networks,d2l_recurrent_neural_networks_rnn_scratch_b051,sentence_edec8567f0d431abf7bc5a66,"Let us further assume that the objective function $f$
is well behaved, say, *Lipschitz continuous* with constant $L$.",338,455,31,40,c22620a96e3fbd97526f13ea9ccf508307d1175ea9bb8d3a5b6dfefb098a3f7f,CORPUS_EXTRACTED,EXACT_SOURCE_SUBSTRING,BACKUP,C2,d2lce_cf168d11faf5e675efa7e0a3,d2l_selected_campaign_scope_v1,PASS_CORPUS_EXTRACTED,"Exact source substring, hashes, provenance, and offsets verified.",False,True,ctx_2fe7c674ada36093ebc54726,260ac7fc3fc040304519ae0140a74a0a9c460553768d090c256d9f7be88d39e5,d2l_methodology_corpus_origin_audit,1.0.0
ctx_2ff75bd2aba0b559e0372b89,document,d2l_computational_performance,d2l_computational_performance_hardware_b056,sentence_c706fcd59532398375c20e5b,"Since GPUs have typically 16 lanes, this limits the number of GPUs that can connect to the CPU at full bandwidth.",422,535,29,34,c22620a96e3fbd97526f13ea9ccf508307d1175ea9bb8d3a5b6dfefb098a3f7f,CORPUS_EXTRACTED,EXACT_SOURCE_SUBSTRING,PRIMARY,C4,d2lce_54e0621e7c3812cb511231dc,d2l_selected_campaign_scope_v1,PASS_CORPUS_EXTRACTED,"Exact source substring, hashes, provenance, and offsets verified.",True,True,ctx_2ff75bd2aba0b559e0372b89,b2c597d3bce7488a678c97a0a92ace583b9e6751dbca23a8e55f5fdf21391648,d2l_methodology_corpus_origin_audit,1.0.0
ctx_305668478b1cbfbf4e284ab4,document,d2l_convolutional_neural_networks,d2l_convolutional_neural_networks_why_conv_b024,sentence_a4750a0ed122e3b65e5996ed,"But of course, if those biases do not agree with reality,
e.g., if images turned out not to be translation invariant,
our models might struggle even to fit our training data.",1107,1281,160,173,c22620a96e3fbd97526f13ea9ccf508307d1175ea9bb8d3a5b6dfefb098a3f7f,CORPUS_EXTRACTED,EXACT_SOURCE_SUBSTRING,BACKUP,C3,d2lce_d30763678be8999b747cf0ee,d2l_selected_campaign_scope_v1,PASS_CORPUS_EXTRACTED,"Exact source substring, hashes, provenance, and offsets verified.",False,True,ctx_305668478b1cbfbf4e284ab4,a7ed45c283ddfe1566f8e7dfecdd1e9a4ab60580453e198c0341d0fee52c4d8b,d2l_methodology_corpus_origin_audit,1.0.0
ctx_305c430849e3734c0aa7afaf,document,d2l_introduction,d2l_introduction_index_b025,sentence_5700a426581db0e5405886b2,"When every example is characterized by the same number of numerical values,
we say that the data consist of fixed-length vectors
and we describe the constant length of the vectors
as the *dimensionality* of the data.",0,216,188,202,c22620a96e3fbd97526f13ea9ccf508307d1175ea9bb8d3a5b6dfefb098a3f7f,CORPUS_EXTRACTED,EXACT_SOURCE_SUBSTRING,PRIMARY,C4,d2lce_f3dedf5fcd54a46940474022,d2l_selected_campaign_scope_v1,PASS_CORPUS_EXTRACTED,"Exact source substring, hashes, provenance, and offsets verified.",True,True,ctx_305c430849e3734c0aa7afaf,73c5e42fe6f2a7ea71f58ed776f52ea30d02cb18492b95a52e089f593d0d4389,d2l_methodology_corpus_origin_audit,1.0.0
ctx_30ad642fb487987fba85babd,document,d2l_multilayer_perceptrons,d2l_multilayer_perceptrons_environment_b019,sentence_94584880575266a9a76c0b7c,### Concept Shift,0,17,4,17,c22620a96e3fbd97526f13ea9ccf508307d1175ea9bb8d3a5b6dfefb098a3f7f,CORPUS_EXTRACTED,EXACT_SOURCE_SUBSTRING,PRIMARY,C2,d2lce_6239b2ef1cec1800e3d6f13f,d2l_selected_campaign_scope_v1,PASS_CORPUS_EXTRACTED,"Exact source substring, hashes, provenance, and offsets verified.",True,True,ctx_30ad642fb487987fba85babd,d3956d6b557bd11faa8e4868fab5fbe582b57de112b03d80b42f664fa03cf9d4,d2l_methodology_corpus_origin_audit,1.0.0
ctx_30b0abbdda1b9ee7a038b75e,document,d2l_convolutional_modern,d2l_convolutional_modern_densenet_b012,sentence_9a01ad90bcf6b784f70c70a0,The name DenseNet arises from the fact that the dependency graph between variables becomes quite dense.,188,291,48,58,c22620a96e3fbd97526f13ea9ccf508307d1175ea9bb8d3a5b6dfefb098a3f7f,CORPUS_EXTRACTED,EXACT_SOURCE_SUBSTRING,PRIMARY,C2,d2lce_144baca5ccb9be2154705e92,d2l_selected_campaign_scope_v1,PASS_CORPUS_EXTRACTED,"Exact source substring, hashes, provenance, and offsets verified.",True,True,ctx_30b0abbdda1b9ee7a038b75e,695e81b00448c1bbe326d23d42d2bfa8d04b140b0f152d6c9d394c741001bc83,d2l_methodology_corpus_origin_audit,1.0.0
ctx_30b81bc472e7bfa9272f2568,document,d2l_deep_learning_computation,d2l_deep_learning_computation_custom_layer_b001,sentence_003f404b63b7c5511e9e72dd,# Custom Layers,0,15,2,15,c22620a96e3fbd97526f13ea9ccf508307d1175ea9bb8d3a5b6dfefb098a3f7f,CORPUS_EXTRACTED,EXACT_SOURCE_SUBSTRING,PRIMARY,C1,d2lce_4d2b37402e25d2f56746ea23,d2l_selected_campaign_scope_v1,PASS_CORPUS_EXTRACTED,"Exact source substring, hashes, provenance, and offsets verified.",True,True,ctx_30b81bc472e7bfa9272f2568,caa3ba24f721a28adabcb0baf422c30a180276fd25a91893238d70018501335c,d2l_methodology_corpus_origin_audit,1.0.0
ctx_30cb9519a863d7ebe60dd4e0,document,d2l_convolutional_modern,d2l_convolutional_modern_resnet_b002,sentence_7ba14a82f73ae55b00c97352,To make some progress we need a bit of mathematics.,301,352,32,35,c22620a96e3fbd97526f13ea9ccf508307d1175ea9bb8d3a5b6dfefb098a3f7f,CORPUS_EXTRACTED,EXACT_SOURCE_SUBSTRING,PRIMARY,C3,d2lce_53c32398310471fac3dacf35,d2l_selected_campaign_scope_v1,PASS_CORPUS_EXTRACTED,"Exact source substring, hashes, provenance, and offsets verified.",True,True,ctx_30cb9519a863d7ebe60dd4e0,f904a009eb31efa8419da2df6ec391fea1361f7ec08f43da3ba3eab08ed34a4b,d2l_methodology_corpus_origin_audit,1.0.0
ctx_3143c3d658da09d8181b666c,document,d2l_recurrent_modern,d2l_recurrent_modern_gru_b008,sentence_b35d3c05bb7a9b102a106f99,"The first thing we need to introduce are
the *reset gate* and the *update gate*.",0,80,67,78,c22620a96e3fbd97526f13ea9ccf508307d1175ea9bb8d3a5b6dfefb098a3f7f,CORPUS_EXTRACTED,EXACT_SOURCE_SUBSTRING,PRIMARY,C1,d2lce_a47c0fa6efae6f5b3c950575,d2l_selected_campaign_scope_v1,PASS_CORPUS_EXTRACTED,"Exact source substring, hashes, provenance, and offsets verified.",True,True,ctx_3143c3d658da09d8181b666c,50b8a5963183a59472123038f140e4b93c226293e00b007602a4322912cd23d2,d2l_methodology_corpus_origin_audit,1.0.0
ctx_31a4a8b87d7c576fc191dfeb,document,d2l_attention_mechanisms,d2l_attention_mechanisms_index_b001,sentence_35f768695f9791b1aeb8707f,"# Attention Mechanisms
:label:`chap_attention`",0,46,2,11,c22620a96e3fbd97526f13ea9ccf508307d1175ea9bb8d3a5b6dfefb098a3f7f,CORPUS_EXTRACTED,EXACT_SOURCE_SUBSTRING,PRIMARY,C2,d2lce_4a5f20bb32b66b1f07d9f37a,d2l_selected_campaign_scope_v1,PASS_CORPUS_EXTRACTED,"Exact source substring, hashes, provenance, and offsets verified.",True,True,ctx_31a4a8b87d7c576fc191dfeb,73930531a842865714ef717080d7baef14f38050a7ec2b238b39337e5cec6506,d2l_methodology_corpus_origin_audit,1.0.0
ctx_31af545156a8abd1def5ed1d,document,d2l_convolutional_neural_networks,d2l_convolutional_neural_networks_conv_layer_b007,sentence_0607b1b9ea6d8e6eb451a3b0,"Here, the output tensor has a height of 2 and width of 2
and the four elements are derived from
the two-dimensional cross-correlation operation:",528,672,100,133,c22620a96e3fbd97526f13ea9ccf508307d1175ea9bb8d3a5b6dfefb098a3f7f,CORPUS_EXTRACTED,EXACT_SOURCE_SUBSTRING,PRIMARY,C1,d2lce_963a14fc5042969e330bb020,d2l_selected_campaign_scope_v1,PASS_CORPUS_EXTRACTED,"Exact source substring, hashes, provenance, and offsets verified.",True,True,ctx_31af545156a8abd1def5ed1d,30245dadcc45b22c4e60521ea8ac829e64cffff92ba3e4b23fbd61b0dd3bf85d,d2l_methodology_corpus_origin_audit,1.0.0
ctx_31af6599f592fa61978eda00,document,d2l_appendix_mathematics_for_deep_learning,d2l_appendix_mathematics_for_deep_learning_information_theory_b174,sentence_1aecf176a2fe75f197ab4c2d,"Hint: use Jensen's inequality, i.e., use the fact that $-\log x$ is a convex function.",180,266,70,85,c22620a96e3fbd97526f13ea9ccf508307d1175ea9bb8d3a5b6dfefb098a3f7f,CORPUS_EXTRACTED,EXACT_SOURCE_SUBSTRING,BACKUP,C1,d2lce_0a19e86b29b5e64f79a45ddc,d2l_selected_campaign_scope_v1,PASS_CORPUS_EXTRACTED,"Exact source substring, hashes, provenance, and offsets verified.",False,True,ctx_31af6599f592fa61978eda00,b4a87062d52743303227fa0c9a99faa7bb24677b40c4d7b71623d14029725130,d2l_methodology_corpus_origin_audit,1.0.0
ctx_31d9d345d8772a7d7d3b2609,document,d2l_computational_performance,d2l_computational_performance_hardware_b009,sentence_18eb86d3e0918935e84ad97d,"As :numref:`fig_mobo-symbol` indicates, most components (network, GPU, and storage) are connected to the CPU across the PCIe bus.",0,129,125,128,c22620a96e3fbd97526f13ea9ccf508307d1175ea9bb8d3a5b6dfefb098a3f7f,CORPUS_EXTRACTED,EXACT_SOURCE_SUBSTRING,PRIMARY,C1,d2lce_0e100796a86968fbdb5730e8,d2l_selected_campaign_scope_v1,PASS_CORPUS_EXTRACTED,"Exact source substring, hashes, provenance, and offsets verified.",True,True,ctx_31d9d345d8772a7d7d3b2609,8c19f4b94745e45a00cdf823f73e9467c9cc49c77aa47ced51606e01c93ad459,d2l_methodology_corpus_origin_audit,1.0.0
ctx_31ee4f7a5863ed678a04e350,document,d2l_attention_mechanisms,d2l_attention_mechanisms_attention_cues_b009,sentence_5bd2889bd08ca883a7a68773,"Using the volitional cue based on variable selection criteria,
this form of attention is more deliberate.",378,483,10,24,c22620a96e3fbd97526f13ea9ccf508307d1175ea9bb8d3a5b6dfefb098a3f7f,CORPUS_EXTRACTED,EXACT_SOURCE_SUBSTRING,PRIMARY,C1,d2lce_ad03ff147d19eb2ea47d5b0e,d2l_selected_campaign_scope_v1,PASS_CORPUS_EXTRACTED,"Exact source substring, hashes, provenance, and offsets verified.",True,True,ctx_31ee4f7a5863ed678a04e350,73db7a3ee783de8f652d5449e7cebdd174cfe5b6f04ab4834c146519329c354e,d2l_methodology_corpus_origin_audit,1.0.0
ctx_320122f21daa284575796213,document,d2l_attention_mechanisms,d2l_attention_mechanisms_attention_scoring_functions_b009,sentence_f22aad6e2065f76d2658724e,"As we can see,
different choices of the attention scoring function $a$
lead to different behaviors of attention pooling.",0,120,40,66,c22620a96e3fbd97526f13ea9ccf508307d1175ea9bb8d3a5b6dfefb098a3f7f,CORPUS_EXTRACTED,EXACT_SOURCE_SUBSTRING,PRIMARY,C1,d2lce_18c3da2d5bdd6d05a83982fa,d2l_selected_campaign_scope_v1,PASS_CORPUS_EXTRACTED,"Exact source substring, hashes, provenance, and offsets verified.",True,True,ctx_320122f21daa284575796213,c7be0a9246bc095a583a96aa489e1cfa7e5430d173287e1dcdb44cab45e20d62,d2l_methodology_corpus_origin_audit,1.0.0
ctx_3201c5fa0f12832e74500d2f,document,d2l_convolutional_neural_networks,d2l_convolutional_neural_networks_pooling_b013,sentence_70145bb59874681b2781d1b6,"That is to say, using the $2\times 2$ maximum pooling layer,
we can still detect if the pattern recognized by the convolutional layer
moves no more than one element in height or width.",443,627,38,59,c22620a96e3fbd97526f13ea9ccf508307d1175ea9bb8d3a5b6dfefb098a3f7f,CORPUS_EXTRACTED,EXACT_SOURCE_SUBSTRING,PRIMARY,C2,d2lce_c343a692fe9bdfdabefe7687,d2l_selected_campaign_scope_v1,PASS_CORPUS_EXTRACTED,"Exact source substring, hashes, provenance, and offsets verified.",True,True,ctx_3201c5fa0f12832e74500d2f,512150c4bab3cf198135c656e06c24f9be6e0fc66450e2933ff4648e3d5db5dc,d2l_methodology_corpus_origin_audit,1.0.0
ctx_324283e43fc62ecd24e2a923,document,d2l_convolutional_neural_networks,d2l_convolutional_neural_networks_why_conv_b024,sentence_a9d90970a869cbaebdf775b3,"In the deep learning research community,
$\mathbf{V}$ is referred to as a *convolution kernel*,
a *filter*, or simply the layer's *weights* that are often learnable parameters.",191,367,75,93,c22620a96e3fbd97526f13ea9ccf508307d1175ea9bb8d3a5b6dfefb098a3f7f,CORPUS_EXTRACTED,EXACT_SOURCE_SUBSTRING,PRIMARY,C3,d2lce_7c27fa40b039d07e81508741,d2l_selected_campaign_scope_v1,PASS_CORPUS_EXTRACTED,"Exact source substring, hashes, provenance, and offsets verified.",True,True,ctx_324283e43fc62ecd24e2a923,ea44384824b9574344b0ca8d2ed6e3f1ebdc723385fe8dfee635cacc000a0254,d2l_methodology_corpus_origin_audit,1.0.0
ctx_326dc3e07d0b8de256dd37c6,document,d2l_convolutional_modern,d2l_convolutional_modern_batch_norm_b033,sentence_aab10595f7c1fc86d35a9c71,"Here we
            # need to maintain the shape of `X`, so that the broadcasting
            # operation can be carried out later
            mean = X.mean(axis=(0, 2, 3), keepdims=True)
            var = ((X - mean) ** 2).mean(axis=(0, 2, 3), keepdims=True)
        # In training mode, the current mean and variance are used for the
        # standardization
        X_hat = (X - mean) / np.sqrt(var + eps)
        # Update the mean and variance using moving average
        moving_mean = momentum * moving_mean + (1.0 - momentum) * mean
        moving_var = momentum * moving_var + (1.0 - momentum) * var
    Y = gamma * X_hat + beta  # Scale and shift
    return Y, moving_mean, moving_var
```",951,1648,69,81,c22620a96e3fbd97526f13ea9ccf508307d1175ea9bb8d3a5b6dfefb098a3f7f,CORPUS_EXTRACTED,EXACT_SOURCE_SUBSTRING,PRIMARY,C4,d2lce_499fa9391d57e930a19f1b19,d2l_selected_campaign_scope_v1,PASS_CORPUS_EXTRACTED,"Exact source substring, hashes, provenance, and offsets verified.",True,True,ctx_326dc3e07d0b8de256dd37c6,19c8f3b25aa551cbf5c66c50961edc1dbd80a90ca9285aa6758e2314d721c85b,d2l_methodology_corpus_origin_audit,1.0.0
ctx_328006017870b26dd1187448,document,d2l_convolutional_modern,d2l_convolutional_modern_batch_norm_b005,sentence_34628b37c3fe020c624c5cf1,"Our first step when working with real data
was to standardize our input features
to each have a mean of zero and variance of one.",188,317,50,61,c22620a96e3fbd97526f13ea9ccf508307d1175ea9bb8d3a5b6dfefb098a3f7f,CORPUS_EXTRACTED,EXACT_SOURCE_SUBSTRING,PRIMARY,C1,d2lce_d53294d467b28b07bf000b10,d2l_selected_campaign_scope_v1,PASS_CORPUS_EXTRACTED,"Exact source substring, hashes, provenance, and offsets verified.",True,True,ctx_328006017870b26dd1187448,a1e5c726b2d5f4368dc989321d7f5bc73044cbc6c1f8a29ccf9774e99b36ab21,d2l_methodology_corpus_origin_audit,1.0.0
ctx_3300f63f7d694e08f6eab024,document,d2l_computational_performance,d2l_computational_performance_multiple_gpus_b017,sentence_b960831963066a4ba1d5e6ee,"* In any iteration of training, given a random minibatch, we split the examples in the batch into $k$ portions and distribute them evenly across the GPUs.",0,154,9,18,c22620a96e3fbd97526f13ea9ccf508307d1175ea9bb8d3a5b6dfefb098a3f7f,CORPUS_EXTRACTED,EXACT_SOURCE_SUBSTRING,PRIMARY,C1,d2lce_c3c46748b1a49e32c07ca9d7,d2l_selected_campaign_scope_v1,PASS_CORPUS_EXTRACTED,"Exact source substring, hashes, provenance, and offsets verified.",True,True,ctx_3300f63f7d694e08f6eab024,59b401219be359560860cfc0ed94c0a6282024074342a3611f153b540e38ecef,d2l_methodology_corpus_origin_audit,1.0.0
ctx_33631d6a969125ba846d82b3,document,d2l_recurrent_neural_networks,d2l_recurrent_neural_networks_index_b006,sentence_486ec9d80c04ba9735ce9011,"Hence, we will emphasize language models in this chapter.",74,131,25,40,c22620a96e3fbd97526f13ea9ccf508307d1175ea9bb8d3a5b6dfefb098a3f7f,CORPUS_EXTRACTED,EXACT_SOURCE_SUBSTRING,PRIMARY,C1,d2lce_a7105fea7b2b3447548b6d7a,d2l_selected_campaign_scope_v1,PASS_CORPUS_EXTRACTED,"Exact source substring, hashes, provenance, and offsets verified.",True,True,ctx_33631d6a969125ba846d82b3,21be4d7e09a4aaf22f34123c1bc9ee131508c6373c28a8e869a4fb5ac020d10e,d2l_methodology_corpus_origin_audit,1.0.0
ctx_33c4a5d0c030d071cbc4dffd,document,d2l_computational_performance,d2l_computational_performance_async_computation_b011,sentence_1ce998d82e1e2780ce965fc0,Forcing MXNet to finish all the backend computation prior to returning shows what happened previously: computation is executed by the backend while the frontend returns control to Python.,160,347,152,160,c22620a96e3fbd97526f13ea9ccf508307d1175ea9bb8d3a5b6dfefb098a3f7f,CORPUS_EXTRACTED,EXACT_SOURCE_SUBSTRING,PRIMARY,C1,d2lce_24988c975f984ef488776c0b,d2l_selected_campaign_scope_v1,PASS_CORPUS_EXTRACTED,"Exact source substring, hashes, provenance, and offsets verified.",True,True,ctx_33c4a5d0c030d071cbc4dffd,69b170fab8e085388bb5c850613a5f91da8231a57eacd1a5066f76dd2d50d55f,d2l_methodology_corpus_origin_audit,1.0.0
ctx_33e923407e067945b2c17e33,document,d2l_generative_adversarial_networks,d2l_generative_adversarial_networks_gan_b007,sentence_e2ab610a2bfaf42a279db17f,The generator network attempts to fool the discriminator network.,659,724,4,13,c22620a96e3fbd97526f13ea9ccf508307d1175ea9bb8d3a5b6dfefb098a3f7f,CORPUS_EXTRACTED,EXACT_SOURCE_SUBSTRING,PRIMARY,C1,d2lce_73c8ce2915c4c64a52fab4a2,d2l_selected_campaign_scope_v1,PASS_CORPUS_EXTRACTED,"Exact source substring, hashes, provenance, and offsets verified.",True,True,ctx_33e923407e067945b2c17e33,eeea61c72e6f16ae8b7c32747c8085a8ea6ba1e06d0414b4daa809f49b4a8d8e,d2l_methodology_corpus_origin_audit,1.0.0
ctx_345e280a6afc1f3131a69523,document,d2l_linear_networks,d2l_linear_networks_linear_regression_concise_b071,sentence_eb5d73ff332cb72369d4d2b6,* TensorFlow's module `initializers` provides various methods for model parameter initialization.,272,369,66,81,c22620a96e3fbd97526f13ea9ccf508307d1175ea9bb8d3a5b6dfefb098a3f7f,CORPUS_EXTRACTED,EXACT_SOURCE_SUBSTRING,BACKUP,C2,d2lce_ed44d125cc1110c1c39f7b3e,d2l_selected_campaign_scope_v1,PASS_CORPUS_EXTRACTED,"Exact source substring, hashes, provenance, and offsets verified.",False,True,ctx_345e280a6afc1f3131a69523,38b50808da178ba292b7604bf50052d712acbb76ed946fd50a8f9a48d70ac5d6,d2l_methodology_corpus_origin_audit,1.0.0
ctx_347324cc4f55f0de9822bf6d,document,d2l_natural_language_processing_applications,d2l_natural_language_processing_applications_natural_language_inference_and_dataset_b022,sentence_7dc92f3d64439ccf8f1f531b,"```{.python .input}
#@tab all
#@save
def read_snli(data_dir, is_train):
    """"""Read the SNLI dataset into premises, hypotheses, and labels.""""""
    def extract_text(s):
        # Remove information that will not be used by us
        s = re.sub('\\(', '', s) 
        s = re.sub('\\)', '', s)
        # Substitute two or more consecutive whitespace with space
        s = re.sub('\\s{2,}', ' ', s)
        return s.strip()
    label_set = {'entailment': 0, 'contradiction': 1, 'neutral': 2}
    file_name = os.path.join(data_dir, 'snli_1.0_train.txt'
                             if is_train else 'snli_1.0_test.txt')
    with open(file_name, 'r') as f:
        rows = [row.split('\t') for row in f.readlines()[1:]]
    premises = [extract_text(row[1]) for row in rows if row[0] in label_set]
    hypotheses = [extract_text(row[2]) for row in rows if row[0] in label_set]
    labels = [label_set[row[0]] for row in rows if row[0] in label_set]
    return premises, hypotheses, labels
```",0,986,440,450,c22620a96e3fbd97526f13ea9ccf508307d1175ea9bb8d3a5b6dfefb098a3f7f,CORPUS_EXTRACTED,EXACT_SOURCE_SUBSTRING,PRIMARY,C2,d2lce_ca2ca961829e131bbc0fd92b,d2l_selected_campaign_scope_v1,PASS_CORPUS_EXTRACTED,"Exact source substring, hashes, provenance, and offsets verified.",True,True,ctx_347324cc4f55f0de9822bf6d,ddec6262a53d6a0f300d20dbbca1c93b0f850bf118463b2f187cd6247ef61b65,d2l_methodology_corpus_origin_audit,1.0.0
ctx_349b7a6daf79dfdfbe18c705,document,d2l_recurrent_modern,d2l_recurrent_modern_seq2seq_b044,sentence_2fa9df6bb0b2a50eac5ce8a1,"![Layers in an RNN encoder-decoder model.](../img/seq2seq-details.svg)
:label:`fig_seq2seq_details`",0,99,15,34,c22620a96e3fbd97526f13ea9ccf508307d1175ea9bb8d3a5b6dfefb098a3f7f,CORPUS_EXTRACTED,EXACT_SOURCE_SUBSTRING,PRIMARY,C2,d2lce_43488a3e1f15598ac9b1b6bc,d2l_selected_campaign_scope_v1,PASS_CORPUS_EXTRACTED,"Exact source substring, hashes, provenance, and offsets verified.",True,True,ctx_349b7a6daf79dfdfbe18c705,ad9b4918fdb268da5e88f0839b1e22a08d0af1b646750be1f79d27cfddd6a8ad,d2l_methodology_corpus_origin_audit,1.0.0
ctx_34ee6d32a2ff535ee2d88bde,document,d2l_attention_mechanisms,d2l_attention_mechanisms_attention_scoring_functions_b029,sentence_e6d40ff587d45d8b3e2770ce,"By using $\tanh$ as the activation function and disabling
bias terms,
we implement additive attention in the following.",322,441,24,43,c22620a96e3fbd97526f13ea9ccf508307d1175ea9bb8d3a5b6dfefb098a3f7f,CORPUS_EXTRACTED,EXACT_SOURCE_SUBSTRING,PRIMARY,C3,d2lce_e0c693366d811581abbb9e74,d2l_selected_campaign_scope_v1,PASS_CORPUS_EXTRACTED,"Exact source substring, hashes, provenance, and offsets verified.",True,True,ctx_34ee6d32a2ff535ee2d88bde,3665b4a1e420a6e82999a2356326467228cab0cdc604346bea21b46e212a6815,d2l_methodology_corpus_origin_audit,1.0.0
ctx_352957138cd800697e9e1625,document,d2l_multilayer_perceptrons,d2l_multilayer_perceptrons_environment_b046,sentence_87e176241c1b054a8737c832,"Assume that we want to estimate
some dependency $P(y \mid \mathbf{x})$
for which we have labeled data $(\mathbf{x}_i, y_i)$.",0,124,37,47,c22620a96e3fbd97526f13ea9ccf508307d1175ea9bb8d3a5b6dfefb098a3f7f,CORPUS_EXTRACTED,EXACT_SOURCE_SUBSTRING,PRIMARY,C1,d2lce_144baca5ccb9be2154705e92,d2l_selected_campaign_scope_v1,PASS_CORPUS_EXTRACTED,"Exact source substring, hashes, provenance, and offsets verified.",True,True,ctx_352957138cd800697e9e1625,f4f9d7c6c47df7182d0485d55b732d0cecf40bc1cba93b45d55fb0ae561a842e,d2l_methodology_corpus_origin_audit,1.0.0
ctx_352eb05d2112f610b0c4b6b2,document,d2l_linear_networks,d2l_linear_networks_linear_regression_concise_b069,sentence_907571fdfe8f1d665eb640dd,* MXNet's module `initializer` provides various methods for model parameter initialization.,268,359,60,75,c22620a96e3fbd97526f13ea9ccf508307d1175ea9bb8d3a5b6dfefb098a3f7f,CORPUS_EXTRACTED,EXACT_SOURCE_SUBSTRING,BACKUP,C2,d2lce_ed44d125cc1110c1c39f7b3e,d2l_selected_campaign_scope_v1,PASS_CORPUS_EXTRACTED,"Exact source substring, hashes, provenance, and offsets verified.",False,True,ctx_352eb05d2112f610b0c4b6b2,d817577f528b4b0c669bde724cae1ca2449475ee4612c191a757faba7e903287,d2l_methodology_corpus_origin_audit,1.0.0
ctx_358982713ee189170b08992f,document,d2l_computational_performance,d2l_computational_performance_async_computation_b015,sentence_bcfa0400368764c217d646a9,"As shown in :numref:`fig_frontends`, users can write MXNet programs in various frontend languages, such as Python, R, Scala, and C++.",181,314,79,87,c22620a96e3fbd97526f13ea9ccf508307d1175ea9bb8d3a5b6dfefb098a3f7f,CORPUS_EXTRACTED,EXACT_SOURCE_SUBSTRING,BACKUP,C2,d2lce_24988c975f984ef488776c0b,d2l_selected_campaign_scope_v1,PASS_CORPUS_EXTRACTED,"Exact source substring, hashes, provenance, and offsets verified.",False,True,ctx_358982713ee189170b08992f,dbcdc07a8d738f8a4966c08c953ebcaeb829316b5b9ddeb46196961c145956d5,d2l_methodology_corpus_origin_audit,1.0.0
ctx_3596d41647ddaacf0aed8755,document,d2l_deep_learning_computation,d2l_deep_learning_computation_model_construction_b048,sentence_93fc2a939f7c5a551053acc4,We call these *constant parameters*.,267,303,15,23,c22620a96e3fbd97526f13ea9ccf508307d1175ea9bb8d3a5b6dfefb098a3f7f,CORPUS_EXTRACTED,EXACT_SOURCE_SUBSTRING,BACKUP,C1,d2lce_46e81052dcb25b16e429062a,d2l_selected_campaign_scope_v1,PASS_CORPUS_EXTRACTED,"Exact source substring, hashes, provenance, and offsets verified.",False,True,ctx_3596d41647ddaacf0aed8755,6ddffb91d5e4a2470441c0bcb74bc839d34ac6535b73b69488bfc61101651f34,d2l_methodology_corpus_origin_audit,1.0.0
ctx_35cd85b391dd71dfd55cf5b7,document,d2l_appendix_mathematics_for_deep_learning,d2l_appendix_mathematics_for_deep_learning_random_variables_b004,sentence_fb287baaca698e293962428b,Continuous random variables are a significantly more subtle topic than discrete random variables.,0,97,71,96,c22620a96e3fbd97526f13ea9ccf508307d1175ea9bb8d3a5b6dfefb098a3f7f,CORPUS_EXTRACTED,EXACT_SOURCE_SUBSTRING,PRIMARY,C5,d2lce_e1a7c8e04c91b48272b3b5ee,d2l_selected_campaign_scope_v1,PASS_CORPUS_EXTRACTED,"Exact source substring, hashes, provenance, and offsets verified.",True,True,ctx_35cd85b391dd71dfd55cf5b7,73b48e4a3dd07360c1dc7e7a54861f4b4423382ae1785d3e74f327f2c88de6a4,d2l_methodology_corpus_origin_audit,1.0.0
ctx_35d82b9dff7df8ff9a2c49cd,document,d2l_natural_language_processing_pretraining,d2l_natural_language_processing_pretraining_word2vec_b023,sentence_0d8dee004eaf705069b266b2,The skip-gram model parameters are the center word vector and context word vector for each word in the vocabulary.,0,114,4,19,c22620a96e3fbd97526f13ea9ccf508307d1175ea9bb8d3a5b6dfefb098a3f7f,CORPUS_EXTRACTED,EXACT_SOURCE_SUBSTRING,PRIMARY,C3,d2lce_9cee0f2f668259a2568b89f4,d2l_selected_campaign_scope_v1,PASS_CORPUS_EXTRACTED,"Exact source substring, hashes, provenance, and offsets verified.",True,True,ctx_35d82b9dff7df8ff9a2c49cd,b443727e7a0080a21d168b5d01c8ad75372b14a856a866af47cf2d19bb429695,d2l_methodology_corpus_origin_audit,1.0.0
ctx_3630463c4fd1b1974674bd51,document,d2l_convolutional_modern,d2l_convolutional_modern_batch_norm_b033,sentence_aab10595f7c1fc86d35a9c71,"Here we
            # need to maintain the shape of `X`, so that the broadcasting
            # operation can be carried out later
            mean = X.mean(axis=(0, 2, 3), keepdims=True)
            var = ((X - mean) ** 2).mean(axis=(0, 2, 3), keepdims=True)
        # In training mode, the current mean and variance are used for the
        # standardization
        X_hat = (X - mean) / np.sqrt(var + eps)
        # Update the mean and variance using moving average
        moving_mean = momentum * moving_mean + (1.0 - momentum) * mean
        moving_var = momentum * moving_var + (1.0 - momentum) * var
    Y = gamma * X_hat + beta  # Scale and shift
    return Y, moving_mean, moving_var
```",951,1648,491,499,c22620a96e3fbd97526f13ea9ccf508307d1175ea9bb8d3a5b6dfefb098a3f7f,CORPUS_EXTRACTED,EXACT_SOURCE_SUBSTRING,PRIMARY,C2,d2lce_addfcc9899bef06c500b6b0e,d2l_selected_campaign_scope_v1,PASS_CORPUS_EXTRACTED,"Exact source substring, hashes, provenance, and offsets verified.",True,True,ctx_3630463c4fd1b1974674bd51,68e14f103f04457eb64aaa7e9418fc934eb6c8b424a138a7d5e486e8ebdbd6af,d2l_methodology_corpus_origin_audit,1.0.0
ctx_3637a629ea39c9358f83dfd8,document,d2l_multilayer_perceptrons,d2l_multilayer_perceptrons_weight_decay_b005,sentence_477bb7c89e0c4f2c2a671fcf,## Norms and Weight Decay,0,25,3,8,c22620a96e3fbd97526f13ea9ccf508307d1175ea9bb8d3a5b6dfefb098a3f7f,CORPUS_EXTRACTED,EXACT_SOURCE_SUBSTRING,PRIMARY,C1,d2lce_3e633e212e54590ca20bfc99,d2l_selected_campaign_scope_v1,PASS_CORPUS_EXTRACTED,"Exact source substring, hashes, provenance, and offsets verified.",True,True,ctx_3637a629ea39c9358f83dfd8,b20f15bdae2d922585e76e177b2920526f93ee1d4ecbc3adfdf9820aa2c1d322,d2l_methodology_corpus_origin_audit,1.0.0
ctx_3644f67a4a402cab9ab7890d,document,d2l_preface,d2l_preface_index_b013,sentence_85b2c60adbf9dea1f0f837bf,"For example, Chris Bishop's excellent textbook :cite:`Bishop.2006`,
teaches each topic so thoroughly
that getting to the chapter
on linear regression requires 
a non-trivial amount of work.",84,273,139,149,c22620a96e3fbd97526f13ea9ccf508307d1175ea9bb8d3a5b6dfefb098a3f7f,CORPUS_EXTRACTED,EXACT_SOURCE_SUBSTRING,BACKUP,C2,d2lce_3b6a75bdbf023ea1f3ed2cc8,d2l_selected_campaign_scope_v1,PASS_CORPUS_EXTRACTED,"Exact source substring, hashes, provenance, and offsets verified.",False,True,ctx_3644f67a4a402cab9ab7890d,214e31c38587a70ae654f5f625e980274bfd0b2840ba723e1a8f1d43fbdc6ab8,d2l_methodology_corpus_origin_audit,1.0.0
ctx_36554f5312ed2da8c360daae,document,d2l_recommender_systems,d2l_recommender_systems_mf_b003,sentence_6d02158864e85b0b616c66f8,## The Matrix Factorization Model,0,33,7,27,c22620a96e3fbd97526f13ea9ccf508307d1175ea9bb8d3a5b6dfefb098a3f7f,CORPUS_EXTRACTED,EXACT_SOURCE_SUBSTRING,BACKUP,C4,d2lce_bbf89ef89c96205886255dcf,d2l_selected_campaign_scope_v1,PASS_CORPUS_EXTRACTED,"Exact source substring, hashes, provenance, and offsets verified.",False,True,ctx_36554f5312ed2da8c360daae,c368a6b415c2df28bb99f2dc922c28cb33bb249eae737c522c2f2a293995d749,d2l_methodology_corpus_origin_audit,1.0.0
ctx_368170831130d1827fe9f440,document,d2l_natural_language_processing_applications,d2l_natural_language_processing_applications_natural_language_inference_and_dataset_b008,sentence_53f83f8ae9a24adc94d4bb05,> Hypothesis: Two women are showing affection.,0,46,2,12,c22620a96e3fbd97526f13ea9ccf508307d1175ea9bb8d3a5b6dfefb098a3f7f,CORPUS_EXTRACTED,EXACT_SOURCE_SUBSTRING,PRIMARY,C2,d2lce_dbb300a90e4b0f8b815b5e12,d2l_selected_campaign_scope_v1,PASS_CORPUS_EXTRACTED,"Exact source substring, hashes, provenance, and offsets verified.",True,True,ctx_368170831130d1827fe9f440,a75e708049ec86f06f312b2bc169bffbbe48c82e6e6991fbabb47997d48436d2,d2l_methodology_corpus_origin_audit,1.0.0
ctx_37042d54237b28f1a02cd33b,document,d2l_computer_vision,d2l_computer_vision_ssd_b088,sentence_c99cd7fa2845c1d41edb047b,* Single shot multibox detection is a multiscale object detection model.,0,72,49,71,c22620a96e3fbd97526f13ea9ccf508307d1175ea9bb8d3a5b6dfefb098a3f7f,CORPUS_EXTRACTED,EXACT_SOURCE_SUBSTRING,PRIMARY,C3,d2lce_1cc990a2aa4f03a55ea8c851,d2l_selected_campaign_scope_v1,PASS_CORPUS_EXTRACTED,"Exact source substring, hashes, provenance, and offsets verified.",True,True,ctx_37042d54237b28f1a02cd33b,564bcaa99aba06058f70571f712bd6ff1b970e4dd0d98f5e44b8ec4c1e34080f,d2l_methodology_corpus_origin_audit,1.0.0
ctx_37f65cfdd3725f0a5fd41ed1,document,d2l_computer_vision,d2l_computer_vision_semantic_segmentation_and_dataset_b001,sentence_ca36f30ca563af4724a95e0b,"# Semantic Segmentation and the Dataset
:label:`sec_semantic_segmentation`",0,74,2,23,c22620a96e3fbd97526f13ea9ccf508307d1175ea9bb8d3a5b6dfefb098a3f7f,CORPUS_EXTRACTED,EXACT_SOURCE_SUBSTRING,PRIMARY,C1,d2lce_2e41378b04489016bfe5707a,d2l_selected_campaign_scope_v1,PASS_CORPUS_EXTRACTED,"Exact source substring, hashes, provenance, and offsets verified.",True,True,ctx_37f65cfdd3725f0a5fd41ed1,a87ece1915bdb11677f7ceff5d5a732bce2daa6b3bb1cddb47879ae0dce0d69f,d2l_methodology_corpus_origin_audit,1.0.0
ctx_3866a3d1dc9bad289462f97a,document,d2l_natural_language_processing_pretraining,d2l_natural_language_processing_pretraining_similarity_analogy_b012,sentence_dc403df437043336eb2b382b,The vocabulary contains 400000 words (tokens) and a special unknown token.,28,102,60,73,c22620a96e3fbd97526f13ea9ccf508307d1175ea9bb8d3a5b6dfefb098a3f7f,CORPUS_EXTRACTED,EXACT_SOURCE_SUBSTRING,PRIMARY,C2,d2lce_9e5c3dd254843c7ec95d4960,d2l_selected_campaign_scope_v1,PASS_CORPUS_EXTRACTED,"Exact source substring, hashes, provenance, and offsets verified.",True,True,ctx_3866a3d1dc9bad289462f97a,dd093edf00aae96bbbd2b754fbbebd49db359ee535c1419d4d59d0247da409b0,d2l_methodology_corpus_origin_audit,1.0.0
ctx_3923942a6da07182f6169b13,document,d2l_convolutional_neural_networks,d2l_convolutional_neural_networks_why_conv_b024,sentence_9f5becd63a4c7ebe588de85a,"While previously, we might have required billions of parameters
to represent just a single layer in an image-processing network,
we now typically need just a few hundred, without
altering the dimensionality of either
the inputs or the hidden representations.",475,733,192,206,c22620a96e3fbd97526f13ea9ccf508307d1175ea9bb8d3a5b6dfefb098a3f7f,CORPUS_EXTRACTED,EXACT_SOURCE_SUBSTRING,BACKUP,C1,d2lce_f3dedf5fcd54a46940474022,d2l_selected_campaign_scope_v1,PASS_CORPUS_EXTRACTED,"Exact source substring, hashes, provenance, and offsets verified.",False,True,ctx_3923942a6da07182f6169b13,5e8de43aa23b0633acacbf449092c1822209130046f269723eecd9bfbb8155e5,d2l_methodology_corpus_origin_audit,1.0.0
ctx_39675d05889cacc1f1ffdf06,document,d2l_natural_language_processing_applications,d2l_natural_language_processing_applications_natural_language_inference_and_dataset_b005,sentence_a151910f5f4bc31abf6d3612,* *Contradiction*: the negation of the hypothesis can be inferred from the premise.,65,148,39,49,c22620a96e3fbd97526f13ea9ccf508307d1175ea9bb8d3a5b6dfefb098a3f7f,CORPUS_EXTRACTED,EXACT_SOURCE_SUBSTRING,PRIMARY,C2,d2lce_dbb300a90e4b0f8b815b5e12,d2l_selected_campaign_scope_v1,PASS_CORPUS_EXTRACTED,"Exact source substring, hashes, provenance, and offsets verified.",True,True,ctx_39675d05889cacc1f1ffdf06,a63dbb6abe67c7337aaaf25ce0e76707d52ce54c3c54010558ee9a37dfc2d810,d2l_methodology_corpus_origin_audit,1.0.0
ctx_3972c87ed9f0cc305dbef415,document,d2l_convolutional_neural_networks,d2l_convolutional_neural_networks_channels_b005,sentence_d0e3e7a4e3d16a4ce2e845e8,"When the input data contain multiple channels,
we need to construct a convolution kernel
with the same number of input channels as the input data,
so that it can perform cross-correlation with the input data.",0,208,28,45,c22620a96e3fbd97526f13ea9ccf508307d1175ea9bb8d3a5b6dfefb098a3f7f,CORPUS_EXTRACTED,EXACT_SOURCE_SUBSTRING,PRIMARY,C3,d2lce_ccf7d0a5109d86ee76a75b9c,d2l_selected_campaign_scope_v1,PASS_CORPUS_EXTRACTED,"Exact source substring, hashes, provenance, and offsets verified.",True,True,ctx_3972c87ed9f0cc305dbef415,503fb012959da8c0a6b76f92879deed8537839c0cd062d9c2c9659013109e4c5,d2l_methodology_corpus_origin_audit,1.0.0
ctx_3987a234779617d234e91796,document,d2l_computer_vision,d2l_computer_vision_ssd_b055,sentence_38bb9873db0d0eed95516093,"Since 4 anchor boxes 
are generated for each unit along spatial dimensions
of feature maps,
at all the five scales
a total of $(32^2 + 16^2 + 8^2 + 4^2 + 1)\times 4 = 5444$ anchor boxes are generated for each image.",208,423,56,74,c22620a96e3fbd97526f13ea9ccf508307d1175ea9bb8d3a5b6dfefb098a3f7f,CORPUS_EXTRACTED,EXACT_SOURCE_SUBSTRING,BACKUP,C2,d2lce_5300144b7f5b4ce29dd12ec6,d2l_selected_campaign_scope_v1,PASS_CORPUS_EXTRACTED,"Exact source substring, hashes, provenance, and offsets verified.",False,True,ctx_3987a234779617d234e91796,e714e1fe464f9bb51e0691cd77b77bf8ea07854aca27552a07fbe988f005caf1,d2l_methodology_corpus_origin_audit,1.0.0
ctx_399193474e26307c198edb25,document,d2l_introduction,d2l_introduction_index_b026,sentence_4ea75194317ad8c8d2cc0a3b,We risk losing information in the cropped out portions.,354,409,3,7,c22620a96e3fbd97526f13ea9ccf508307d1175ea9bb8d3a5b6dfefb098a3f7f,CORPUS_EXTRACTED,EXACT_SOURCE_SUBSTRING,BACKUP,C1,d2lce_c9e2beab505998c5b3b560b5,d2l_selected_campaign_scope_v1,PASS_CORPUS_EXTRACTED,"Exact source substring, hashes, provenance, and offsets verified.",False,True,ctx_399193474e26307c198edb25,81cc3f70213f640010d04a0757b200fc07a52386192fcca6c5a6dc237abd9ecf,d2l_methodology_corpus_origin_audit,1.0.0
ctx_39af2ece89443cd7fa86dfc2,document,d2l_computational_performance,d2l_computational_performance_multiple_gpus_b018,sentence_4e009808425c43f9200b01cd,On a 16-GPU server this can increase the minibatch size considerably and we may have to increase the learning rate accordingly.,188,315,41,55,c22620a96e3fbd97526f13ea9ccf508307d1175ea9bb8d3a5b6dfefb098a3f7f,CORPUS_EXTRACTED,EXACT_SOURCE_SUBSTRING,BACKUP,C1,d2lce_152a9bcc9b8b5f6cc5586c54,d2l_selected_campaign_scope_v1,PASS_CORPUS_EXTRACTED,"Exact source substring, hashes, provenance, and offsets verified.",False,True,ctx_39af2ece89443cd7fa86dfc2,af40572c41fbff718a62361e4438383da1ba6599cf4dfe887d46d416d960cc44,d2l_methodology_corpus_origin_audit,1.0.0
ctx_39e45ec1b48aa92cec021d14,document,d2l_convolutional_neural_networks,d2l_convolutional_neural_networks_conv_layer_b038,sentence_1f833761845c510b79799981,"For the sake of simplicity, we ignore the bias here
conv2d = nn.Conv2D(1, kernel_size=(1, 2), use_bias=False)
conv2d.initialize()

# The two-dimensional convolutional layer uses four-dimensional input and
# output in the format of (example, channel, height, width), where the batch
# size (number of examples in the batch) and the number of channels are both 1
X = X.reshape(1, 1, 6, 8)
Y = Y.reshape(1, 1, 6, 7)
lr = 3e-2  # Learning rate

for i in range(10):
    with autograd.record():
        Y_hat = conv2d(X)
        l = (Y_hat - Y) ** 2
    l.backward()
    # Update the kernel
    conv2d.weight.data()[:] -= lr * conv2d.weight.grad()
    if (i + 1) % 2 == 0:
        print(f'epoch {i + 1}, loss {float(l.sum()):.3f}')
```",124,853,426,439,c22620a96e3fbd97526f13ea9ccf508307d1175ea9bb8d3a5b6dfefb098a3f7f,CORPUS_EXTRACTED,EXACT_SOURCE_SUBSTRING,PRIMARY,C4,d2lce_cc4cb853eff638abcbdf7691,d2l_selected_campaign_scope_v1,PASS_CORPUS_EXTRACTED,"Exact source substring, hashes, provenance, and offsets verified.",True,True,ctx_39e45ec1b48aa92cec021d14,1ed34fdb63afe1a57c0e824f4a7644b44da6e668034ae1874ed25b49943ab3ee,d2l_methodology_corpus_origin_audit,1.0.0
ctx_3a53b83e0b10536984dc1341,document,d2l_natural_language_processing_pretraining,d2l_natural_language_processing_pretraining_index_b001,sentence_d7ee415d2638b6e062e802f6,"# Natural Language Processing: Pretraining
:label:`chap_nlp_pretrain`",0,69,2,29,c22620a96e3fbd97526f13ea9ccf508307d1175ea9bb8d3a5b6dfefb098a3f7f,CORPUS_EXTRACTED,EXACT_SOURCE_SUBSTRING,PRIMARY,C1,d2lce_609638f74bc5b32d32469bbc,d2l_selected_campaign_scope_v1,PASS_CORPUS_EXTRACTED,"Exact source substring, hashes, provenance, and offsets verified.",True,True,ctx_3a53b83e0b10536984dc1341,dd658a5fe7f40fee215f8a87db6c2405c0fd2028443a25df0ab38c4a32cf6d74,d2l_methodology_corpus_origin_audit,1.0.0
ctx_3a70b91cc809a88026050552,document,d2l_convolutional_neural_networks,d2l_convolutional_neural_networks_why_conv_b046,sentence_c71be2b79bca6c54d860368d,Assume that the size of the convolution kernel is $\Delta = 0$.,3,66,28,46,c22620a96e3fbd97526f13ea9ccf508307d1175ea9bb8d3a5b6dfefb098a3f7f,CORPUS_EXTRACTED,EXACT_SOURCE_SUBSTRING,BACKUP,C2,d2lce_7c27fa40b039d07e81508741,d2l_selected_campaign_scope_v1,PASS_CORPUS_EXTRACTED,"Exact source substring, hashes, provenance, and offsets verified.",False,True,ctx_3a70b91cc809a88026050552,2bf2fb0d5bc5ec64fb2e35dc474fb7465375bc84a9c13716444dd7f21ffa3dd0,d2l_methodology_corpus_origin_audit,1.0.0
ctx_3a785df09f9744986fcf3844,document,d2l_multilayer_perceptrons,d2l_multilayer_perceptrons_kaggle_house_price_b036,sentence_6d29733d9dccffbc13e64bfa,"Intuitively, we standardize the data
for two reasons.",321,374,16,27,c22620a96e3fbd97526f13ea9ccf508307d1175ea9bb8d3a5b6dfefb098a3f7f,CORPUS_EXTRACTED,EXACT_SOURCE_SUBSTRING,BACKUP,C1,d2lce_d53294d467b28b07bf000b10,d2l_selected_campaign_scope_v1,PASS_CORPUS_EXTRACTED,"Exact source substring, hashes, provenance, and offsets verified.",False,True,ctx_3a785df09f9744986fcf3844,980742b58d36010978601987ff404011d3756ce2a3650b9865cf4588f92a9954,d2l_methodology_corpus_origin_audit,1.0.0
ctx_3a787d4bd1c1d0430072fda6,document,d2l_attention_mechanisms,d2l_attention_mechanisms_self_attention_and_positional_encoding_b018,sentence_aec5f1a0b7ef3071c4be97a2,Consider a convolutional layer whose kernel size is $k$.,0,56,11,30,c22620a96e3fbd97526f13ea9ccf508307d1175ea9bb8d3a5b6dfefb098a3f7f,CORPUS_EXTRACTED,EXACT_SOURCE_SUBSTRING,PRIMARY,C1,d2lce_d2bfc7b3a0a02ddfd71b3526,d2l_selected_campaign_scope_v1,PASS_CORPUS_EXTRACTED,"Exact source substring, hashes, provenance, and offsets verified.",True,True,ctx_3a787d4bd1c1d0430072fda6,c7640e276193e2085286cf02114ca6f49577e9db94db208c92f3b5401d6cfcfe,d2l_methodology_corpus_origin_audit,1.0.0
ctx_3a83fa91846a046a5913f179,document,d2l_convolutional_modern,d2l_convolutional_modern_alexnet_b020,sentence_91f0f881de565f72844a6999,"Fortunately, this math is strikingly similar
to that required to calculate convolutional layers.",341,437,75,95,c22620a96e3fbd97526f13ea9ccf508307d1175ea9bb8d3a5b6dfefb098a3f7f,CORPUS_EXTRACTED,EXACT_SOURCE_SUBSTRING,BACKUP,C2,d2lce_d2bfc7b3a0a02ddfd71b3526,d2l_selected_campaign_scope_v1,PASS_CORPUS_EXTRACTED,"Exact source substring, hashes, provenance, and offsets verified.",False,True,ctx_3a83fa91846a046a5913f179,f9635af4e08c17396e131e60abae44e7243ee7301e2db0027b6233392a5e0bc1,d2l_methodology_corpus_origin_audit,1.0.0
ctx_3a8bc7234edcdcf52ec4704f,document,d2l_recurrent_modern,d2l_recurrent_modern_gru_b003,sentence_c03cb91916af4757c415c1b7,"Consider the somewhat
  contrived case where the first observation contains a checksum and the goal is
  to discern whether the checksum is correct at the end of the sequence.",124,299,55,66,c22620a96e3fbd97526f13ea9ccf508307d1175ea9bb8d3a5b6dfefb098a3f7f,CORPUS_EXTRACTED,EXACT_SOURCE_SUBSTRING,PRIMARY,C1,d2lce_4f85955c4fd10e184dc97d32,d2l_selected_campaign_scope_v1,PASS_CORPUS_EXTRACTED,"Exact source substring, hashes, provenance, and offsets verified.",True,True,ctx_3a8bc7234edcdcf52ec4704f,0ae5ea2fdf9a06d943df73197061c861a3ebba0e25a243ed576a4e71ef98ccfd,d2l_methodology_corpus_origin_audit,1.0.0
ctx_3abb4265df9a90360405c9fc,document,d2l_introduction,d2l_introduction_index_b042,sentence_4791b1d8adeb1f0a5769121f,"This observation, ""heart attack"" or ""no heart attack"",
would be our label.",166,240,5,16,c22620a96e3fbd97526f13ea9ccf508307d1175ea9bb8d3a5b6dfefb098a3f7f,CORPUS_EXTRACTED,EXACT_SOURCE_SUBSTRING,PRIMARY,C3,d2lce_4f85955c4fd10e184dc97d32,d2l_selected_campaign_scope_v1,PASS_CORPUS_EXTRACTED,"Exact source substring, hashes, provenance, and offsets verified.",True,True,ctx_3abb4265df9a90360405c9fc,48e4da91ec9c3c6ed61f281bd4c4c8f3815e6c60835945a14d225ad7050db6b1,d2l_methodology_corpus_origin_audit,1.0.0
ctx_3ac4117865b320b21d1179ce,document,d2l_natural_language_processing_pretraining,d2l_natural_language_processing_pretraining_approx_training_b004,sentence_75973e48121da43210ba0854,"In order to reduce the aforementioned computational complexity, this section will introduce two approximate training methods:
*negative sampling* and *hierarchical softmax*.",0,173,96,116,c22620a96e3fbd97526f13ea9ccf508307d1175ea9bb8d3a5b6dfefb098a3f7f,CORPUS_EXTRACTED,EXACT_SOURCE_SUBSTRING,PRIMARY,C1,d2lce_28ab2b419f6b871a62a06060,d2l_selected_campaign_scope_v1,PASS_CORPUS_EXTRACTED,"Exact source substring, hashes, provenance, and offsets verified.",True,True,ctx_3ac4117865b320b21d1179ce,36fb1622202415764029ab309e7da2bbf986b486268cbc9405d6020a206db275,d2l_methodology_corpus_origin_audit,1.0.0
ctx_3ac692608d8f389e24ac043e,document,d2l_multilayer_perceptrons,d2l_multilayer_perceptrons_mlp_b006,sentence_36cf6c957b31f8ff8eab5cb3,"An increase in income from 0 to 50 thousand
likely corresponds to a bigger increase
in likelihood of repayment
than an increase from 1 million to 1.05 million.",674,833,87,97,c22620a96e3fbd97526f13ea9ccf508307d1175ea9bb8d3a5b6dfefb098a3f7f,CORPUS_EXTRACTED,EXACT_SOURCE_SUBSTRING,BACKUP,C2,d2lce_a1d9f9c783c09cc52dedbe55,d2l_selected_campaign_scope_v1,PASS_CORPUS_EXTRACTED,"Exact source substring, hashes, provenance, and offsets verified.",False,True,ctx_3ac692608d8f389e24ac043e,e16b5416c74a1c5686c7e3cea1b3000da9408af74713d628703b2bfecaa960b7,d2l_methodology_corpus_origin_audit,1.0.0
ctx_3ac83e193e5c8c27fd8e98a3,document,d2l_multilayer_perceptrons,d2l_multilayer_perceptrons_environment_b008,sentence_aaae1a61682b44c34d995c43,"Consider a binary classification problem,
where we wish to distinguish between dogs and cats.",0,93,11,32,c22620a96e3fbd97526f13ea9ccf508307d1175ea9bb8d3a5b6dfefb098a3f7f,CORPUS_EXTRACTED,EXACT_SOURCE_SUBSTRING,BACKUP,C2,d2lce_bb2aa6e567ff5ce9563e209b,d2l_selected_campaign_scope_v1,PASS_CORPUS_EXTRACTED,"Exact source substring, hashes, provenance, and offsets verified.",False,True,ctx_3ac83e193e5c8c27fd8e98a3,7f135c37c18cef5c144b619e539cf90b08fcf5b469eb19d78bece0a1f06a7096,d2l_methodology_corpus_origin_audit,1.0.0
ctx_3b646f556dedb3e0fad436ed,document,d2l_linear_networks,d2l_linear_networks_linear_regression_scratch_b047,sentence_96e19630d0d6e9e21e7cdc25,"Now that we have all of the parts in place,
we are ready to [**implement the main training loop.**]
It is crucial that you understand this code
because you will see nearly identical training loops
over and over again throughout your career in deep learning.",0,257,34,42,c22620a96e3fbd97526f13ea9ccf508307d1175ea9bb8d3a5b6dfefb098a3f7f,CORPUS_EXTRACTED,EXACT_SOURCE_SUBSTRING,PRIMARY,C4,d2lce_2684090fd4500122fec2a334,d2l_selected_campaign_scope_v1,PASS_CORPUS_EXTRACTED,"Exact source substring, hashes, provenance, and offsets verified.",True,True,ctx_3b646f556dedb3e0fad436ed,066bb3ba77ff4ba563b651e60165bf6355b1840fcb6b8fea37409262ce141e8a,d2l_methodology_corpus_origin_audit,1.0.0
ctx_3b89d2852c572ba5f6a4df35,document,d2l_appendix_mathematics_for_deep_learning,d2l_appendix_mathematics_for_deep_learning_statistics_b050,sentence_72a75c25eaabd312b105286a,A null hypothesis is often stated in a declarative form which posits a relationship between variables.,401,503,2,17,c22620a96e3fbd97526f13ea9ccf508307d1175ea9bb8d3a5b6dfefb098a3f7f,CORPUS_EXTRACTED,EXACT_SOURCE_SUBSTRING,PRIMARY,C2,d2lce_11e1c294000ac67785408dcd,d2l_selected_campaign_scope_v1,PASS_CORPUS_EXTRACTED,"Exact source substring, hashes, provenance, and offsets verified.",True,True,ctx_3b89d2852c572ba5f6a4df35,c63ba2b9b4baab164d93057cc2b2f2174b52381b1bec7cdfc351790cd0a5c9fe,d2l_methodology_corpus_origin_audit,1.0.0
ctx_3b91b2f9f2875a350642ef75,document,d2l_multilayer_perceptrons,d2l_multilayer_perceptrons_weight_decay_b007,sentence_964116d34ced1168ead709da,"Thus we replace our original objective,
*minimizing the prediction loss on the training labels*,
with new objective,
*minimizing the sum of the prediction loss and the penalty term*.",324,506,29,38,c22620a96e3fbd97526f13ea9ccf508307d1175ea9bb8d3a5b6dfefb098a3f7f,CORPUS_EXTRACTED,EXACT_SOURCE_SUBSTRING,PRIMARY,C1,d2lce_cf168d11faf5e675efa7e0a3,d2l_selected_campaign_scope_v1,PASS_CORPUS_EXTRACTED,"Exact source substring, hashes, provenance, and offsets verified.",True,True,ctx_3b91b2f9f2875a350642ef75,65b9a8869b777157290d9ce55b6a806bda6b97b9223af81a8ad926e3d83b1607,d2l_methodology_corpus_origin_audit,1.0.0
ctx_3c0646bacb04e52b12ad59ca,document,d2l_multilayer_perceptrons,d2l_multilayer_perceptrons_numerical_stability_and_init_b011,sentence_a26f0b64b1c850a20645f708,"One frequent culprit causing the vanishing gradient problem
is the choice of the activation function $\sigma$
that is appended following each layer's linear operations.",0,168,33,51,c22620a96e3fbd97526f13ea9ccf508307d1175ea9bb8d3a5b6dfefb098a3f7f,CORPUS_EXTRACTED,EXACT_SOURCE_SUBSTRING,PRIMARY,C2,d2lce_d7976d0b101e65c34c011871,d2l_selected_campaign_scope_v1,PASS_CORPUS_EXTRACTED,"Exact source substring, hashes, provenance, and offsets verified.",True,True,ctx_3c0646bacb04e52b12ad59ca,f90a7df7141ee838350f9b68f3dcb86dcbed13a745633a70fb720e51c9ecfc9e,d2l_methodology_corpus_origin_audit,1.0.0
ctx_3c14b0a0feee3453249740d4,document,d2l_attention_mechanisms,d2l_attention_mechanisms_attention_cues_b014,sentence_148cff5fea05df5b2c3e4f97,"As shown in :numref:`fig_qkv`,
we can design attention pooling
so that the given query (volitional cue) can interact with keys (nonvolitional cues),
which guides bias selection over values (sensory inputs).",568,774,122,126,c22620a96e3fbd97526f13ea9ccf508307d1175ea9bb8d3a5b6dfefb098a3f7f,CORPUS_EXTRACTED,EXACT_SOURCE_SUBSTRING,PRIMARY,C1,d2lce_776fd3328d5e31aeebe484ec,d2l_selected_campaign_scope_v1,PASS_CORPUS_EXTRACTED,"Exact source substring, hashes, provenance, and offsets verified.",True,True,ctx_3c14b0a0feee3453249740d4,8dc6d6af35650d23464795121e11bf67a53db6f3a8e32456bbd2178f4d5667e5,d2l_methodology_corpus_origin_audit,1.0.0
ctx_3c33a18dd04e08da418034a3,document,d2l_convolutional_modern,d2l_convolutional_modern_googlenet_b044,sentence_82923a2c2d65c921166e6a24,"Compare the model parameter sizes of AlexNet, VGG, and NiN with GoogLeNet.",625,699,12,27,c22620a96e3fbd97526f13ea9ccf508307d1175ea9bb8d3a5b6dfefb098a3f7f,CORPUS_EXTRACTED,EXACT_SOURCE_SUBSTRING,BACKUP,C2,d2lce_ed44d125cc1110c1c39f7b3e,d2l_selected_campaign_scope_v1,PASS_CORPUS_EXTRACTED,"Exact source substring, hashes, provenance, and offsets verified.",False,True,ctx_3c33a18dd04e08da418034a3,fe13d1523ddeb65a6acabd36adb6921d0cad7723d237e441a77e4165f34bb335,d2l_methodology_corpus_origin_audit,1.0.0
ctx_3c4a7aaec02b50911df8c766,document,d2l_recurrent_modern,d2l_recurrent_modern_seq2seq_b065,sentence_a310602f3d1e430e5bfceb85,"```{.python .input}
#@save
def train_seq2seq(net, data_iter, lr, num_epochs, tgt_vocab, device):
    """"""Train a model for sequence to sequence.""""""
    net.initialize(init.Xavier(), force_reinit=True, ctx=device)
    trainer = gluon.Trainer(net.collect_params(), 'adam',
                            {'learning_rate': lr})
    loss = MaskedSoftmaxCELoss()
    animator = d2l.Animator(xlabel='epoch', ylabel='loss',
                            xlim=[10, num_epochs])
    for epoch in range(num_epochs):
        timer = d2l.Timer()
        metric = d2l.Accumulator(2)  # Sum of training loss, no.",0,592,263,267,c22620a96e3fbd97526f13ea9ccf508307d1175ea9bb8d3a5b6dfefb098a3f7f,CORPUS_EXTRACTED,EXACT_SOURCE_SUBSTRING,PRIMARY,C1,d2lce_7ef8ed3f93210606a27312a4,d2l_selected_campaign_scope_v1,PASS_CORPUS_EXTRACTED,"Exact source substring, hashes, provenance, and offsets verified.",True,True,ctx_3c4a7aaec02b50911df8c766,08c94fcbdffb500a1b1bbe1b3afeac1cd51df183f48bb73545f8065ed0d5717d,d2l_methodology_corpus_origin_audit,1.0.0
ctx_3c67ae78c4b02de37fc6d11f,document,d2l_convolutional_modern,d2l_convolutional_modern_nin_b002,sentence_45a90c9a6497689330b2033b,"They were proposed based on a very simple insight:
to use an MLP on the channels for each pixel separately :cite:`Lin.Chen.Yan.2013`.",600,733,61,64,c22620a96e3fbd97526f13ea9ccf508307d1175ea9bb8d3a5b6dfefb098a3f7f,CORPUS_EXTRACTED,EXACT_SOURCE_SUBSTRING,PRIMARY,C1,d2lce_0ac8f3308547fb001c31e869,d2l_selected_campaign_scope_v1,PASS_CORPUS_EXTRACTED,"Exact source substring, hashes, provenance, and offsets verified.",True,True,ctx_3c67ae78c4b02de37fc6d11f,09995fc7f496d799ba91f1f796295182690fea410cc61197d65f9ffc339fcd74,d2l_methodology_corpus_origin_audit,1.0.0
ctx_3ca9380a219c00402d68c678,document,d2l_natural_language_processing_applications,d2l_natural_language_processing_applications_sentiment_analysis_cnn_b015,sentence_3c394edc4ba7c1cb1494e805,"For any
one-dimensional input with multiple channels,
the convolution kernel
needs to have the same number of input channels.",0,125,35,52,c22620a96e3fbd97526f13ea9ccf508307d1175ea9bb8d3a5b6dfefb098a3f7f,CORPUS_EXTRACTED,EXACT_SOURCE_SUBSTRING,PRIMARY,C3,d2lce_ccf7d0a5109d86ee76a75b9c,d2l_selected_campaign_scope_v1,PASS_CORPUS_EXTRACTED,"Exact source substring, hashes, provenance, and offsets verified.",True,True,ctx_3ca9380a219c00402d68c678,0d23af19abae3e8301ae77f70a18376053476b192984febcd67580a9faddd2b5,d2l_methodology_corpus_origin_audit,1.0.0
ctx_3cca6631d5799589a1c90086,document,d2l_natural_language_processing_applications,d2l_natural_language_processing_applications_index_b004,sentence_96aa4fa67099dad746327f82,"Given pretrained text representations,
this chapter will explore two 
popular and representative
downstream natural language processing tasks:
sentiment analysis and natural language inference,
which analyze single text and relationships of text pairs, respectively.",229,495,183,192,c22620a96e3fbd97526f13ea9ccf508307d1175ea9bb8d3a5b6dfefb098a3f7f,CORPUS_EXTRACTED,EXACT_SOURCE_SUBSTRING,CONTRASTIVE,C5,d2lce_1ff0c13e857af8ab6956fc96,d2l_selected_campaign_scope_v1,PASS_CORPUS_EXTRACTED,"Exact source substring, hashes, provenance, and offsets verified.",True,True,ctx_3cca6631d5799589a1c90086,da9f8fe47fbe56e80fa5d81ee117b4ad228cb498bffb1291fe1f19de4513d950,d2l_methodology_corpus_origin_audit,1.0.0
ctx_3ccd2fb56cb762a513ca604f,document,d2l_convolutional_modern,d2l_convolutional_modern_batch_norm_b034,sentence_c8241a56f333fe7039f7fb56,"```{.python .input}
#@tab pytorch
from d2l import torch as d2l
import torch
from torch import nn

def batch_norm(X, gamma, beta, moving_mean, moving_var, eps, momentum):
    # Use `is_grad_enabled` to determine whether the current mode is training
    # mode or prediction mode
    if not torch.is_grad_enabled():
        # If it is prediction mode, directly use the mean and variance
        # obtained by moving average
        X_hat = (X - moving_mean) / torch.sqrt(moving_var + eps)
    else:
        assert len(X.shape) in (2, 4)
        if len(X.shape) == 2:
            # When using a fully-connected layer, calculate the mean and
            # variance on the feature dimension
            mean = X.mean(dim=0)
            var = ((X - mean) ** 2).mean(dim=0)
        else:
            # When using a two-dimensional convolutional layer, calculate the
            # mean and variance on the channel dimension (axis=1).",0,925,159,167,c22620a96e3fbd97526f13ea9ccf508307d1175ea9bb8d3a5b6dfefb098a3f7f,CORPUS_EXTRACTED,EXACT_SOURCE_SUBSTRING,BACKUP,C2,d2lce_addfcc9899bef06c500b6b0e,d2l_selected_campaign_scope_v1,PASS_CORPUS_EXTRACTED,"Exact source substring, hashes, provenance, and offsets verified.",False,True,ctx_3ccd2fb56cb762a513ca604f,21ffa89176dbeb14abe198aec766c2756c4f4fbb0eaf7b3efda3ccfd14a6d02c,d2l_methodology_corpus_origin_audit,1.0.0
ctx_3cd1f9f092ed97036b277ed1,document,d2l_optimization,d2l_optimization_convexity_b014,sentence_00787b3e7b0f5c49c7394e66,"![The intersection between two convex sets is convex.](../img/convex-intersect.svg)
:label:`fig_convex_intersect`",0,113,31,42,c22620a96e3fbd97526f13ea9ccf508307d1175ea9bb8d3a5b6dfefb098a3f7f,CORPUS_EXTRACTED,EXACT_SOURCE_SUBSTRING,PRIMARY,C2,d2lce_9c874642b8c028465cfbb71e,d2l_selected_campaign_scope_v1,PASS_CORPUS_EXTRACTED,"Exact source substring, hashes, provenance, and offsets verified.",True,True,ctx_3cd1f9f092ed97036b277ed1,063968ed486c6dd5f26c6a65377468f985233ffcffc100dd4f60911faf5cb920,d2l_methodology_corpus_origin_audit,1.0.0
ctx_3d152d0258e0fc757b4f6fc6,document,d2l_preliminaries,d2l_preliminaries_ndarray_b092,sentence_0a4309be9a5fae3faec5c726,":begin_tab:`mxnet, pytorch`
Fortunately, (**performing in-place operations**) is easy.",0,86,55,63,c22620a96e3fbd97526f13ea9ccf508307d1175ea9bb8d3a5b6dfefb098a3f7f,CORPUS_EXTRACTED,EXACT_SOURCE_SUBSTRING,PRIMARY,C1,d2lce_2684090fd4500122fec2a334,d2l_selected_campaign_scope_v1,PASS_CORPUS_EXTRACTED,"Exact source substring, hashes, provenance, and offsets verified.",True,True,ctx_3d152d0258e0fc757b4f6fc6,8ab54c64414cb75e73c985549c24269fd8cea01de83fdfff157ec839e1788374,d2l_methodology_corpus_origin_audit,1.0.0
ctx_3d2a354dd3b2ef13260bccd4,document,d2l_deep_learning_computation,d2l_deep_learning_computation_model_construction_b008,sentence_9cf7b7c1c3e52e572c5a7378,"The following code generates a network
with one fully-connected hidden layer
with 256 units and ReLU activation,
followed by a fully-connected output layer
with 10 units (no activation function).",96,291,64,76,c22620a96e3fbd97526f13ea9ccf508307d1175ea9bb8d3a5b6dfefb098a3f7f,CORPUS_EXTRACTED,EXACT_SOURCE_SUBSTRING,PRIMARY,C1,d2lce_401e038a0835f7c5733a9857,d2l_selected_campaign_scope_v1,PASS_CORPUS_EXTRACTED,"Exact source substring, hashes, provenance, and offsets verified.",True,True,ctx_3d2a354dd3b2ef13260bccd4,a6ae6e48ab47c8a7c647ca592e767a71746d2d0710aa123750017848c9012e33,d2l_methodology_corpus_origin_audit,1.0.0
ctx_3d9da592d08d2b52b664985b,document,d2l_natural_language_processing_applications,d2l_natural_language_processing_applications_finetuning_bert_b003,sentence_1a9cd91849ac62b1877fdd47,"On the token level, we will briefly introduce new applications
such as text tagging and question answering
and shed light on how BERT can represent their inputs and get transformed into output labels.",309,509,88,106,c22620a96e3fbd97526f13ea9ccf508307d1175ea9bb8d3a5b6dfefb098a3f7f,CORPUS_EXTRACTED,EXACT_SOURCE_SUBSTRING,PRIMARY,C1,d2lce_41109297e6bf8f44d9bb9178,d2l_selected_campaign_scope_v1,PASS_CORPUS_EXTRACTED,"Exact source substring, hashes, provenance, and offsets verified.",True,True,ctx_3d9da592d08d2b52b664985b,42a6455cf699f61ea3c907bd320f969d829300ba2393dec56ce170e8d8cee3f8,d2l_methodology_corpus_origin_audit,1.0.0
ctx_3e14117a045ebf17876f5d0d,document,d2l_multilayer_perceptrons,d2l_multilayer_perceptrons_mlp_concise_b008,sentence_779a1d617c58a26fbd7c9c1f,"```{.python .input}
net = nn.Sequential()
net.add(nn.Dense(256, activation='relu'),
        nn.Dense(10))
net.initialize(init.Normal(sigma=0.01))
```",0,149,29,39,c22620a96e3fbd97526f13ea9ccf508307d1175ea9bb8d3a5b6dfefb098a3f7f,CORPUS_EXTRACTED,EXACT_SOURCE_SUBSTRING,PRIMARY,C4,d2lce_40a50503f2fdc79aa0a549fc,d2l_selected_campaign_scope_v1,PASS_CORPUS_EXTRACTED,"Exact source substring, hashes, provenance, and offsets verified.",True,True,ctx_3e14117a045ebf17876f5d0d,ea86a4ff4bc4d23a860710878afa0ec86f186d3e285416adcf40b6fea6146abb,d2l_methodology_corpus_origin_audit,1.0.0
ctx_3e360f75f7c8e4a72dec0489,document,d2l_multilayer_perceptrons,d2l_multilayer_perceptrons_numerical_stability_and_init_b021,sentence_7b0d97e4af2e359ff0cc4019,### Breaking the Symmetry,0,25,17,25,c22620a96e3fbd97526f13ea9ccf508307d1175ea9bb8d3a5b6dfefb098a3f7f,CORPUS_EXTRACTED,EXACT_SOURCE_SUBSTRING,PRIMARY,C1,d2lce_00c0e4f7d0d5537d738af8a7,d2l_selected_campaign_scope_v1,PASS_CORPUS_EXTRACTED,"Exact source substring, hashes, provenance, and offsets verified.",True,True,ctx_3e360f75f7c8e4a72dec0489,7e27a6904bb12800416a88060ef246b51388766643afbc22e852a1cc815a5f2d,d2l_methodology_corpus_origin_audit,1.0.0
ctx_3e3799ff4270de82290185f5,document,d2l_natural_language_processing_applications,d2l_natural_language_processing_applications_natural_language_inference_and_dataset_b040,sentence_c2465e2f3923c4fe329b7668,"* In natural language inference, relationships between premises and hypotheses include entailment, contradiction, and neutral.",122,248,87,97,c22620a96e3fbd97526f13ea9ccf508307d1175ea9bb8d3a5b6dfefb098a3f7f,CORPUS_EXTRACTED,EXACT_SOURCE_SUBSTRING,BACKUP,C2,d2lce_ca2ca961829e131bbc0fd92b,d2l_selected_campaign_scope_v1,PASS_CORPUS_EXTRACTED,"Exact source substring, hashes, provenance, and offsets verified.",False,True,ctx_3e3799ff4270de82290185f5,77c723746493f1d041a1e2481aeaa9a97abe23227f7c97dc98108f2c69898cc8,d2l_methodology_corpus_origin_audit,1.0.0
ctx_3e389fe6256706465318f5f8,document,d2l_natural_language_processing_pretraining,d2l_natural_language_processing_pretraining_bert_b050,sentence_7568b99807a9271e2595d3c6,"To help understand the relationship between two text sequences,
BERT considers a binary classification task, *next sentence prediction*, in its pretraining.",172,328,88,107,c22620a96e3fbd97526f13ea9ccf508307d1175ea9bb8d3a5b6dfefb098a3f7f,CORPUS_EXTRACTED,EXACT_SOURCE_SUBSTRING,PRIMARY,C1,d2lce_d89e6e83e5f07d1fcb18c6aa,d2l_selected_campaign_scope_v1,PASS_CORPUS_EXTRACTED,"Exact source substring, hashes, provenance, and offsets verified.",True,True,ctx_3e389fe6256706465318f5f8,070edf9015d60ac6a1a357cf9c92903ba5171b25f50cbbaf59a378522c8da1b4,d2l_methodology_corpus_origin_audit,1.0.0
ctx_3e4d253c9ff11b6a3080d990,document,d2l_natural_language_processing_pretraining,d2l_natural_language_processing_pretraining_word2vec_b032,sentence_33191bdfdb87b3833c84d23d,"For example,
in the same text sequence ""the"", ""man"", ""loves"", ""his"", and ""son"", with ""loves"" as the center word and the context window size being 2,
the continuous bag of words model
considers
the conditional probability of generating the center word ""loves"" based on the context words ""the"", ""man"", ""his"" and ""son"" (as shown in :numref:`fig_cbow`), which is",267,625,153,176,c22620a96e3fbd97526f13ea9ccf508307d1175ea9bb8d3a5b6dfefb098a3f7f,CORPUS_EXTRACTED,EXACT_SOURCE_SUBSTRING,PRIMARY,C1,d2lce_dc193feb1eeef3a1349d9b74,d2l_selected_campaign_scope_v1,PASS_CORPUS_EXTRACTED,"Exact source substring, hashes, provenance, and offsets verified.",True,True,ctx_3e4d253c9ff11b6a3080d990,de5e0c4685467f37c3ad47bd969265e4c1069309d88f003f0938ca2dc50ca990,d2l_methodology_corpus_origin_audit,1.0.0
ctx_3e80e5eac46165ae80b271a0,document,d2l_multilayer_perceptrons,d2l_multilayer_perceptrons_underfit_overfit_b018,sentence_266e7aa556ae256a8dee9c31,"Imagine, for example, if we try to train
a face recognition system by training it
exclusively on university students
and then want to deploy it as a tool
for monitoring geriatrics in a nursing home population.",44,253,198,208,c22620a96e3fbd97526f13ea9ccf508307d1175ea9bb8d3a5b6dfefb098a3f7f,CORPUS_EXTRACTED,EXACT_SOURCE_SUBSTRING,BACKUP,C3,d2lce_b0fd0234a2a3049734e8011c,d2l_selected_campaign_scope_v1,PASS_CORPUS_EXTRACTED,"Exact source substring, hashes, provenance, and offsets verified.",False,True,ctx_3e80e5eac46165ae80b271a0,5d0a09a79a019449365a2f03a4f854f7b56df95e0112a2f5bad213b9d1ad2de2,d2l_methodology_corpus_origin_audit,1.0.0
ctx_3eb0a985163fee2ce2dc895b,document,d2l_multilayer_perceptrons,d2l_multilayer_perceptrons_environment_b062,sentence_ccf7f76e9a4e2f0705a7affa,### Label Shift Correction,0,26,4,15,c22620a96e3fbd97526f13ea9ccf508307d1175ea9bb8d3a5b6dfefb098a3f7f,CORPUS_EXTRACTED,EXACT_SOURCE_SUBSTRING,BACKUP,C3,d2lce_a5537c415bcbe54cdd82a669,d2l_selected_campaign_scope_v1,PASS_CORPUS_EXTRACTED,"Exact source substring, hashes, provenance, and offsets verified.",False,True,ctx_3eb0a985163fee2ce2dc895b,68620b716f7a12bd36c08fa1f0bc0133090ce79d108a9096e56d66047c446c41,d2l_methodology_corpus_origin_audit,1.0.0
ctx_3edadaa9e9bdcfa46667a9cc,document,d2l_optimization,d2l_optimization_optimization_intro_b014,sentence_640b1ea1ca6b8d3217899dec,"Some of the most vexing ones are local minima, saddle points, and vanishing gradients.",57,143,39,45,c22620a96e3fbd97526f13ea9ccf508307d1175ea9bb8d3a5b6dfefb098a3f7f,CORPUS_EXTRACTED,EXACT_SOURCE_SUBSTRING,PRIMARY,C1,d2lce_455f2de181035ca8388c30b0,d2l_selected_campaign_scope_v1,PASS_CORPUS_EXTRACTED,"Exact source substring, hashes, provenance, and offsets verified.",True,True,ctx_3edadaa9e9bdcfa46667a9cc,a64d159d318d639e254d968f4e8d05f103545a87004289ab2b16e2777a80720d,d2l_methodology_corpus_origin_audit,1.0.0
ctx_3ef031323fb6394442845745,document,d2l_natural_language_processing_pretraining,d2l_natural_language_processing_pretraining_approx_training_b004,sentence_4ec673ee2fcee75adf89b472,"Due to the similarity
between the skip-gram model and
the continuous bag of words model,
we will just take the skip-gram model as an example
to describe these two approximate training methods.",174,366,163,183,c22620a96e3fbd97526f13ea9ccf508307d1175ea9bb8d3a5b6dfefb098a3f7f,CORPUS_EXTRACTED,EXACT_SOURCE_SUBSTRING,PRIMARY,C2,d2lce_28ab2b419f6b871a62a06060,d2l_selected_campaign_scope_v1,PASS_CORPUS_EXTRACTED,"Exact source substring, hashes, provenance, and offsets verified.",True,True,ctx_3ef031323fb6394442845745,80ac4cc0505af6b714efad6765a59f649194dda146f1f7103646b48521af2f0b,d2l_methodology_corpus_origin_audit,1.0.0
ctx_3ef068df4dff9397568c05a1,document,d2l_recommender_systems,d2l_recommender_systems_autorec_b002,sentence_0bb764c3b6817ba590dab2f9,It identifies collaborative filtering (CF) with an autoencoder architecture and aims to integrate nonlinear transformations into CF on the basis of explicit feedback.,406,572,14,37,c22620a96e3fbd97526f13ea9ccf508307d1175ea9bb8d3a5b6dfefb098a3f7f,CORPUS_EXTRACTED,EXACT_SOURCE_SUBSTRING,BACKUP,C3,d2lce_fb9ad6a6ac7e4ba9167913e1,d2l_selected_campaign_scope_v1,PASS_CORPUS_EXTRACTED,"Exact source substring, hashes, provenance, and offsets verified.",False,True,ctx_3ef068df4dff9397568c05a1,d37821df8a75d7f49672828e2e004cf166fdd7ab10c4644bce94fdb410142aee,d2l_methodology_corpus_origin_audit,1.0.0
ctx_3ef46376e083fc08200cbde9,document,d2l_computer_vision,d2l_computer_vision_transposed_conv_b031,sentence_71cfcba0ff2ef48086f021d0,"In the example below, we define a $3\times 3$ input `X` and a $2\times 2$ convolution kernel `K`, and then use the `corr2d` function to compute the convolution output `Y`.",157,328,74,92,c22620a96e3fbd97526f13ea9ccf508307d1175ea9bb8d3a5b6dfefb098a3f7f,CORPUS_EXTRACTED,EXACT_SOURCE_SUBSTRING,PRIMARY,C3,d2lce_7c27fa40b039d07e81508741,d2l_selected_campaign_scope_v1,PASS_CORPUS_EXTRACTED,"Exact source substring, hashes, provenance, and offsets verified.",True,True,ctx_3ef46376e083fc08200cbde9,5dace71e890c6159236530027c8e9b435b3c7fd8c355b38c0b6236ade7b621df,d2l_methodology_corpus_origin_audit,1.0.0
ctx_3f1cc59dfa423c8dcd335761,document,d2l_computational_performance,d2l_computational_performance_hardware_b023,sentence_263981924b016db08853e7de,* SSDs store information in blocks (256 KB or larger).,0,54,2,6,c22620a96e3fbd97526f13ea9ccf508307d1175ea9bb8d3a5b6dfefb098a3f7f,CORPUS_EXTRACTED,EXACT_SOURCE_SUBSTRING,PRIMARY,C2,d2lce_355f5686f2178281893eb6cb,d2l_selected_campaign_scope_v1,PASS_CORPUS_EXTRACTED,"Exact source substring, hashes, provenance, and offsets verified.",True,True,ctx_3f1cc59dfa423c8dcd335761,d87aaddbf8ccb1e742aa6b9f4b8d1d4beed7e48459fd970be6e9fc157fe71ea2,d2l_methodology_corpus_origin_audit,1.0.0
ctx_401ea4ab60773305df974141,document,d2l_preliminaries,d2l_preliminaries_linear_algebra_b078,sentence_8c6fe6b4ecceaf56e5ce07a0,"## Reduction
:label:`subseq_lin-alg-reduction`",0,46,3,12,c22620a96e3fbd97526f13ea9ccf508307d1175ea9bb8d3a5b6dfefb098a3f7f,CORPUS_EXTRACTED,EXACT_SOURCE_SUBSTRING,PRIMARY,C1,d2lce_fa115d4c3a8140d91339df15,d2l_selected_campaign_scope_v1,PASS_CORPUS_EXTRACTED,"Exact source substring, hashes, provenance, and offsets verified.",True,True,ctx_401ea4ab60773305df974141,179f24ec293c715a41223e792c232a632dac4b992b12ebba54d5c914187dc30b,d2l_methodology_corpus_origin_audit,1.0.0
ctx_4023c93849b7225177573487,document,d2l_computational_performance,d2l_computational_performance_auto_parallelism_b014,sentence_f1f450a05263f26a9c9ac8cd,"```{.python .input}
#@tab pytorch
run(x_gpu1)
run(x_gpu2)  # Warm-up all devices
torch.cuda.synchronize(devices[0])
torch.cuda.synchronize(devices[1])

with d2l.Benchmark('GPU1 time'):
    run(x_gpu1)
    torch.cuda.synchronize(devices[0])

with d2l.Benchmark('GPU2 time'):
    run(x_gpu2)
    torch.cuda.synchronize(devices[1])
```",0,332,92,103,c22620a96e3fbd97526f13ea9ccf508307d1175ea9bb8d3a5b6dfefb098a3f7f,CORPUS_EXTRACTED,EXACT_SOURCE_SUBSTRING,PRIMARY,C1,d2lce_1edc567804c90f134219a8f0,d2l_selected_campaign_scope_v1,PASS_CORPUS_EXTRACTED,"Exact source substring, hashes, provenance, and offsets verified.",True,True,ctx_4023c93849b7225177573487,c4a349ec71cf6b46c0ebfb62119022e52fdd77306e30d1cce2baacbf9af56972,d2l_methodology_corpus_origin_audit,1.0.0
ctx_402ad881d704f837dad6a500,document,d2l_introduction,d2l_introduction_index_b034,sentence_7bfec46ebbf3696ded8b3022,"For classification, the most common objective is to minimize error rate,
i.e., the fraction of examples on which
our predictions disagree with the ground truth.",171,331,147,159,c22620a96e3fbd97526f13ea9ccf508307d1175ea9bb8d3a5b6dfefb098a3f7f,CORPUS_EXTRACTED,EXACT_SOURCE_SUBSTRING,PRIMARY,C1,d2lce_d0b3a65c5f21e6064395a475,d2l_selected_campaign_scope_v1,PASS_CORPUS_EXTRACTED,"Exact source substring, hashes, provenance, and offsets verified.",True,True,ctx_402ad881d704f837dad6a500,4fe2892aec6296897b731f1022cbfae6de2cca57b9ccc94d2d80adbc07460cde,d2l_methodology_corpus_origin_audit,1.0.0
ctx_403adb70f5312a0fa35b95be,document,d2l_multilayer_perceptrons,d2l_multilayer_perceptrons_mlp_b011,sentence_ee83118332971e9545fef97b,"The easiest way to do this is to stack
many fully-connected layers on top of each other.",140,228,44,66,c22620a96e3fbd97526f13ea9ccf508307d1175ea9bb8d3a5b6dfefb098a3f7f,CORPUS_EXTRACTED,EXACT_SOURCE_SUBSTRING,PRIMARY,C1,d2lce_98b37a7bcb47cd2ef2e5f296,d2l_selected_campaign_scope_v1,PASS_CORPUS_EXTRACTED,"Exact source substring, hashes, provenance, and offsets verified.",True,True,ctx_403adb70f5312a0fa35b95be,afc09be39adc3d64bb4aaa9878a5bd332ab97c54a72d3d728684e9bb33302b17,d2l_methodology_corpus_origin_audit,1.0.0
ctx_404061e58e2c4cb0d3631319,document,d2l_deep_learning_computation,d2l_deep_learning_computation_model_construction_b047,sentence_0d56ad41501905432326ac6c,"For example, we might want to execute
Python's control flow within the forward propagation function.",269,369,47,59,c22620a96e3fbd97526f13ea9ccf508307d1175ea9bb8d3a5b6dfefb098a3f7f,CORPUS_EXTRACTED,EXACT_SOURCE_SUBSTRING,BACKUP,C3,d2lce_6c7e95cd232fb7fcca6b3bdc,d2l_selected_campaign_scope_v1,PASS_CORPUS_EXTRACTED,"Exact source substring, hashes, provenance, and offsets verified.",False,True,ctx_404061e58e2c4cb0d3631319,aa844dc27403f87c8454487ea651981f5f2feecd771d3b7198431c4791e5c306,d2l_methodology_corpus_origin_audit,1.0.0
ctx_4049427e7cba44c6a4d86b2f,document,d2l_convolutional_modern,d2l_convolutional_modern_alexnet_b033,sentence_8752b7f1572cbe09df1c7178,"Besides, AlexNet changed the sigmoid activation function to a simpler ReLU activation function.",0,95,29,56,c22620a96e3fbd97526f13ea9ccf508307d1175ea9bb8d3a5b6dfefb098a3f7f,CORPUS_EXTRACTED,EXACT_SOURCE_SUBSTRING,PRIMARY,C1,d2lce_2485cc2d1b2606bcc62d63c1,d2l_selected_campaign_scope_v1,PASS_CORPUS_EXTRACTED,"Exact source substring, hashes, provenance, and offsets verified.",True,True,ctx_4049427e7cba44c6a4d86b2f,85a9b8bab721691d3ce4bdfb41a3c70425a26ddf2276c1b08f73e83750268b74,d2l_methodology_corpus_origin_audit,1.0.0
ctx_408899a3fd525147fbd6f4e6,document,d2l_natural_language_processing_pretraining,d2l_natural_language_processing_pretraining_word2vec_b011,sentence_167c0020d44529157d2f68ea,"## The Skip-Gram Model
:label:`subsec_skip-gram`",0,48,7,22,c22620a96e3fbd97526f13ea9ccf508307d1175ea9bb8d3a5b6dfefb098a3f7f,CORPUS_EXTRACTED,EXACT_SOURCE_SUBSTRING,PRIMARY,C1,d2lce_9cee0f2f668259a2568b89f4,d2l_selected_campaign_scope_v1,PASS_CORPUS_EXTRACTED,"Exact source substring, hashes, provenance, and offsets verified.",True,True,ctx_408899a3fd525147fbd6f4e6,33b7f49d0ed9b6689adf9c3266a73405ad37780ae2d6786bf6ffb52a21424a4a,d2l_methodology_corpus_origin_audit,1.0.0
ctx_4110fd6b0cfb72d128594a20,document,d2l_introduction,d2l_introduction_index_b104,sentence_4e4f52366bbf9996a9eb736a,"This last question raises the problem of *distribution shift*,
when training and test data are different.",0,105,42,54,c22620a96e3fbd97526f13ea9ccf508307d1175ea9bb8d3a5b6dfefb098a3f7f,CORPUS_EXTRACTED,EXACT_SOURCE_SUBSTRING,BACKUP,C4,d2lce_c47822c187c02e12aa499ec6,d2l_selected_campaign_scope_v1,PASS_CORPUS_EXTRACTED,"Exact source substring, hashes, provenance, and offsets verified.",False,True,ctx_4110fd6b0cfb72d128594a20,1903b470ee78c1e7e33633a6e590a23f0491bfe5ee3e402d1eae6cdc584b3261,d2l_methodology_corpus_origin_audit,1.0.0
ctx_416fd3e179861109b82badde,document,d2l_computational_performance,d2l_computational_performance_hardware_b056,sentence_23591959b103d601ae675b18,Even PCIe lanes can be [switched](https://www.broadcom.com/products/pcie-switches-bridges/pcie-switches).,1796,1901,10,15,c22620a96e3fbd97526f13ea9ccf508307d1175ea9bb8d3a5b6dfefb098a3f7f,CORPUS_EXTRACTED,EXACT_SOURCE_SUBSTRING,PRIMARY,C2,d2lce_54e0621e7c3812cb511231dc,d2l_selected_campaign_scope_v1,PASS_CORPUS_EXTRACTED,"Exact source substring, hashes, provenance, and offsets verified.",True,True,ctx_416fd3e179861109b82badde,c54de12815da86e143ba9db646cb8aaca5aa8c6e630bd11fde216ce99cc78849,d2l_methodology_corpus_origin_audit,1.0.0
ctx_426bd774623f1d7d45637e8c,document,d2l_convolutional_modern,d2l_convolutional_modern_batch_norm_b016,sentence_98f7d3905fc927a8e5775d97,"Note that we add a small constant $\epsilon > 0$
to the variance estimate
to ensure that we never attempt division by zero,
even in cases where the empirical variance estimate might vanish.",0,189,25,33,c22620a96e3fbd97526f13ea9ccf508307d1175ea9bb8d3a5b6dfefb098a3f7f,CORPUS_EXTRACTED,EXACT_SOURCE_SUBSTRING,PRIMARY,C1,d2lce_46e81052dcb25b16e429062a,d2l_selected_campaign_scope_v1,PASS_CORPUS_EXTRACTED,"Exact source substring, hashes, provenance, and offsets verified.",True,True,ctx_426bd774623f1d7d45637e8c,03139e1325344db818e78344e4900b108814f97f1a8f1523067bc080397d4cb4,d2l_methodology_corpus_origin_audit,1.0.0
ctx_426bea20b9dba9336b04c813,document,d2l_appendix_mathematics_for_deep_learning,d2l_appendix_mathematics_for_deep_learning_statistics_b035,sentence_b3f88eb5c92b096637fe15b0,"```{.python .input}
# Statistical bias
def stat_bias(true_theta, est_theta):
    return(np.mean(est_theta) - true_theta)

# Mean squared error
def mse(data, true_theta):
    return(np.mean(np.square(data - true_theta)))
```",0,223,147,150,c22620a96e3fbd97526f13ea9ccf508307d1175ea9bb8d3a5b6dfefb098a3f7f,CORPUS_EXTRACTED,EXACT_SOURCE_SUBSTRING,PRIMARY,C1,d2lce_ceb82e896665f8c0cd942ed6,d2l_selected_campaign_scope_v1,PASS_CORPUS_EXTRACTED,"Exact source substring, hashes, provenance, and offsets verified.",True,True,ctx_426bea20b9dba9336b04c813,96b3931af3957bf7c8271ff96d98e36b245f743bff679ae3adee29be2e6a8d8a,d2l_methodology_corpus_origin_audit,1.0.0
ctx_42a91e8bb6e0449e3926152e,document,d2l_computer_vision,d2l_computer_vision_rcnn_b003,sentence_291260738b376d794bb2f488,## R-CNNs,0,9,3,9,c22620a96e3fbd97526f13ea9ccf508307d1175ea9bb8d3a5b6dfefb098a3f7f,CORPUS_EXTRACTED,EXACT_SOURCE_SUBSTRING,PRIMARY,C1,d2lce_ad0d7cbd5f90ad33075e89aa,d2l_selected_campaign_scope_v1,PASS_CORPUS_EXTRACTED,"Exact source substring, hashes, provenance, and offsets verified.",True,True,ctx_42a91e8bb6e0449e3926152e,80c3577eaba2326675f62a41008c35ac862c5566c2f4a43909c4afef5e394f60,d2l_methodology_corpus_origin_audit,1.0.0
ctx_42d57a5ddede95c06600e690,document,d2l_convolutional_modern,d2l_convolutional_modern_alexnet_b033,sentence_3fe49f4c09ef780ea2e78583,"On the other hand, the ReLU activation function makes model training easier when using different parameter initialization methods.",271,401,23,38,c22620a96e3fbd97526f13ea9ccf508307d1175ea9bb8d3a5b6dfefb098a3f7f,CORPUS_EXTRACTED,EXACT_SOURCE_SUBSTRING,PRIMARY,C1,d2lce_42900db05a19228ce33eafe0,d2l_selected_campaign_scope_v1,PASS_CORPUS_EXTRACTED,"Exact source substring, hashes, provenance, and offsets verified.",True,True,ctx_42d57a5ddede95c06600e690,3ed7e1f0dd3866b322c9d623c02fa1578ef2c88b5918804ae6586f2829fc7072,d2l_methodology_corpus_origin_audit,1.0.0
ctx_42da1c5cbf75c04eb158271d,document,d2l_linear_networks,d2l_linear_networks_linear_regression_b040,sentence_d934b4056f6a6bbc43d3fc90,"In each iteration, we first randomly sample a minibatch $\mathcal{B}$
consisting of a fixed number of training examples.",0,120,8,17,c22620a96e3fbd97526f13ea9ccf508307d1175ea9bb8d3a5b6dfefb098a3f7f,CORPUS_EXTRACTED,EXACT_SOURCE_SUBSTRING,PRIMARY,C1,d2lce_c3c46748b1a49e32c07ca9d7,d2l_selected_campaign_scope_v1,PASS_CORPUS_EXTRACTED,"Exact source substring, hashes, provenance, and offsets verified.",True,True,ctx_42da1c5cbf75c04eb158271d,ec28de5b1aa322290f4fbac6cf19ef66734e104abf5739676f6afa5ec2111b6c,d2l_methodology_corpus_origin_audit,1.0.0
ctx_42efd998d80ced9a64e32ec8,document,d2l_multilayer_perceptrons,d2l_multilayer_perceptrons_mlp_b020,sentence_c446c648e27e3e5c58a44827,"In order to realize the potential of multilayer architectures,
we need one more key ingredient: a
nonlinear *activation function* $\sigma$
to be applied to each hidden unit
following the affine transformation.",0,209,109,128,c22620a96e3fbd97526f13ea9ccf508307d1175ea9bb8d3a5b6dfefb098a3f7f,CORPUS_EXTRACTED,EXACT_SOURCE_SUBSTRING,PRIMARY,C2,d2lce_e0c693366d811581abbb9e74,d2l_selected_campaign_scope_v1,PASS_CORPUS_EXTRACTED,"Exact source substring, hashes, provenance, and offsets verified.",True,True,ctx_42efd998d80ced9a64e32ec8,d12b25e22d337a744b915b3654e011de99e37ef116b9b77ee4d08a8b635ce723,d2l_methodology_corpus_origin_audit,1.0.0
ctx_4323c72305899d396f01af5d,document,d2l_deep_learning_computation,d2l_deep_learning_computation_use_gpu_b074,sentence_dfe7e9f3b9a7fbd8e39d3462,"A typical mistake is as follows: computing the loss
  for every minibatch on the GPU and reporting it back
  to the user on the command line (or logging it in a NumPy `ndarray`)
  will trigger a global interpreter lock which stalls all GPUs.",366,607,64,73,c22620a96e3fbd97526f13ea9ccf508307d1175ea9bb8d3a5b6dfefb098a3f7f,CORPUS_EXTRACTED,EXACT_SOURCE_SUBSTRING,BACKUP,C1,d2lce_04b7107b328dedc7c1f9af65,d2l_selected_campaign_scope_v1,PASS_CORPUS_EXTRACTED,"Exact source substring, hashes, provenance, and offsets verified.",False,True,ctx_4323c72305899d396f01af5d,dbfc793802b65f081b59b3d97081b1d76229e3e422d56e3051eb68373d65c693,d2l_methodology_corpus_origin_audit,1.0.0
ctx_4422b292ae2706ac3853e015,document,d2l_multilayer_perceptrons,d2l_multilayer_perceptrons_environment_b024,sentence_1f5ef97ddbe81ec4ed337cb4,"Before delving into formalism and algorithms,
we can discuss some concrete situations
where covariate or concept shift might not be obvious.",0,140,105,118,c22620a96e3fbd97526f13ea9ccf508307d1175ea9bb8d3a5b6dfefb098a3f7f,CORPUS_EXTRACTED,EXACT_SOURCE_SUBSTRING,PRIMARY,C1,d2lce_6239b2ef1cec1800e3d6f13f,d2l_selected_campaign_scope_v1,PASS_CORPUS_EXTRACTED,"Exact source substring, hashes, provenance, and offsets verified.",True,True,ctx_4422b292ae2706ac3853e015,bafa95bfde8521314e86ff4c9b8769488e40abd6dc2e8fe81a9e5682e52bf09b,d2l_methodology_corpus_origin_audit,1.0.0
ctx_4464d445a080f2a1433e80df,document,d2l_recurrent_neural_networks,d2l_recurrent_neural_networks_bptt_b003,sentence_d26f9c646cc5e79fdec1d193,"In
particular,
if you solved the exercises,
you would
have seen that gradient clipping is vital to ensure proper
convergence.",117,242,69,86,c22620a96e3fbd97526f13ea9ccf508307d1175ea9bb8d3a5b6dfefb098a3f7f,CORPUS_EXTRACTED,EXACT_SOURCE_SUBSTRING,PRIMARY,C4,d2lce_8d226b48ba7ec1493faa4ec8,d2l_selected_campaign_scope_v1,PASS_CORPUS_EXTRACTED,"Exact source substring, hashes, provenance, and offsets verified.",True,True,ctx_4464d445a080f2a1433e80df,34d67a7001682b5a4c13f621038887a0c3b6cd02c9cf45e79835aec0664b9785,d2l_methodology_corpus_origin_audit,1.0.0
ctx_44a715e0fcd0718a579ce239,document,d2l_computational_performance,d2l_computational_performance_multiple_gpus_b051,sentence_fe3ee11a4397547c71428a5b,Let us see how well this works [**on a single GPU**].,0,53,39,49,c22620a96e3fbd97526f13ea9ccf508307d1175ea9bb8d3a5b6dfefb098a3f7f,CORPUS_EXTRACTED,EXACT_SOURCE_SUBSTRING,PRIMARY,C1,d2lce_e014da89e120449f8881dd5b,d2l_selected_campaign_scope_v1,PASS_CORPUS_EXTRACTED,"Exact source substring, hashes, provenance, and offsets verified.",True,True,ctx_44a715e0fcd0718a579ce239,262df3ee31c96d0d28101aa676ed24b1263e52360b6ef58cbc10d5a0adfc13cd,d2l_methodology_corpus_origin_audit,1.0.0
ctx_44fd28002fe36b13e2dc8adf,document,d2l_recurrent_neural_networks,d2l_recurrent_neural_networks_rnn_scratch_b058,sentence_3782f00801756c1f383e909e,"Gradient clipping provides
a quick fix to the gradient exploding.",371,436,0,17,c22620a96e3fbd97526f13ea9ccf508307d1175ea9bb8d3a5b6dfefb098a3f7f,CORPUS_EXTRACTED,EXACT_SOURCE_SUBSTRING,PRIMARY,C4,d2lce_8d226b48ba7ec1493faa4ec8,d2l_selected_campaign_scope_v1,PASS_CORPUS_EXTRACTED,"Exact source substring, hashes, provenance, and offsets verified.",True,True,ctx_44fd28002fe36b13e2dc8adf,6ffe496b3f5a68483fb7aed07f4af27ec2db7be0f8dfbf6966243c568105eeed,d2l_methodology_corpus_origin_audit,1.0.0
ctx_451ef79974ff5019b4225f46,document,d2l_recurrent_modern,d2l_recurrent_modern_seq2seq_b055,sentence_ccbb37929b60e42122c64aef,"Once the valid length is given,
the mask corresponding to any padding token
will be cleared to zero.",165,265,62,75,c22620a96e3fbd97526f13ea9ccf508307d1175ea9bb8d3a5b6dfefb098a3f7f,CORPUS_EXTRACTED,EXACT_SOURCE_SUBSTRING,PRIMARY,C3,d2lce_b967af36e17c22a478eaed6d,d2l_selected_campaign_scope_v1,PASS_CORPUS_EXTRACTED,"Exact source substring, hashes, provenance, and offsets verified.",True,True,ctx_451ef79974ff5019b4225f46,5916660bb5253bf04a86b91661402fda7b573f7ff7c93618adb9d6697a43a26d,d2l_methodology_corpus_origin_audit,1.0.0
ctx_45b8a459ecccebb193b7d570,document,d2l_introduction,d2l_introduction_index_b058,sentence_2d07b82e22d541111be4fba4,"It is not the only notion of uncertainty
and we will discuss others in more advanced chapters.",756,850,29,40,c22620a96e3fbd97526f13ea9ccf508307d1175ea9bb8d3a5b6dfefb098a3f7f,CORPUS_EXTRACTED,EXACT_SOURCE_SUBSTRING,BACKUP,C2,d2lce_73dbe839de3f1d00bf1226f0,d2l_selected_campaign_scope_v1,PASS_CORPUS_EXTRACTED,"Exact source substring, hashes, provenance, and offsets verified.",False,True,ctx_45b8a459ecccebb193b7d570,5c0cd6d172675a419d373d736f7af7e59aa83fd26c4bce02ee5c41a554794da3,d2l_methodology_corpus_origin_audit,1.0.0
ctx_45e7aa8bb2892e1512df16ec,document,d2l_deep_learning_computation,d2l_deep_learning_computation_model_construction_b026,sentence_607a06e57f213cad421b2ed1,"Here, we declare two fully
    # connected layers
    def __init__(self):
        # Call the constructor of the `MLP` parent class `Model` to perform
        # the necessary initialization.",109,298,93,104,c22620a96e3fbd97526f13ea9ccf508307d1175ea9bb8d3a5b6dfefb098a3f7f,CORPUS_EXTRACTED,EXACT_SOURCE_SUBSTRING,PRIMARY,C1,d2lce_7d7b617aacd41c76538d06af,d2l_selected_campaign_scope_v1,PASS_CORPUS_EXTRACTED,"Exact source substring, hashes, provenance, and offsets verified.",True,True,ctx_45e7aa8bb2892e1512df16ec,bd2f48ccc04845055ed4fa2be1542a97cca99ea666b88a586a448ab6443d28ee,d2l_methodology_corpus_origin_audit,1.0.0
ctx_4606fac8f850444f6ad9ec05,document,d2l_recurrent_neural_networks,d2l_recurrent_neural_networks_language_models_and_dataset_b064,sentence_742d3e3bc14189919547ed04,* Language models are key to natural language processing.,0,57,29,56,c22620a96e3fbd97526f13ea9ccf508307d1175ea9bb8d3a5b6dfefb098a3f7f,CORPUS_EXTRACTED,EXACT_SOURCE_SUBSTRING,BACKUP,C3,d2lce_609638f74bc5b32d32469bbc,d2l_selected_campaign_scope_v1,PASS_CORPUS_EXTRACTED,"Exact source substring, hashes, provenance, and offsets verified.",False,True,ctx_4606fac8f850444f6ad9ec05,2a435e55f9b711368d3763c61427df9402b945dccea377a6b8513429d8ff5f76,d2l_methodology_corpus_origin_audit,1.0.0
ctx_460b67cc0b1f1dd67fa8444a,document,d2l_multilayer_perceptrons,d2l_multilayer_perceptrons_kaggle_house_price_b034,sentence_22f20138b3e7f8d93916b656,"First, we apply a heuristic,
[**replacing all missing values
by the corresponding feature's mean.**]
Then, to put all features on a common scale,
we (***standardize* the data by
rescaling features to zero mean and unit variance**):",163,394,153,164,c22620a96e3fbd97526f13ea9ccf508307d1175ea9bb8d3a5b6dfefb098a3f7f,CORPUS_EXTRACTED,EXACT_SOURCE_SUBSTRING,PRIMARY,C1,d2lce_d53294d467b28b07bf000b10,d2l_selected_campaign_scope_v1,PASS_CORPUS_EXTRACTED,"Exact source substring, hashes, provenance, and offsets verified.",True,True,ctx_460b67cc0b1f1dd67fa8444a,f13c80e49688646a70d480285e74b5049f14992aae78850368296f417c6e1ec1,d2l_methodology_corpus_origin_audit,1.0.0
ctx_4619262486ac659e6273c135,document,d2l_attention_mechanisms,d2l_attention_mechanisms_attention_scoring_functions_b027,sentence_768a18b26c71077f857a5443,"Given a query $\mathbf{q} \in \mathbb{R}^q$
and a key $\mathbf{k} \in \mathbb{R}^k$,
the *additive attention* scoring function",123,249,110,126,c22620a96e3fbd97526f13ea9ccf508307d1175ea9bb8d3a5b6dfefb098a3f7f,CORPUS_EXTRACTED,EXACT_SOURCE_SUBSTRING,PRIMARY,C1,d2lce_18c3da2d5bdd6d05a83982fa,d2l_selected_campaign_scope_v1,PASS_CORPUS_EXTRACTED,"Exact source substring, hashes, provenance, and offsets verified.",True,True,ctx_4619262486ac659e6273c135,cac587b3306df7595938d1a5d19919dd6645e1b11cd50ecd5ced47105e88a002,d2l_methodology_corpus_origin_audit,1.0.0
ctx_46209c337eb72da7b6db819f,document,d2l_convolutional_modern,d2l_convolutional_modern_alexnet_b022,sentence_9064c86431adcbb613a75664,"The reason for why this is possible is actually quite simple:
first, power consumption tends to grow *quadratically* with clock frequency.",628,766,69,74,c22620a96e3fbd97526f13ea9ccf508307d1175ea9bb8d3a5b6dfefb098a3f7f,CORPUS_EXTRACTED,EXACT_SOURCE_SUBSTRING,CONTRASTIVE,C3,d2lce_2b76c0f26436945cdf880aed,d2l_selected_campaign_scope_v1,PASS_CORPUS_EXTRACTED,"Exact source substring, hashes, provenance, and offsets verified.",True,True,ctx_46209c337eb72da7b6db819f,0f52c9175887279d218ee3bbf11cc4ff5842d765675940df73e63d90f3acf5fa,d2l_methodology_corpus_origin_audit,1.0.0
ctx_4638d23246a5ab6b7fa414b4,document,d2l_multilayer_perceptrons,d2l_multilayer_perceptrons_numerical_stability_and_init_b031,sentence_e98fe2b5114aab7ebdd7b3f5,"For now, let us assume that the inputs to the layer $x_j$
also have zero mean and variance $\gamma^2$
and that they are independent of $w_{ij}$ and independent of each other.",284,458,68,77,c22620a96e3fbd97526f13ea9ccf508307d1175ea9bb8d3a5b6dfefb098a3f7f,CORPUS_EXTRACTED,EXACT_SOURCE_SUBSTRING,BACKUP,C1,d2lce_eae5d94b4d2b73165c5d8795,d2l_selected_campaign_scope_v1,PASS_CORPUS_EXTRACTED,"Exact source substring, hashes, provenance, and offsets verified.",False,True,ctx_4638d23246a5ab6b7fa414b4,85f3b9e54856f63b1732cffc88a6c74c76d7a0734aeda4f3780922d5a9d10031,d2l_methodology_corpus_origin_audit,1.0.0
ctx_464f6dce8ce133a02dd86a13,document,d2l_multilayer_perceptrons,d2l_multilayer_perceptrons_underfit_overfit_b006,sentence_776f9f6d74ac278690c2279c,"The phenomenon of fitting our training data
more closely than we fit the underlying distribution is called *overfitting*, and the techniques used to combat overfitting are called *regularization*.",0,196,30,43,c22620a96e3fbd97526f13ea9ccf508307d1175ea9bb8d3a5b6dfefb098a3f7f,CORPUS_EXTRACTED,EXACT_SOURCE_SUBSTRING,PRIMARY,C2,d2lce_d30763678be8999b747cf0ee,d2l_selected_campaign_scope_v1,PASS_CORPUS_EXTRACTED,"Exact source substring, hashes, provenance, and offsets verified.",True,True,ctx_464f6dce8ce133a02dd86a13,3a868c81af4e1a62b2b61b0da9ada63af560d7ada2804ae99b938aea0ea89865,d2l_methodology_corpus_origin_audit,1.0.0
ctx_46d4831aad13e3c413d4aaef,document,d2l_generative_adversarial_networks,d2l_generative_adversarial_networks_dcgan_b034,sentence_b1cdd0bc4046ae882fec6217,The generator consists of four basic blocks that increase input's both width and height from 1 to 32.,0,101,37,43,c22620a96e3fbd97526f13ea9ccf508307d1175ea9bb8d3a5b6dfefb098a3f7f,CORPUS_EXTRACTED,EXACT_SOURCE_SUBSTRING,PRIMARY,C1,d2lce_20c658fd4e221ee551790ec2,d2l_selected_campaign_scope_v1,PASS_CORPUS_EXTRACTED,"Exact source substring, hashes, provenance, and offsets verified.",True,True,ctx_46d4831aad13e3c413d4aaef,ce662ffc6bda564969b171d16c4ada31c5d785b0ff9987bc26b9816f052b7dfc,d2l_methodology_corpus_origin_audit,1.0.0
ctx_47a2796ead7d2454fdc45f64,document,d2l_computational_performance,d2l_computational_performance_hardware_b029,sentence_cd4132662d4d71d20943b0db,"Peripherals, such as Ethernet, WiFi, Bluetooth, SSD controller, and USB, are either part of the chipset or directly attached (PCIe) to the CPU.",152,295,48,51,c22620a96e3fbd97526f13ea9ccf508307d1175ea9bb8d3a5b6dfefb098a3f7f,CORPUS_EXTRACTED,EXACT_SOURCE_SUBSTRING,PRIMARY,C2,d2lce_c6d5679eb20ff0719dfc35b2,d2l_selected_campaign_scope_v1,PASS_CORPUS_EXTRACTED,"Exact source substring, hashes, provenance, and offsets verified.",True,True,ctx_47a2796ead7d2454fdc45f64,fbf4480bc92588851b2fa4f7476a65bad4a4d6228f8d63a42928abb9620a09ce,d2l_methodology_corpus_origin_audit,1.0.0
ctx_47b329913c771cfa32340120,document,d2l_appendix_mathematics_for_deep_learning,d2l_appendix_mathematics_for_deep_learning_statistics_b002,sentence_cc8f4dcff4bd3c23df38f943,"To be able to discuss uncertainty in estimated values, we must learn some statistics.",265,350,22,33,c22620a96e3fbd97526f13ea9ccf508307d1175ea9bb8d3a5b6dfefb098a3f7f,CORPUS_EXTRACTED,EXACT_SOURCE_SUBSTRING,PRIMARY,C2,d2lce_73dbe839de3f1d00bf1226f0,d2l_selected_campaign_scope_v1,PASS_CORPUS_EXTRACTED,"Exact source substring, hashes, provenance, and offsets verified.",True,True,ctx_47b329913c771cfa32340120,eda521fda45bd5bc9e4c198a0eaaa35d27bc1ecb032169e1ddb6b9b4d55c22b9,d2l_methodology_corpus_origin_audit,1.0.0
ctx_47dd346896be4b4baac91c16,document,d2l_appendix_mathematics_for_deep_learning,d2l_appendix_mathematics_for_deep_learning_geometry_linear_algebraic_ops_b105,sentence_49f06dcb6c041b3d520a1320,We call such a matrix $\mathbf{A}^{-1}$ the *inverse* matrix.,476,537,45,52,c22620a96e3fbd97526f13ea9ccf508307d1175ea9bb8d3a5b6dfefb098a3f7f,CORPUS_EXTRACTED,EXACT_SOURCE_SUBSTRING,PRIMARY,C1,d2lce_98211ac6b2c27c6359ce6dae,d2l_selected_campaign_scope_v1,PASS_CORPUS_EXTRACTED,"Exact source substring, hashes, provenance, and offsets verified.",True,True,ctx_47dd346896be4b4baac91c16,0a33630ccf27de0fb480fb7dfbfad2381c8d9df6b530eda1c26c675958d6c2e1,d2l_methodology_corpus_origin_audit,1.0.0
ctx_48009dd3fb027cf7c0d50839,document,d2l_optimization,d2l_optimization_convexity_b050,sentence_8ffb40fa4583741e7ddeca57,Whenever the second derivative of a function $f: \mathbb{R}^n \rightarrow \mathbb{R}$ exists it is very easy to check whether $f$ is convex.,0,140,13,30,c22620a96e3fbd97526f13ea9ccf508307d1175ea9bb8d3a5b6dfefb098a3f7f,CORPUS_EXTRACTED,EXACT_SOURCE_SUBSTRING,PRIMARY,C2,d2lce_bee01b92f7b0b02cc1d77bd7,d2l_selected_campaign_scope_v1,PASS_CORPUS_EXTRACTED,"Exact source substring, hashes, provenance, and offsets verified.",True,True,ctx_48009dd3fb027cf7c0d50839,0d4aa969f0e7ba3982d635805b451ec124b3f2e8b89487eea328406863281e0f,d2l_methodology_corpus_origin_audit,1.0.0
ctx_48778feb4f6b4e043ea02087,document,d2l_recurrent_neural_networks,d2l_recurrent_neural_networks_sequence_b007,sentence_0a72885cb519c89d820f6fca,We need statistical tools and new deep neural network architectures to deal with sequence data.,0,95,81,94,c22620a96e3fbd97526f13ea9ccf508307d1175ea9bb8d3a5b6dfefb098a3f7f,CORPUS_EXTRACTED,EXACT_SOURCE_SUBSTRING,PRIMARY,C2,d2lce_b85d9a7a642afee03175796f,d2l_selected_campaign_scope_v1,PASS_CORPUS_EXTRACTED,"Exact source substring, hashes, provenance, and offsets verified.",True,True,ctx_48778feb4f6b4e043ea02087,a1f57e53827c1006c4f53c03f79ee171d6aaac4d80310683e091258d3ee53df1,d2l_methodology_corpus_origin_audit,1.0.0
ctx_48e44a2af0f53ee5fa7c2a13,document,d2l_natural_language_processing_applications,d2l_natural_language_processing_applications_natural_language_inference_and_dataset_b005,sentence_dbe9e5325c5e82620bce9224,* *Entailment*: the hypothesis can be inferred from the premise.,0,64,20,30,c22620a96e3fbd97526f13ea9ccf508307d1175ea9bb8d3a5b6dfefb098a3f7f,CORPUS_EXTRACTED,EXACT_SOURCE_SUBSTRING,BACKUP,C2,d2lce_dbb300a90e4b0f8b815b5e12,d2l_selected_campaign_scope_v1,PASS_CORPUS_EXTRACTED,"Exact source substring, hashes, provenance, and offsets verified.",False,True,ctx_48e44a2af0f53ee5fa7c2a13,eeb80c86f8ea10b13c49f7f9fa11a1c6f9bc68b0643c69a633f35f85f68cf45a,d2l_methodology_corpus_origin_audit,1.0.0
ctx_48fb92c20348628ff3c83349,document,d2l_recurrent_neural_networks,d2l_recurrent_neural_networks_bptt_b002,sentence_aae689ac34173ef51565f6f0,"In this section,
we will delve a bit more deeply
into the details of backpropagation for sequence models and why (and how) the mathematics works.",357,502,33,36,c22620a96e3fbd97526f13ea9ccf508307d1175ea9bb8d3a5b6dfefb098a3f7f,CORPUS_EXTRACTED,EXACT_SOURCE_SUBSTRING,PRIMARY,C3,d2lce_53c32398310471fac3dacf35,d2l_selected_campaign_scope_v1,PASS_CORPUS_EXTRACTED,"Exact source substring, hashes, provenance, and offsets verified.",True,True,ctx_48fb92c20348628ff3c83349,8ea183eb7b4a29b2a352b9420082aed4c153dd791b3208067d4b62906af97686,d2l_methodology_corpus_origin_audit,1.0.0
ctx_490d42eed993591209b3f212,document,d2l_optimization,d2l_optimization_optimization_intro_b021,sentence_750b60c6935e796c19255ea6,"When the numerical solution of an optimization problem is near the local optimum, the numerical solution obtained by the final iteration may only minimize the objective function *locally*, rather than *globally*, as the gradient of the objective function's solutions approaches or becomes zero.",79,373,127,136,c22620a96e3fbd97526f13ea9ccf508307d1175ea9bb8d3a5b6dfefb098a3f7f,CORPUS_EXTRACTED,EXACT_SOURCE_SUBSTRING,BACKUP,C1,d2lce_c3c46748b1a49e32c07ca9d7,d2l_selected_campaign_scope_v1,PASS_CORPUS_EXTRACTED,"Exact source substring, hashes, provenance, and offsets verified.",False,True,ctx_490d42eed993591209b3f212,b3a1df733d963631f30b52b234e1889752c1947bd0728665c242b274b39317f8,d2l_methodology_corpus_origin_audit,1.0.0
ctx_4948ac0797bf6c281ee7ac67,document,d2l_linear_networks,d2l_linear_networks_linear_regression_concise_b020,sentence_ac62f65bee051048ea698e5a,"We will first define a model variable `net`,
which will refer to an instance of the `Sequential` class.",203,306,85,95,c22620a96e3fbd97526f13ea9ccf508307d1175ea9bb8d3a5b6dfefb098a3f7f,CORPUS_EXTRACTED,EXACT_SOURCE_SUBSTRING,PRIMARY,C2,d2lce_40a50503f2fdc79aa0a549fc,d2l_selected_campaign_scope_v1,PASS_CORPUS_EXTRACTED,"Exact source substring, hashes, provenance, and offsets verified.",True,True,ctx_4948ac0797bf6c281ee7ac67,b5f87124e5738aa2dcab5a7d820d19092bcccd32a526eaa00b36733a5df125ae,d2l_methodology_corpus_origin_audit,1.0.0
ctx_495329d7ea08710cf266062c,document,d2l_attention_mechanisms,d2l_attention_mechanisms_attention_cues_b015,sentence_51f0ad7dd12913eb59a39972,"![Attention mechanisms bias selection over values (sensory inputs) via attention pooling, which incorporates queries (volitional cues) and keys (nonvolitional cues).](../img/qkv.svg)
:label:`fig_qkv`",0,199,118,133,c22620a96e3fbd97526f13ea9ccf508307d1175ea9bb8d3a5b6dfefb098a3f7f,CORPUS_EXTRACTED,EXACT_SOURCE_SUBSTRING,PRIMARY,C1,d2lce_ad03ff147d19eb2ea47d5b0e,d2l_selected_campaign_scope_v1,PASS_CORPUS_EXTRACTED,"Exact source substring, hashes, provenance, and offsets verified.",True,True,ctx_495329d7ea08710cf266062c,6165c0309f219d7e3feec3fa46e073168f6ba4cb2b5e63bfbc5c9a008796f15b,d2l_methodology_corpus_origin_audit,1.0.0
ctx_49bbc63fc9e139f356412fba,document,d2l_recurrent_modern,d2l_recurrent_modern_index_b003,sentence_d63643c53550b531593efcfc,"We will describe deep architectures with
multiple hidden layers,
and discuss the bidirectional design
with both forward and backward recurrent computations.",563,719,50,63,c22620a96e3fbd97526f13ea9ccf508307d1175ea9bb8d3a5b6dfefb098a3f7f,CORPUS_EXTRACTED,EXACT_SOURCE_SUBSTRING,BACKUP,C2,d2lce_401e038a0835f7c5733a9857,d2l_selected_campaign_scope_v1,PASS_CORPUS_EXTRACTED,"Exact source substring, hashes, provenance, and offsets verified.",False,True,ctx_49bbc63fc9e139f356412fba,38608d2b88c364e0bb12cf952c41b29a1a6f62f7b84009e610c89a1cd59f8cab,d2l_methodology_corpus_origin_audit,1.0.0
ctx_49c9f549ad2f64ca91888fd2,document,d2l_recurrent_neural_networks,d2l_recurrent_neural_networks_text_preprocessing_b002,sentence_9c2995cd280fd896ad42b2dc,"To facilitate our future experiments
with sequence data,
we will dedicate this section
to explain common preprocessing steps for text.",351,485,42,55,c22620a96e3fbd97526f13ea9ccf508307d1175ea9bb8d3a5b6dfefb098a3f7f,CORPUS_EXTRACTED,EXACT_SOURCE_SUBSTRING,PRIMARY,C2,d2lce_b85d9a7a642afee03175796f,d2l_selected_campaign_scope_v1,PASS_CORPUS_EXTRACTED,"Exact source substring, hashes, provenance, and offsets verified.",True,True,ctx_49c9f549ad2f64ca91888fd2,c256aef53cc1b6c9f71ce2ec3ca40ca7183c1d3b9bf17cb72d346f04404682f6,d2l_methodology_corpus_origin_audit,1.0.0
ctx_49d0624ce664cb21c21aefb1,document,d2l_computer_vision,d2l_computer_vision_anchor_b002,sentence_ca9535d15823ea4ab8c81a25,"Here we introduce one of such methods:
it generates multiple bounding boxes with varying scales and aspect ratios centered on each pixel.",337,474,100,113,c22620a96e3fbd97526f13ea9ccf508307d1175ea9bb8d3a5b6dfefb098a3f7f,CORPUS_EXTRACTED,EXACT_SOURCE_SUBSTRING,PRIMARY,C1,d2lce_ddf8557de1cd5ff23b86e10e,d2l_selected_campaign_scope_v1,PASS_CORPUS_EXTRACTED,"Exact source substring, hashes, provenance, and offsets verified.",True,True,ctx_49d0624ce664cb21c21aefb1,a8a8e4ddfece96a00741c0c57b88592d9206695662b0910eefdc129eb3f854c5,d2l_methodology_corpus_origin_audit,1.0.0
ctx_4a0757f79d783bf9dfd3591b,document,d2l_appendix_mathematics_for_deep_learning,d2l_appendix_mathematics_for_deep_learning_single_variable_calculus_b068,sentence_ac16f3a5859326b101f95488,We will call this the second derivative of $f$.,218,265,22,39,c22620a96e3fbd97526f13ea9ccf508307d1175ea9bb8d3a5b6dfefb098a3f7f,CORPUS_EXTRACTED,EXACT_SOURCE_SUBSTRING,PRIMARY,C1,d2lce_bee01b92f7b0b02cc1d77bd7,d2l_selected_campaign_scope_v1,PASS_CORPUS_EXTRACTED,"Exact source substring, hashes, provenance, and offsets verified.",True,True,ctx_4a0757f79d783bf9dfd3591b,1b84102a5886b32f32afbadd38bff7cb0cb6567457acc4f96337558e883862de,d2l_methodology_corpus_origin_audit,1.0.0
ctx_4a335ba3f1c5504d0ae19024,document,d2l_deep_learning_computation,d2l_deep_learning_computation_index_b003,sentence_2e4fd5233ca2955fda86abd3,"In the last chapter,
we implemented each component of an MLP from scratch
and even showed how to leverage high-level APIs
to roll out the same models effortlessly.",118,281,57,60,c22620a96e3fbd97526f13ea9ccf508307d1175ea9bb8d3a5b6dfefb098a3f7f,CORPUS_EXTRACTED,EXACT_SOURCE_SUBSTRING,PRIMARY,C1,d2lce_0ac8f3308547fb001c31e869,d2l_selected_campaign_scope_v1,PASS_CORPUS_EXTRACTED,"Exact source substring, hashes, provenance, and offsets verified.",True,True,ctx_4a335ba3f1c5504d0ae19024,c8792837c59187c1ae9b3bd9439374e50872c77f6536af0a5bafdd0fa81f1294,d2l_methodology_corpus_origin_audit,1.0.0
ctx_4a439805e5ee6481bd8ca2d7,document,d2l_appendix_mathematics_for_deep_learning,d2l_appendix_mathematics_for_deep_learning_statistics_b058,sentence_5d7d4ff0c1add1cb08b271d7,"The *statistical significance* measures the probability of erroneously rejecting the null hypothesis, $H_0$, when it should not be rejected, i.e.,",0,146,85,100,c22620a96e3fbd97526f13ea9ccf508307d1175ea9bb8d3a5b6dfefb098a3f7f,CORPUS_EXTRACTED,EXACT_SOURCE_SUBSTRING,BACKUP,C3,d2lce_11e1c294000ac67785408dcd,d2l_selected_campaign_scope_v1,PASS_CORPUS_EXTRACTED,"Exact source substring, hashes, provenance, and offsets verified.",False,True,ctx_4a439805e5ee6481bd8ca2d7,7743988276998ece0689aaf249b57fd13fcdf35e5a251f9159211e4c657b7c7b,d2l_methodology_corpus_origin_audit,1.0.0
ctx_4a8ce9c7f087c3d08d32ccad,document,d2l_recurrent_modern,d2l_recurrent_modern_lstm_b007,sentence_233f5dae07761e1a4528c1bc,"![Computing the input gate, the forget gate, and the output gate in an LSTM model.](../img/lstm-0.svg)
:label:`lstm_0`",0,118,53,64,c22620a96e3fbd97526f13ea9ccf508307d1175ea9bb8d3a5b6dfefb098a3f7f,CORPUS_EXTRACTED,EXACT_SOURCE_SUBSTRING,PRIMARY,C4,d2lce_c6b4477a845e2e0e0e02f088,d2l_selected_campaign_scope_v1,PASS_CORPUS_EXTRACTED,"Exact source substring, hashes, provenance, and offsets verified.",True,True,ctx_4a8ce9c7f087c3d08d32ccad,bf35d39aa91ca0cc7e62c60b3e184266d39ebd64be5efd1c890805b88fb3e5a0,d2l_methodology_corpus_origin_audit,1.0.0
ctx_4a91c71a44a35cb9a603e221,document,d2l_convolutional_neural_networks,d2l_convolutional_neural_networks_lenet_b010,sentence_0a10af56f13dd5d218e9e801,"We need only to instantiate a `Sequential` block
and chain together the appropriate layers.",258,349,31,41,c22620a96e3fbd97526f13ea9ccf508307d1175ea9bb8d3a5b6dfefb098a3f7f,CORPUS_EXTRACTED,EXACT_SOURCE_SUBSTRING,PRIMARY,C2,d2lce_40a50503f2fdc79aa0a549fc,d2l_selected_campaign_scope_v1,PASS_CORPUS_EXTRACTED,"Exact source substring, hashes, provenance, and offsets verified.",True,True,ctx_4a91c71a44a35cb9a603e221,933d0fd23a75eac06d162393d6fc545b982e0b4b03217a1ba1170a5a63640a0c,d2l_methodology_corpus_origin_audit,1.0.0
ctx_4a985a7867b0862e601aa744,document,d2l_computer_vision,d2l_computer_vision_image_augmentation_b055,sentence_d271d8883c43dc451760b4cf,"This function gets all available GPUs, 
uses Adam as the optimization algorithm,
applies image augmentation to the training dataset,
and finally calls the `train_ch13` function just defined to train and evaluate the model.",103,325,45,49,c22620a96e3fbd97526f13ea9ccf508307d1175ea9bb8d3a5b6dfefb098a3f7f,CORPUS_EXTRACTED,EXACT_SOURCE_SUBSTRING,PRIMARY,C1,d2lce_7ef8ed3f93210606a27312a4,d2l_selected_campaign_scope_v1,PASS_CORPUS_EXTRACTED,"Exact source substring, hashes, provenance, and offsets verified.",True,True,ctx_4a985a7867b0862e601aa744,19b821ba386963dcc6c34b635ee4c0642632895259719fc9982416d3e44633bc,d2l_methodology_corpus_origin_audit,1.0.0
ctx_4bb23f20ff0fa67bc6c1be83,document,d2l_preliminaries,d2l_preliminaries_linear_algebra_b060,sentence_f6f1f806e59cd3b9f03ea426,"Tensors will become more important when we start working with images,
 which arrive as $n$-dimensional arrays with 3 axes corresponding to the height, width, and a *channel* axis for stacking the color channels (red, green, and blue).",0,234,202,210,c22620a96e3fbd97526f13ea9ccf508307d1175ea9bb8d3a5b6dfefb098a3f7f,CORPUS_EXTRACTED,EXACT_SOURCE_SUBSTRING,PRIMARY,C1,d2lce_270e1a75bb70807d9c2dd507,d2l_selected_campaign_scope_v1,PASS_CORPUS_EXTRACTED,"Exact source substring, hashes, provenance, and offsets verified.",True,True,ctx_4bb23f20ff0fa67bc6c1be83,ec0f0c8e48f743fc12a00cc67b5c8356a3f53c12df5097b3881af50fbd2c06b6,d2l_methodology_corpus_origin_audit,1.0.0
ctx_4c085656a072de8155bf3deb,document,d2l_introduction,d2l_introduction_index_b097,sentence_2031a184e54d3aa2d751a335,"In these two examples of self-supervised learning,
training models to predict
possible words and relative positions
are both classification tasks
(from supervised learning).",548,721,106,115,c22620a96e3fbd97526f13ea9ccf508307d1175ea9bb8d3a5b6dfefb098a3f7f,CORPUS_EXTRACTED,EXACT_SOURCE_SUBSTRING,UNSELECTED,NONE,d2lce_06b54fbb7406aced0daac405,d2l_selected_campaign_scope_v1,PASS_CORPUS_EXTRACTED,"Exact source substring, hashes, provenance, and offsets verified.",False,False,ctx_4c085656a072de8155bf3deb,4703b37753b864a1f36724bc451535af079e6ac75fa1e263262c09fc5c5df1bc,d2l_methodology_corpus_origin_audit,1.0.0
ctx_4c0db4110edeb70b3ce069e5,document,d2l_optimization,d2l_optimization_lr_scheduler_b018,sentence_60d89ac43b91ef947d7cfd26,"```{.python .input}
#@tab tensorflow
lr = 0.1
dummy_model = tf.keras.models.Sequential([tf.keras.layers.Dense(10)])
dummy_model.compile(tf.keras.optimizers.SGD(learning_rate=lr), loss='mse')
print(f'learning rate is now ,', dummy_model.optimizer.lr.numpy())
```",0,261,185,188,c22620a96e3fbd97526f13ea9ccf508307d1175ea9bb8d3a5b6dfefb098a3f7f,CORPUS_EXTRACTED,EXACT_SOURCE_SUBSTRING,UNSELECTED,NONE,d2lce_ceb82e896665f8c0cd942ed6,d2l_selected_campaign_scope_v1,PASS_CORPUS_EXTRACTED,"Exact source substring, hashes, provenance, and offsets verified.",False,False,ctx_4c0db4110edeb70b3ce069e5,c09b4b78ad1ec33ed157b672fd3e4f89ada56a7fa9d3c50f2629825306b51e9c,d2l_methodology_corpus_origin_audit,1.0.0
ctx_4ce0dadb094ebab58d15ccc9,document,d2l_preliminaries,d2l_preliminaries_lookup_api_b021,sentence_6e1771a9fc212a1043024246,"* We can look up documentation for the usage of an API by calling the `dir` and `help` functions, or `?` and `??` in Jupyter notebooks.",101,236,117,134,c22620a96e3fbd97526f13ea9ccf508307d1175ea9bb8d3a5b6dfefb098a3f7f,CORPUS_EXTRACTED,EXACT_SOURCE_SUBSTRING,BACKUP,C4,d2lce_1a91fdded89249a5cd89ec14,d2l_selected_campaign_scope_v1,PASS_CORPUS_EXTRACTED,"Exact source substring, hashes, provenance, and offsets verified.",False,True,ctx_4ce0dadb094ebab58d15ccc9,e2238764dcdab4c70a30470b812896244eefc115f7011b8e0c2f59b258053578,d2l_methodology_corpus_origin_audit,1.0.0
ctx_4cfe5e8d436f58421a53ed72,document,d2l_convolutional_modern,d2l_convolutional_modern_batch_norm_b011,sentence_19533f704e6a188cae54194b,"$$\mathrm{BN}(\mathbf{x}) = \boldsymbol{\gamma} \odot \frac{\mathbf{x} - \hat{\boldsymbol{\mu}}_\mathcal{B}}{\hat{\boldsymbol{\sigma}}_\mathcal{B}} + \boldsymbol{\beta}.$$
:eqlabel:`eq_batchnorm`",0,195,163,167,c22620a96e3fbd97526f13ea9ccf508307d1175ea9bb8d3a5b6dfefb098a3f7f,CORPUS_EXTRACTED,EXACT_SOURCE_SUBSTRING,PRIMARY,C1,d2lce_20a7e6887718c68fb6b88a05,d2l_selected_campaign_scope_v1,PASS_CORPUS_EXTRACTED,"Exact source substring, hashes, provenance, and offsets verified.",True,True,ctx_4cfe5e8d436f58421a53ed72,c81f0afeba0ed9fac67f409c235b7fb7552f82c69458290d9ad250c3de99c303,d2l_methodology_corpus_origin_audit,1.0.0
ctx_4d3789e25e89cb28e438e10a,document,d2l_recurrent_neural_networks,d2l_recurrent_neural_networks_rnn_scratch_b051,sentence_baee9f2a5a62fac1ea3e1917,"For example,
with $\eta > 0$ as the learning rate,
in one iteration we update
$\mathbf{x}$
as $\mathbf{x} - \eta \mathbf{g}$.",212,337,36,49,c22620a96e3fbd97526f13ea9ccf508307d1175ea9bb8d3a5b6dfefb098a3f7f,CORPUS_EXTRACTED,EXACT_SOURCE_SUBSTRING,PRIMARY,C2,d2lce_cc4cb853eff638abcbdf7691,d2l_selected_campaign_scope_v1,PASS_CORPUS_EXTRACTED,"Exact source substring, hashes, provenance, and offsets verified.",True,True,ctx_4d3789e25e89cb28e438e10a,bb630124a10cff51f6c2e5af6f1a1d483fa19c53eace910eff057abf6cb19b3a,d2l_methodology_corpus_origin_audit,1.0.0
ctx_4d511a9e270716621c12b480,document,d2l_deep_learning_computation,d2l_deep_learning_computation_deferred_init_b003,sentence_669fc705ed1d247da76a2a0f,"* We defined the network architectures
  without specifying the input dimensionality.",0,85,70,84,c22620a96e3fbd97526f13ea9ccf508307d1175ea9bb8d3a5b6dfefb098a3f7f,CORPUS_EXTRACTED,EXACT_SOURCE_SUBSTRING,PRIMARY,C1,d2lce_f3dedf5fcd54a46940474022,d2l_selected_campaign_scope_v1,PASS_CORPUS_EXTRACTED,"Exact source substring, hashes, provenance, and offsets verified.",True,True,ctx_4d511a9e270716621c12b480,4844a8ecc638d7a8d2e8c93562a1faa4e7178408d6678307cb624a6458c2b283,d2l_methodology_corpus_origin_audit,1.0.0
ctx_4da4c97d28bf6a81e6e7e0fb,document,d2l_natural_language_processing_applications,d2l_natural_language_processing_applications_sentiment_analysis_rnn_b002,sentence_3ce3d6cd6b4c18005972700a,"As a specific example
illustrated in :numref:`fig_nlp-map-sa-rnn`,
we will represent each token
using the pretrained GloVe model,
and feed these token representations
into a multilayer bidirectional RNN
to obtain the text sequence representation,
which will
be transformed into 
sentiment analysis outputs :cite:`Maas.Daly.Pham.ea.2011`.",287,624,185,202,c22620a96e3fbd97526f13ea9ccf508307d1175ea9bb8d3a5b6dfefb098a3f7f,CORPUS_EXTRACTED,EXACT_SOURCE_SUBSTRING,PRIMARY,C1,d2lce_80f4d6555a6ea1d2e5e881a1,d2l_selected_campaign_scope_v1,PASS_CORPUS_EXTRACTED,"Exact source substring, hashes, provenance, and offsets verified.",True,True,ctx_4da4c97d28bf6a81e6e7e0fb,f9518512b885d38e8abaf9af3ec16f235503f6d1c87b3beda209f47b956535a6,d2l_methodology_corpus_origin_audit,1.0.0
ctx_4dd93f52590658e6a0b3f22f,document,d2l_preliminaries,d2l_preliminaries_probability_b051,sentence_238b0f2daad1cbbabb745ada,"By symmetry, this also holds for $P(A, B) = P(A \mid B) P(B)$.",252,314,3,11,c22620a96e3fbd97526f13ea9ccf508307d1175ea9bb8d3a5b6dfefb098a3f7f,CORPUS_EXTRACTED,EXACT_SOURCE_SUBSTRING,BACKUP,C1,d2lce_00c0e4f7d0d5537d738af8a7,d2l_selected_campaign_scope_v1,PASS_CORPUS_EXTRACTED,"Exact source substring, hashes, provenance, and offsets verified.",False,True,ctx_4dd93f52590658e6a0b3f22f,06f69dfddb3e5694d0de24980a217ab9cf3e5dbb8328929271aa18f3aaecc96f,d2l_methodology_corpus_origin_audit,1.0.0
ctx_4f1b397454dc88cdcdbef294,document,d2l_multilayer_perceptrons,d2l_multilayer_perceptrons_underfit_overfit_b043,sentence_ecbd84e54f9e3f974b389cd7,"This is just a linear regression problem
where our features are given by the powers of $x$,
the model's weights are given by $w_i$,
and the bias is given by $w_0$ since $x^0 = 1$ for all $x$.",28,219,15,32,c22620a96e3fbd97526f13ea9ccf508307d1175ea9bb8d3a5b6dfefb098a3f7f,CORPUS_EXTRACTED,EXACT_SOURCE_SUBSTRING,PRIMARY,C1,d2lce_d8d3db5e12791f4de99286be,d2l_selected_campaign_scope_v1,PASS_CORPUS_EXTRACTED,"Exact source substring, hashes, provenance, and offsets verified.",True,True,ctx_4f1b397454dc88cdcdbef294,26575159dc336a93c4a5d4b9d528646c46805ffabd8300b0aeaf765a9a364338,d2l_methodology_corpus_origin_audit,1.0.0
ctx_4f3feaf3fe5fc9145ebc21e9,document,d2l_linear_networks,d2l_linear_networks_softmax_regression_b010,sentence_3e2dceee6e0300a05d1b6868,But general classification problems do not come with natural orderings among the classes.,0,89,12,35,c22620a96e3fbd97526f13ea9ccf508307d1175ea9bb8d3a5b6dfefb098a3f7f,CORPUS_EXTRACTED,EXACT_SOURCE_SUBSTRING,PRIMARY,C1,d2lce_7070b47672fcb2311c0527b6,d2l_selected_campaign_scope_v1,PASS_CORPUS_EXTRACTED,"Exact source substring, hashes, provenance, and offsets verified.",True,True,ctx_4f3feaf3fe5fc9145ebc21e9,f58e7d84fd7e6fb81178640c48e8bbb4f0c5ec0a7ffff12d4d84fe6ea24c79a1,d2l_methodology_corpus_origin_audit,1.0.0
ctx_4f8a2ab7305e5e99ddf848a4,document,d2l_linear_networks,d2l_linear_networks_linear_regression_concise_b059,sentence_a863389dde3412de453516e8,* Generate predictions by calling `net(X)` and calculate the loss `l` (the forward propagation).,0,96,75,82,c22620a96e3fbd97526f13ea9ccf508307d1175ea9bb8d3a5b6dfefb098a3f7f,CORPUS_EXTRACTED,EXACT_SOURCE_SUBSTRING,PRIMARY,C1,d2lce_fbe9efe0d390976cb31e5af7,d2l_selected_campaign_scope_v1,PASS_CORPUS_EXTRACTED,"Exact source substring, hashes, provenance, and offsets verified.",True,True,ctx_4f8a2ab7305e5e99ddf848a4,596386f48b114d8e691c5984e4d641a82b1425059ceb6c4e9c27cf37f7259681,d2l_methodology_corpus_origin_audit,1.0.0
ctx_500ae062c5d8dcb9953ef236,document,d2l_convolutional_modern,d2l_convolutional_modern_batch_norm_b033,sentence_54c8e3411a2c75de2e852488,"```{.python .input}
from d2l import mxnet as d2l
from mxnet import autograd, np, npx, init
from mxnet.gluon import nn
npx.set_np()

def batch_norm(X, gamma, beta, moving_mean, moving_var, eps, momentum):
    # Use `autograd` to determine whether the current mode is training mode or
    # prediction mode
    if not autograd.is_training():
        # If it is prediction mode, directly use the mean and variance
        # obtained by moving average
        X_hat = (X - moving_mean) / np.sqrt(moving_var + eps)
    else:
        assert len(X.shape) in (2, 4)
        if len(X.shape) == 2:
            # When using a fully-connected layer, calculate the mean and
            # variance on the feature dimension
            mean = X.mean(axis=0)
            var = ((X - mean) ** 2).mean(axis=0)
        else:
            # When using a two-dimensional convolutional layer, calculate the
            # mean and variance on the channel dimension (axis=1).",0,950,193,201,c22620a96e3fbd97526f13ea9ccf508307d1175ea9bb8d3a5b6dfefb098a3f7f,CORPUS_EXTRACTED,EXACT_SOURCE_SUBSTRING,PRIMARY,C2,d2lce_addfcc9899bef06c500b6b0e,d2l_selected_campaign_scope_v1,PASS_CORPUS_EXTRACTED,"Exact source substring, hashes, provenance, and offsets verified.",True,True,ctx_500ae062c5d8dcb9953ef236,2a5de649f0dbc0fc3cdb74d75505f4f1cd2e9713189d3e943f673277d72acf99,d2l_methodology_corpus_origin_audit,1.0.0
ctx_500e392a6212984ed97679b6,document,d2l_natural_language_processing_pretraining,d2l_natural_language_processing_pretraining_word2vec_b035,sentence_18d32bd5e9e5e76b2e7a59e4,"Since there are multiple context words
in the continuous bag of words model,
these context word vectors are averaged
in the calculation of the conditional probability.",0,167,46,69,c22620a96e3fbd97526f13ea9ccf508307d1175ea9bb8d3a5b6dfefb098a3f7f,CORPUS_EXTRACTED,EXACT_SOURCE_SUBSTRING,PRIMARY,C2,d2lce_dc193feb1eeef3a1349d9b74,d2l_selected_campaign_scope_v1,PASS_CORPUS_EXTRACTED,"Exact source substring, hashes, provenance, and offsets verified.",True,True,ctx_500e392a6212984ed97679b6,d9e5f7251ef6428f91f2a86518d193388d171e226ba277bd4b26f9a7f6177fc3,d2l_methodology_corpus_origin_audit,1.0.0
ctx_504a913a4f4a11022e5c30ad,document,d2l_recurrent_neural_networks,d2l_recurrent_neural_networks_index_b006,sentence_07639ea5ec3189d490e42534,"Next, we discuss basic concepts of a language model and use this discussion as the inspiration for the design of RNNs.",239,357,37,51,c22620a96e3fbd97526f13ea9ccf508307d1175ea9bb8d3a5b6dfefb098a3f7f,CORPUS_EXTRACTED,EXACT_SOURCE_SUBSTRING,PRIMARY,C1,d2lce_a7105fea7b2b3447548b6d7a,d2l_selected_campaign_scope_v1,PASS_CORPUS_EXTRACTED,"Exact source substring, hashes, provenance, and offsets verified.",True,True,ctx_504a913a4f4a11022e5c30ad,757731c8793e40323a4d6c9bf50cb590e1fd78c2a88e2ab0f87a6aa12f7563c4,d2l_methodology_corpus_origin_audit,1.0.0
ctx_5091b8db5e4618b9d88151b8,document,d2l_computer_vision,d2l_computer_vision_rcnn_b018,sentence_afb820984d1d4ca46cf6afcb,Below we demonstrate the computation of the region of interest pooling layer.,0,77,44,76,c22620a96e3fbd97526f13ea9ccf508307d1175ea9bb8d3a5b6dfefb098a3f7f,CORPUS_EXTRACTED,EXACT_SOURCE_SUBSTRING,BACKUP,C2,d2lce_88251c1ff8b5d3756955ca7b,d2l_selected_campaign_scope_v1,PASS_CORPUS_EXTRACTED,"Exact source substring, hashes, provenance, and offsets verified.",False,True,ctx_5091b8db5e4618b9d88151b8,fc59feaafff329e96379b71cd86e20ba16759966f9f4dea89470f62271c601b7,d2l_methodology_corpus_origin_audit,1.0.0
ctx_50b02cc418dce008fb37b2ea,document,d2l_linear_networks,d2l_linear_networks_image_classification_dataset_b015,sentence_780ae211bf62df9f14ff8a9b,"Note that the dataset consists of grayscale images, whose number of channels is 1.",61,143,68,76,c22620a96e3fbd97526f13ea9ccf508307d1175ea9bb8d3a5b6dfefb098a3f7f,CORPUS_EXTRACTED,EXACT_SOURCE_SUBSTRING,PRIMARY,C1,d2lce_270e1a75bb70807d9c2dd507,d2l_selected_campaign_scope_v1,PASS_CORPUS_EXTRACTED,"Exact source substring, hashes, provenance, and offsets verified.",True,True,ctx_50b02cc418dce008fb37b2ea,85604937309ed0d987b5523bdc4fc674e83344828af6b53bb1f855ab35c1bb3d,d2l_methodology_corpus_origin_audit,1.0.0
ctx_510e5b25c036f0aedb8ecff2,document,d2l_recurrent_modern,d2l_recurrent_modern_deep_rnn_b030,sentence_513ace3b87a5c457bb97ba12,"Overall, deep RNNs require considerable amount of work (such as learning rate and clipping) to ensure proper convergence.",379,500,64,77,c22620a96e3fbd97526f13ea9ccf508307d1175ea9bb8d3a5b6dfefb098a3f7f,CORPUS_EXTRACTED,EXACT_SOURCE_SUBSTRING,PRIMARY,C1,d2lce_cc4cb853eff638abcbdf7691,d2l_selected_campaign_scope_v1,PASS_CORPUS_EXTRACTED,"Exact source substring, hashes, provenance, and offsets verified.",True,True,ctx_510e5b25c036f0aedb8ecff2,7c7b3f15df09644c1a07b287c128384997b4d76fab25e4da0ee19359b823f311,d2l_methodology_corpus_origin_audit,1.0.0
ctx_5116b5fdf318003ffedaf8df,document,d2l_attention_mechanisms,d2l_attention_mechanisms_attention_cues_b014,sentence_0725c06088467dd92ba6e1cc,"Given any query,
attention mechanisms
bias selection over sensory inputs (e.g., intermediate feature representations)
via *attention pooling*.",223,365,58,72,c22620a96e3fbd97526f13ea9ccf508307d1175ea9bb8d3a5b6dfefb098a3f7f,CORPUS_EXTRACTED,EXACT_SOURCE_SUBSTRING,PRIMARY,C2,d2lce_bc240ce7b3e0abeb18f82a6b,d2l_selected_campaign_scope_v1,PASS_CORPUS_EXTRACTED,"Exact source substring, hashes, provenance, and offsets verified.",True,True,ctx_5116b5fdf318003ffedaf8df,37ae0e32d378c198a8c60a1d897abd789b4886b87b98e33b352cc7b079a9559b,d2l_methodology_corpus_origin_audit,1.0.0
ctx_51424ecedde5d77018ac09c3,document,d2l_natural_language_processing_pretraining,d2l_natural_language_processing_pretraining_subword_embedding_b011,sentence_5b313e556b6fc66d35777555,"Starting from symbols of length 1,
byte pair encoding iteratively merges the most frequent pair of consecutive symbols to produce new longer symbols.",169,318,14,21,c22620a96e3fbd97526f13ea9ccf508307d1175ea9bb8d3a5b6dfefb098a3f7f,CORPUS_EXTRACTED,EXACT_SOURCE_SUBSTRING,BACKUP,C2,d2lce_6f20c5222ebea4830603817b,d2l_selected_campaign_scope_v1,PASS_CORPUS_EXTRACTED,"Exact source substring, hashes, provenance, and offsets verified.",False,True,ctx_51424ecedde5d77018ac09c3,954663c54d8bbb0ba57cb98b3459584fb9ebf0a93a8ad89cfa877efd44ff723f,d2l_methodology_corpus_origin_audit,1.0.0
ctx_516a4df8d34c7a0c4415302b,document,d2l_convolutional_neural_networks,d2l_convolutional_neural_networks_why_conv_b041,sentence_57f2398d4946c29ecd8c3a58,"Being more general,
:eqref:`eq_conv-layer-channels` is
the definition of a convolutional layer for multiple channels, where $\mathsf{V}$ is a kernel or filter of the layer.",186,358,99,116,c22620a96e3fbd97526f13ea9ccf508307d1175ea9bb8d3a5b6dfefb098a3f7f,CORPUS_EXTRACTED,EXACT_SOURCE_SUBSTRING,PRIMARY,C1,d2lce_ccf7d0a5109d86ee76a75b9c,d2l_selected_campaign_scope_v1,PASS_CORPUS_EXTRACTED,"Exact source substring, hashes, provenance, and offsets verified.",True,True,ctx_516a4df8d34c7a0c4415302b,8be839e0754c6883185b3e3003b93d3afe2b65cca833283011d15848ac694f3e,d2l_methodology_corpus_origin_audit,1.0.0
ctx_51719f5f7eab3e50160fe2f8,document,d2l_convolutional_modern,d2l_convolutional_modern_batch_norm_b061,sentence_e14c74d68cba067bcbd34b4d,"Even with dropout and weight decay,
they remain so flexible that their ability to generalize to unseen data
cannot be explained via conventional learning-theoretic generalization guarantees.",376,566,164,178,c22620a96e3fbd97526f13ea9ccf508307d1175ea9bb8d3a5b6dfefb098a3f7f,CORPUS_EXTRACTED,EXACT_SOURCE_SUBSTRING,PRIMARY,C3,d2lce_22496a6fabe26e046ad5d5ac,d2l_selected_campaign_scope_v1,PASS_CORPUS_EXTRACTED,"Exact source substring, hashes, provenance, and offsets verified.",True,True,ctx_51719f5f7eab3e50160fe2f8,fff3989f3a421dfcef5fe56d8dcdb1745535840ad80eb95c97b6a52f4dac20a5,d2l_methodology_corpus_origin_audit,1.0.0
ctx_5178997f9928de9b50c9dd24,document,d2l_multilayer_perceptrons,d2l_multilayer_perceptrons_environment_b063,sentence_22b1a92cae030a06504187d4,"Assume that we are dealing with a
classification task with $k$ categories.",0,74,34,53,c22620a96e3fbd97526f13ea9ccf508307d1175ea9bb8d3a5b6dfefb098a3f7f,CORPUS_EXTRACTED,EXACT_SOURCE_SUBSTRING,PRIMARY,C1,d2lce_d89e6e83e5f07d1fcb18c6aa,d2l_selected_campaign_scope_v1,PASS_CORPUS_EXTRACTED,"Exact source substring, hashes, provenance, and offsets verified.",True,True,ctx_5178997f9928de9b50c9dd24,afc8f612f763cb9123e2ae07854fc43268e740ec6009a4a4d2447a03d5350245,d2l_methodology_corpus_origin_audit,1.0.0
ctx_51976c239578153593bf6e10,document,d2l_recommender_systems,d2l_recommender_systems_mf_b009,sentence_d8950c623215eaf562a15e68,"Then, we train the matrix factorization model by minimizing the mean squared error between predicted rating scores and real rating scores.",0,138,64,82,c22620a96e3fbd97526f13ea9ccf508307d1175ea9bb8d3a5b6dfefb098a3f7f,CORPUS_EXTRACTED,EXACT_SOURCE_SUBSTRING,BACKUP,C1,d2lce_49603071e9c21eb4bcbdf1e7,d2l_selected_campaign_scope_v1,PASS_CORPUS_EXTRACTED,"Exact source substring, hashes, provenance, and offsets verified.",False,True,ctx_51976c239578153593bf6e10,a8e2617f950d22adc7b0ea60e035bb9a9229b47c19d5f5f58e475ef5bce675f4,d2l_methodology_corpus_origin_audit,1.0.0
ctx_51a667c40e6f2983a4ba8c80,document,d2l_deep_learning_computation,d2l_deep_learning_computation_custom_layer_b021,sentence_3260ee9661797a220ec228c8,"This way, among other benefits, we will not need to write
custom serialization routines for every custom layer.",338,449,98,110,c22620a96e3fbd97526f13ea9ccf508307d1175ea9bb8d3a5b6dfefb098a3f7f,CORPUS_EXTRACTED,EXACT_SOURCE_SUBSTRING,PRIMARY,C1,d2lce_4d2b37402e25d2f56746ea23,d2l_selected_campaign_scope_v1,PASS_CORPUS_EXTRACTED,"Exact source substring, hashes, provenance, and offsets verified.",True,True,ctx_51a667c40e6f2983a4ba8c80,dec23f52b2012b93753e4a369cb9d4a6272e2508bb3f3ad357db2600827a4e01,d2l_methodology_corpus_origin_audit,1.0.0
ctx_51b702393d86c10055ec9803,document,d2l_optimization,d2l_optimization_adadelta_b016,sentence_9eaa140ea6d20e4bdcff1b07,"```{.python .input}
%matplotlib inline
from d2l import mxnet as d2l
from mxnet import np, npx
npx.set_np()

def init_adadelta_states(feature_dim):
    s_w, s_b = d2l.zeros((feature_dim, 1)), d2l.zeros(1)
    delta_w, delta_b = d2l.zeros((feature_dim, 1)), d2l.zeros(1)
    return ((s_w, delta_w), (s_b, delta_b))

def adadelta(params, states, hyperparams):
    rho, eps = hyperparams['rho'], 1e-5
    for p, (s, delta) in zip(params, states):
        # In-place updates via [:]
        s[:] = rho * s + (1 - rho) * np.square(p.grad)
        g = (np.sqrt(delta + eps) / np.sqrt(s + eps)) * p.grad
        p[:] -= g
        delta[:] = rho * delta + (1 - rho) * g * g
```",0,668,453,461,c22620a96e3fbd97526f13ea9ccf508307d1175ea9bb8d3a5b6dfefb098a3f7f,CORPUS_EXTRACTED,EXACT_SOURCE_SUBSTRING,PRIMARY,C1,d2lce_2684090fd4500122fec2a334,d2l_selected_campaign_scope_v1,PASS_CORPUS_EXTRACTED,"Exact source substring, hashes, provenance, and offsets verified.",True,True,ctx_51b702393d86c10055ec9803,e4a4c923187d41bdf2a4fee8fd81c08e83dd3e9e518dd701cc89ebadfd801c48,d2l_methodology_corpus_origin_audit,1.0.0
ctx_5238e6e3413873833910fa5d,document,d2l_attention_mechanisms,d2l_attention_mechanisms_bahdanau_attention_b033,sentence_5be9b39b07e5e2f14217b863,"```{.python .input}
# Plus one to include the end-of-sequence token
d2l.show_heatmaps(
    attention_weights[:, :, :, :len(engs[-1].split()) + 1],
    xlabel='Key positions', ylabel='Query positions')
```",0,204,163,172,c22620a96e3fbd97526f13ea9ccf508307d1175ea9bb8d3a5b6dfefb098a3f7f,CORPUS_EXTRACTED,EXACT_SOURCE_SUBSTRING,PRIMARY,C1,d2lce_06b54fbb7406aced0daac405,d2l_selected_campaign_scope_v1,PASS_CORPUS_EXTRACTED,"Exact source substring, hashes, provenance, and offsets verified.",True,True,ctx_5238e6e3413873833910fa5d,57488bea56da72f20eafbe2ae79a604ac77f3363fb18cd6cf51337aecb75cc8e,d2l_methodology_corpus_origin_audit,1.0.0
ctx_537ed43953ead18faf55b24e,document,d2l_computational_performance,d2l_computational_performance_hybridize_b064,sentence_3b7cf906cd8f16a45541792b,"Also note that some functions are not supported in the `symbol` module (e.g.,  `asnumpy`) and operations in-place such as `a += b` and `a[:] = a + b` must be rewritten as `a = a + b`.",442,625,105,113,c22620a96e3fbd97526f13ea9ccf508307d1175ea9bb8d3a5b6dfefb098a3f7f,CORPUS_EXTRACTED,EXACT_SOURCE_SUBSTRING,PRIMARY,C1,d2lce_2684090fd4500122fec2a334,d2l_selected_campaign_scope_v1,PASS_CORPUS_EXTRACTED,"Exact source substring, hashes, provenance, and offsets verified.",True,True,ctx_537ed43953ead18faf55b24e,ac0eb75a50a7231492d9ecbac89fb1cab7c2203a820a67386ebc196a7f99e4db,d2l_methodology_corpus_origin_audit,1.0.0
ctx_54000812f62f7bf37881febb,document,d2l_deep_learning_computation,d2l_deep_learning_computation_model_construction_b024,sentence_8e2971f50991228a79af53d2,"Here, we declare two
    # fully-connected layers
    def __init__(self, **kwargs):
        # Call the constructor of the `MLP` parent class `Block` to perform
        # the necessary initialization.",86,285,103,114,c22620a96e3fbd97526f13ea9ccf508307d1175ea9bb8d3a5b6dfefb098a3f7f,CORPUS_EXTRACTED,EXACT_SOURCE_SUBSTRING,PRIMARY,C1,d2lce_7d7b617aacd41c76538d06af,d2l_selected_campaign_scope_v1,PASS_CORPUS_EXTRACTED,"Exact source substring, hashes, provenance, and offsets verified.",True,True,ctx_54000812f62f7bf37881febb,c882941d97a2a787ac1b8231f1139367f9684a021c3816ded0c9c3aff5ba7291,d2l_methodology_corpus_origin_audit,1.0.0
ctx_54088257ccb95a4974f91f90,document,d2l_multilayer_perceptrons,d2l_multilayer_perceptrons_underfit_overfit_b012,sentence_c9db3344d8ec2f49dd7abe18,"As we increase the amount of data,
the probability that the fraction of heads
will deviate significantly from $\frac{1}{2}$ diminishes,
and our training error would come to match the generalization error.",788,992,183,203,c22620a96e3fbd97526f13ea9ccf508307d1175ea9bb8d3a5b6dfefb098a3f7f,CORPUS_EXTRACTED,EXACT_SOURCE_SUBSTRING,BACKUP,C4,d2lce_9199c3ba27076b186a42df23,d2l_selected_campaign_scope_v1,PASS_CORPUS_EXTRACTED,"Exact source substring, hashes, provenance, and offsets verified.",False,True,ctx_54088257ccb95a4974f91f90,ec9676e2254230d058d612cb5e899408d55f74b883157d07b406bf308221ec4a,d2l_methodology_corpus_origin_audit,1.0.0
ctx_545710fbceae0d3428fd3a00,document,d2l_generative_adversarial_networks,d2l_generative_adversarial_networks_gan_b008,sentence_acdc94766cb933ef5156bc2f,The discriminator is a binary classifier to distinguish if the input $x$ is real (from real data) or fake (from the generator).,0,127,116,125,c22620a96e3fbd97526f13ea9ccf508307d1175ea9bb8d3a5b6dfefb098a3f7f,CORPUS_EXTRACTED,EXACT_SOURCE_SUBSTRING,PRIMARY,C1,d2lce_73c8ce2915c4c64a52fab4a2,d2l_selected_campaign_scope_v1,PASS_CORPUS_EXTRACTED,"Exact source substring, hashes, provenance, and offsets verified.",True,True,ctx_545710fbceae0d3428fd3a00,74b274a1bdfc0756274f53f2b5da7768668502dbd52ae92f3249fe19f74a8a8b,d2l_methodology_corpus_origin_audit,1.0.0
ctx_54f8c3cb816277ace430df97,document,d2l_convolutional_neural_networks,d2l_convolutional_neural_networks_index_b005,sentence_27f3e0ec9d14cbd6108f4db0,"These include the convolutional layers themselves,
nitty-gritty details including padding and stride,
the pooling layers used to aggregate information
across adjacent spatial regions,
the use of multiple channels  at each layer,
and a careful discussion of the structure of modern architectures.",107,402,195,212,c22620a96e3fbd97526f13ea9ccf508307d1175ea9bb8d3a5b6dfefb098a3f7f,CORPUS_EXTRACTED,EXACT_SOURCE_SUBSTRING,BACKUP,C2,d2lce_ccf7d0a5109d86ee76a75b9c,d2l_selected_campaign_scope_v1,PASS_CORPUS_EXTRACTED,"Exact source substring, hashes, provenance, and offsets verified.",False,True,ctx_54f8c3cb816277ace430df97,802bf37ab3e509cd61f00e3c54cdb2c5f85c2d5f8855084e502845be21aa0a8c,d2l_methodology_corpus_origin_audit,1.0.0
ctx_553b80dd5ccbf185fe342d46,document,d2l_convolutional_modern,d2l_convolutional_modern_googlenet_b002,sentence_a764ac4f7da44309f3a540f9,"One focus of the paper was to address the question
of which sized convolution kernels are best.",173,268,66,85,c22620a96e3fbd97526f13ea9ccf508307d1175ea9bb8d3a5b6dfefb098a3f7f,CORPUS_EXTRACTED,EXACT_SOURCE_SUBSTRING,BACKUP,C2,d2lce_7c27fa40b039d07e81508741,d2l_selected_campaign_scope_v1,PASS_CORPUS_EXTRACTED,"Exact source substring, hashes, provenance, and offsets verified.",False,True,ctx_553b80dd5ccbf185fe342d46,141786278cf83b4b91e9d384af91dd41f796f9b3b72b8d5c9b02f44132f1d28a,d2l_methodology_corpus_origin_audit,1.0.0
ctx_5565f012ff929a17a39b50a3,document,d2l_recommender_systems,d2l_recommender_systems_movielens_b012,sentence_a3acec6fc3dc2ed25d0b8936,"We can construct an interaction matrix of size $n \times m$, where $n$ and $m$ are the number of users and the number of items respectively.",127,267,20,38,c22620a96e3fbd97526f13ea9ccf508307d1175ea9bb8d3a5b6dfefb098a3f7f,CORPUS_EXTRACTED,EXACT_SOURCE_SUBSTRING,PRIMARY,C1,d2lce_c01c503b792019c6e3827ac0,d2l_selected_campaign_scope_v1,PASS_CORPUS_EXTRACTED,"Exact source substring, hashes, provenance, and offsets verified.",True,True,ctx_5565f012ff929a17a39b50a3,9858c65134fc7483d8d19a3c8a8e649b9f7a34676d2ddef5e0340cf952f73389,d2l_methodology_corpus_origin_audit,1.0.0
ctx_55af151b5d571b0a523981a9,document,d2l_preliminaries,d2l_preliminaries_ndarray_b068,sentence_b9d1826133b3cc5df34a20b1,"## Broadcasting Mechanism
:label:`subsec_broadcasting`",0,54,3,15,c22620a96e3fbd97526f13ea9ccf508307d1175ea9bb8d3a5b6dfefb098a3f7f,CORPUS_EXTRACTED,EXACT_SOURCE_SUBSTRING,PRIMARY,C1,d2lce_499fa9391d57e930a19f1b19,d2l_selected_campaign_scope_v1,PASS_CORPUS_EXTRACTED,"Exact source substring, hashes, provenance, and offsets verified.",True,True,ctx_55af151b5d571b0a523981a9,a88f3da5a1e74380dbf06d8d073374b672c51047ac62c69c3f77c1228f1e9947,d2l_methodology_corpus_origin_audit,1.0.0
ctx_55d21390aec0ff7a7336858a,document,d2l_recurrent_modern,d2l_recurrent_modern_lstm_b008,sentence_fcdc03178a1ddc209508d444,"Correspondingly, the gates at time step $t$
are defined as follows: the input gate is $\mathbf{I}_t \in \mathbb{R}^{n \times h}$, the forget gate is $\mathbf{F}_t \in \mathbb{R}^{n \times h}$, and the output gate is $\mathbf{O}_t \in \mathbb{R}^{n \times h}$.",273,532,72,82,c22620a96e3fbd97526f13ea9ccf508307d1175ea9bb8d3a5b6dfefb098a3f7f,CORPUS_EXTRACTED,EXACT_SOURCE_SUBSTRING,PRIMARY,C1,d2lce_c6c1c6e96c39b88a9f94e8d9,d2l_selected_campaign_scope_v1,PASS_CORPUS_EXTRACTED,"Exact source substring, hashes, provenance, and offsets verified.",True,True,ctx_55d21390aec0ff7a7336858a,4407b53e429c89391b96b06825ba6a02c2c0ba80b9f52e05812ae2fa01805d90,d2l_methodology_corpus_origin_audit,1.0.0
ctx_560fdd2106e8a9d780a76535,document,d2l_optimization,d2l_optimization_momentum_b007,sentence_2cf706f97715d63e4bed5b56,The new gradient replacement no longer points into the direction of steepest descent on a particular instance any longer but rather in the direction of a weighted average of past gradients.,1451,1640,154,170,c22620a96e3fbd97526f13ea9ccf508307d1175ea9bb8d3a5b6dfefb098a3f7f,CORPUS_EXTRACTED,EXACT_SOURCE_SUBSTRING,PRIMARY,C1,d2lce_a3e7228aef125ec437a840fa,d2l_selected_campaign_scope_v1,PASS_CORPUS_EXTRACTED,"Exact source substring, hashes, provenance, and offsets verified.",True,True,ctx_560fdd2106e8a9d780a76535,c7ba5fe01a0f7ae7e8f70f8df8e9f0a78a813ce9e4770e20b5ee7b38574c6670,d2l_methodology_corpus_origin_audit,1.0.0
ctx_5614646f2d0d26ef6a76ee86,document,d2l_recommender_systems,d2l_recommender_systems_mf_b004,sentence_201b1c167e151958262d3a68,"Specifically, the model factorizes the user-item interaction matrix (e.g., rating matrix) into the product of two lower-rank matrices, capturing the low-rank structure of the user-item interactions.",67,265,49,67,c22620a96e3fbd97526f13ea9ccf508307d1175ea9bb8d3a5b6dfefb098a3f7f,CORPUS_EXTRACTED,EXACT_SOURCE_SUBSTRING,PRIMARY,C1,d2lce_c01c503b792019c6e3827ac0,d2l_selected_campaign_scope_v1,PASS_CORPUS_EXTRACTED,"Exact source substring, hashes, provenance, and offsets verified.",True,True,ctx_5614646f2d0d26ef6a76ee86,087f6314435c6356b11fd70581e80c57207ad65182466f7882844e718104bc8a,d2l_methodology_corpus_origin_audit,1.0.0
ctx_562aba8242b13a890c3a0d27,document,d2l_appendix_mathematics_for_deep_learning,d2l_appendix_mathematics_for_deep_learning_statistics_b021,sentence_00ff9e93d383ddca0decf1ba,"For an estimator $\hat{\theta}_n$, the mathematical illustration of *statistical bias* can be defined as",44,148,69,85,c22620a96e3fbd97526f13ea9ccf508307d1175ea9bb8d3a5b6dfefb098a3f7f,CORPUS_EXTRACTED,EXACT_SOURCE_SUBSTRING,PRIMARY,C1,d2lce_b5d6207f8142a696435e27e0,d2l_selected_campaign_scope_v1,PASS_CORPUS_EXTRACTED,"Exact source substring, hashes, provenance, and offsets verified.",True,True,ctx_562aba8242b13a890c3a0d27,07fdcfe90cb57529ce6d58d4b51bd99e13f482eb0ac82bea458b01c2b28a22d7,d2l_methodology_corpus_origin_audit,1.0.0
ctx_571461d7592e0eb07fae9808,document,d2l_linear_networks,d2l_linear_networks_linear_regression_b090,sentence_e2345e6aa1792a8c68b3a919,"For the neural network shown in :numref:`fig_single_neuron`,
the inputs are $x_1, \ldots, x_d$,
so the *number of inputs* (or *feature dimensionality*) in the input layer is $d$.",0,178,135,149,c22620a96e3fbd97526f13ea9ccf508307d1175ea9bb8d3a5b6dfefb098a3f7f,CORPUS_EXTRACTED,EXACT_SOURCE_SUBSTRING,PRIMARY,C4,d2lce_f3dedf5fcd54a46940474022,d2l_selected_campaign_scope_v1,PASS_CORPUS_EXTRACTED,"Exact source substring, hashes, provenance, and offsets verified.",True,True,ctx_571461d7592e0eb07fae9808,3af5e76e1c3cb6bc58adb8f643bdf0858d892b8bb26ee1db45a76b85c4b5cbbc,d2l_methodology_corpus_origin_audit,1.0.0
ctx_571553d886295f4729859f52,document,d2l_computational_performance,d2l_computational_performance_hardware_b022,sentence_75f662e22d71474abc72a4e3,Solid state drives (SSDs) use flash memory to store information persistently.,0,77,20,24,c22620a96e3fbd97526f13ea9ccf508307d1175ea9bb8d3a5b6dfefb098a3f7f,CORPUS_EXTRACTED,EXACT_SOURCE_SUBSTRING,PRIMARY,C1,d2lce_355f5686f2178281893eb6cb,d2l_selected_campaign_scope_v1,PASS_CORPUS_EXTRACTED,"Exact source substring, hashes, provenance, and offsets verified.",True,True,ctx_571553d886295f4729859f52,b263ecdd62acfe39cbed80a8c11bb95814bc190525bbadca81a25b9a37ead5ce,d2l_methodology_corpus_origin_audit,1.0.0
ctx_5717eff884f463a81a21a526,document,d2l_recurrent_modern,d2l_recurrent_modern_deep_rnn_b003,sentence_f3a5b9de51991c70f685669a,"Within RNNs this is a bit trickier, since we first need to decide how and where to add extra nonlinearity.",429,535,22,25,c22620a96e3fbd97526f13ea9ccf508307d1175ea9bb8d3a5b6dfefb098a3f7f,CORPUS_EXTRACTED,EXACT_SOURCE_SUBSTRING,BACKUP,C3,d2lce_53c32398310471fac3dacf35,d2l_selected_campaign_scope_v1,PASS_CORPUS_EXTRACTED,"Exact source substring, hashes, provenance, and offsets verified.",False,True,ctx_5717eff884f463a81a21a526,719a2c8de506d9117ad025d1163b1bd8cb2819d6e539c286d9830dfed68ef17b,d2l_methodology_corpus_origin_audit,1.0.0
ctx_571cde5a917f9708d42556a6,document,d2l_introduction,d2l_introduction_index_b141,sentence_43f684c7be253bae4ca1b09f,"More frivolously, we can ask Alexa to switch on the coffee machine.",542,609,38,44,c22620a96e3fbd97526f13ea9ccf508307d1175ea9bb8d3a5b6dfefb098a3f7f,CORPUS_EXTRACTED,EXACT_SOURCE_SUBSTRING,UNSELECTED,NONE,d2lce_91002293cea2184b43995f47,d2l_selected_campaign_scope_v1,PASS_CORPUS_EXTRACTED,"Exact source substring, hashes, provenance, and offsets verified.",False,False,ctx_571cde5a917f9708d42556a6,a2317d53eaadc9e5dd5d0628ef2a10fb9b76b6ccae3fea99edcda73388bd151d,d2l_methodology_corpus_origin_audit,1.0.0
ctx_5799f6d95cc38b1ae654394a,document,d2l_convolutional_modern,d2l_convolutional_modern_batch_norm_b038,sentence_3f14a3f9e581a077bc6c7494,"```{.python .input}
class BatchNorm(nn.Block):
    # `num_features`: the number of outputs for a fully-connected layer
    # or the number of output channels for a convolutional layer.",0,184,26,35,c22620a96e3fbd97526f13ea9ccf508307d1175ea9bb8d3a5b6dfefb098a3f7f,CORPUS_EXTRACTED,EXACT_SOURCE_SUBSTRING,PRIMARY,C2,d2lce_4abd762bcd34d370b4fe6498,d2l_selected_campaign_scope_v1,PASS_CORPUS_EXTRACTED,"Exact source substring, hashes, provenance, and offsets verified.",True,True,ctx_5799f6d95cc38b1ae654394a,dec09487513b445ffcff92b12b962c6ac8ea4e1c0374b614762fe129af9c24d0,d2l_methodology_corpus_origin_audit,1.0.0
ctx_57a080760ad64870f38e1944,document,d2l_appendix_tools_for_deep_learning,d2l_appendix_tools_for_deep_learning_index_b002,sentence_0828b718aac6b38dfa0f8280,"In this chapter, we will walk you through major tools for deep learning, from introducing Jupyter notebook in :numref:`sec_jupyter` to empowering you training models on Cloud such as Amazon SageMaker in :numref:`sec_sagemaker`, Amazon EC2 in :numref:`sec_aws` and Google Colab in :numref:`sec_colab`.",0,300,90,106,c22620a96e3fbd97526f13ea9ccf508307d1175ea9bb8d3a5b6dfefb098a3f7f,CORPUS_EXTRACTED,EXACT_SOURCE_SUBSTRING,PRIMARY,C2,d2lce_1a91fdded89249a5cd89ec14,d2l_selected_campaign_scope_v1,PASS_CORPUS_EXTRACTED,"Exact source substring, hashes, provenance, and offsets verified.",True,True,ctx_57a080760ad64870f38e1944,d8411472a61bd6486124b04d99352452f94958e45168532497616480852cf37a,d2l_methodology_corpus_origin_audit,1.0.0
ctx_57c90277e1fd8433f386654b,document,d2l_recurrent_modern,d2l_recurrent_modern_gru_b022,sentence_9d1914f5359c26a621565f06,"The update gate $\mathbf{Z}_t$ can be used for this purpose, simply by taking elementwise convex combinations between both $\mathbf{H}_{t-1}$ and $\tilde{\mathbf{H}}_t$.",291,460,4,15,c22620a96e3fbd97526f13ea9ccf508307d1175ea9bb8d3a5b6dfefb098a3f7f,CORPUS_EXTRACTED,EXACT_SOURCE_SUBSTRING,PRIMARY,C3,d2lce_a47c0fa6efae6f5b3c950575,d2l_selected_campaign_scope_v1,PASS_CORPUS_EXTRACTED,"Exact source substring, hashes, provenance, and offsets verified.",True,True,ctx_57c90277e1fd8433f386654b,0a649e655960f049e056d7534692943d2a9439f932bca5a36ff027e964690fe0,d2l_methodology_corpus_origin_audit,1.0.0
ctx_57d1c92e88f53d95296c38af,document,d2l_multilayer_perceptrons,d2l_multilayer_perceptrons_mlp_b050,sentence_ea31c4f16c2f7446969b4e86,"When attention shifted to gradient based learning,
the sigmoid function was a natural choice
because it is a smooth, differentiable
approximation to a thresholding unit.",0,169,5,14,c22620a96e3fbd97526f13ea9ccf508307d1175ea9bb8d3a5b6dfefb098a3f7f,CORPUS_EXTRACTED,EXACT_SOURCE_SUBSTRING,UNSELECTED,NONE,d2lce_4a5f20bb32b66b1f07d9f37a,d2l_selected_campaign_scope_v1,PASS_CORPUS_EXTRACTED,"Exact source substring, hashes, provenance, and offsets verified.",False,False,ctx_57d1c92e88f53d95296c38af,4bdf1902a618f88886392f48f8f45e82d519bc47584790f25d524b05407ad790,d2l_methodology_corpus_origin_audit,1.0.0
ctx_57d8f326884934a0af1fb2b4,document,d2l_computational_performance,d2l_computational_performance_hybridize_b055,sentence_48ac276831dcf14d4b1f03c8,"Note, though that hybridization can affect model flexibility, in particular in terms of control flow.",167,268,88,100,c22620a96e3fbd97526f13ea9ccf508307d1175ea9bb8d3a5b6dfefb098a3f7f,CORPUS_EXTRACTED,EXACT_SOURCE_SUBSTRING,PRIMARY,C2,d2lce_6c7e95cd232fb7fcca6b3bdc,d2l_selected_campaign_scope_v1,PASS_CORPUS_EXTRACTED,"Exact source substring, hashes, provenance, and offsets verified.",True,True,ctx_57d8f326884934a0af1fb2b4,b91c1b35c3e121c608088058455ea7234399c4386e5a9c4f49986243f4d98c20,d2l_methodology_corpus_origin_audit,1.0.0
ctx_57e94c23a338288414c30cf1,document,d2l_recurrent_neural_networks,d2l_recurrent_neural_networks_sequence_b023,sentence_aca55f887de2be9f82e4d0fb,"To keep things simple we (**generate our sequence data by using a sine function with some additive noise for time steps $1, 2, \ldots, 1000$.**)

```{.python .input}
%matplotlib inline
from d2l import mxnet as d2l
from mxnet import autograd, np, npx, gluon, init
from mxnet.gluon import nn
npx.set_np()
```

```{.python .input}
#@tab pytorch
%matplotlib inline
from d2l import torch as d2l
import torch
from torch import nn
```

```{.python .input}
#@tab tensorflow
%matplotlib inline
from d2l import tensorflow as d2l
import tensorflow as tf
```

```{.python .input}
#@tab mxnet, pytorch
T = 1000  # Generate a total of 1000 points
time = d2l.arange(1, T + 1, dtype=d2l.float32)
x = d2l.sin(0.01 * time) + d2l.normal(0, 0.2, (T,))
d2l.plot(time, [x], 'time', 'x', xlim=[1, 1000], figsize=(6, 3))
```

```{.python .input}
#@tab tensorflow
T = 1000  # Generate a total of 1000 points
time = d2l.arange(1, T + 1, dtype=d2l.float32)
x = d2l.sin(0.01 * time) + d2l.normal([T], 0, 0.2)
d2l.plot(time, [x], 'time', 'x', xlim=[1, 1000], figsize=(6, 3))
```

Next, we need to turn such a sequence into features and labels that our model can train on.",1931,3073,41,54,c22620a96e3fbd97526f13ea9ccf508307d1175ea9bb8d3a5b6dfefb098a3f7f,CORPUS_EXTRACTED,EXACT_SOURCE_SUBSTRING,PRIMARY,C3,d2lce_b85d9a7a642afee03175796f,d2l_selected_campaign_scope_v1,PASS_CORPUS_EXTRACTED,"Exact source substring, hashes, provenance, and offsets verified.",True,True,ctx_57e94c23a338288414c30cf1,a7c559db81952a954ac62fa5e6999e2a0ae5e1db62e6cd5e161a5d76f847b76b,d2l_methodology_corpus_origin_audit,1.0.0
ctx_58035c4ed6978f0d5bd45d62,document,d2l_introduction,d2l_introduction_index_b095,sentence_f10999df42b6da36cd1a9b61,"We will address unsupervised learning techniques
in later chapters.",464,531,8,15,c22620a96e3fbd97526f13ea9ccf508307d1175ea9bb8d3a5b6dfefb098a3f7f,CORPUS_EXTRACTED,EXACT_SOURCE_SUBSTRING,PRIMARY,C1,d2lce_89406dadb8c277a1b688698c,d2l_selected_campaign_scope_v1,PASS_CORPUS_EXTRACTED,"Exact source substring, hashes, provenance, and offsets verified.",True,True,ctx_58035c4ed6978f0d5bd45d62,48e49890fc07abcf0fe2e68cb90e7258f253c81f71f93f36558a8255639fcb73,d2l_methodology_corpus_origin_audit,1.0.0
ctx_58323905b57101ea133ca2d9,document,d2l_recurrent_modern,d2l_recurrent_modern_gru_b009,sentence_5124ba81bbc32751cf3a0de2,"The outputs of two gates
are given by two fully-connected layers
with a sigmoid activation function.",215,315,42,64,c22620a96e3fbd97526f13ea9ccf508307d1175ea9bb8d3a5b6dfefb098a3f7f,CORPUS_EXTRACTED,EXACT_SOURCE_SUBSTRING,PRIMARY,C1,d2lce_98b37a7bcb47cd2ef2e5f296,d2l_selected_campaign_scope_v1,PASS_CORPUS_EXTRACTED,"Exact source substring, hashes, provenance, and offsets verified.",True,True,ctx_58323905b57101ea133ca2d9,06af87f0c1bad548a5d219d169ed8cc57e1fa99c73b252f2db51bc56354a213d,d2l_methodology_corpus_origin_audit,1.0.0
ctx_5834bda7132436c8ef52cebd,document,d2l_natural_language_processing_applications,d2l_natural_language_processing_applications_natural_language_inference_and_dataset_b006,sentence_de3c6f83198b791596ac5d76,"For example, the following pair will be labeled as *entailment* because ""showing affection"" in the hypothesis can be inferred from ""hugging one another"" in the premise.",85,253,99,109,c22620a96e3fbd97526f13ea9ccf508307d1175ea9bb8d3a5b6dfefb098a3f7f,CORPUS_EXTRACTED,EXACT_SOURCE_SUBSTRING,BACKUP,C2,d2lce_dbb300a90e4b0f8b815b5e12,d2l_selected_campaign_scope_v1,PASS_CORPUS_EXTRACTED,"Exact source substring, hashes, provenance, and offsets verified.",False,True,ctx_5834bda7132436c8ef52cebd,f5afb5d4c9dc8b235b67ac72faab188ebb5b31539ab35ddebbf97ae2ad4341ee,d2l_methodology_corpus_origin_audit,1.0.0
ctx_584bed2e44864afc9655baf9,document,d2l_multilayer_perceptrons,d2l_multilayer_perceptrons_underfit_overfit_b008,sentence_c168df259600cb7c5808e729,"The *training error* is the error of our model
as calculated on the training dataset,
while *generalization error* is the expectation of our model's error
were we to apply it to an infinite stream of additional data examples
drawn from the same underlying data distribution as our original sample.",125,422,93,113,c22620a96e3fbd97526f13ea9ccf508307d1175ea9bb8d3a5b6dfefb098a3f7f,CORPUS_EXTRACTED,EXACT_SOURCE_SUBSTRING,PRIMARY,C3,d2lce_9199c3ba27076b186a42df23,d2l_selected_campaign_scope_v1,PASS_CORPUS_EXTRACTED,"Exact source substring, hashes, provenance, and offsets verified.",True,True,ctx_584bed2e44864afc9655baf9,c3860199a52edb675cdb08809e175bfccd68edb0df244cd4df4f0e5e1be89d1a,d2l_methodology_corpus_origin_audit,1.0.0
ctx_588eb8c0e1f9b0a69e338bcf,document,d2l_recurrent_neural_networks,d2l_recurrent_neural_networks_language_models_and_dataset_b064,sentence_ba1e1626b48599ed4e865170,* The main choices for reading long sequences are random sampling and sequential partitioning.,465,559,70,93,c22620a96e3fbd97526f13ea9ccf508307d1175ea9bb8d3a5b6dfefb098a3f7f,CORPUS_EXTRACTED,EXACT_SOURCE_SUBSTRING,PRIMARY,C3,d2lce_e8992d8478a28e673fe551dc,d2l_selected_campaign_scope_v1,PASS_CORPUS_EXTRACTED,"Exact source substring, hashes, provenance, and offsets verified.",True,True,ctx_588eb8c0e1f9b0a69e338bcf,f0cf4762dfc6333e87ee873e99005d880d06bb7244c1db6179cc74ec3dc05247,d2l_methodology_corpus_origin_audit,1.0.0
ctx_5892bf8285ca8e0bad16bd33,document,d2l_preface,d2l_preface_index_b042,sentence_3fa6cde751e1340d0d152697,"Their GitHub IDs or names are (in no particular order):
alxnorden, avinashingit, bowen0701, brettkoonce, Chaitanya Prakash Bapat,
cryptonaut, Davide Fiocco, edgarroman, gkutiel, John Mitro, Liang Pu,
Rahul Agarwal, Mohamed Ali Jamaoui, Michael (Stu) Stewart, Mike Müller,
NRauschmayr, Prakhar Srivastav, sad-, sfermigier, Sheng Zha, sundeepteki,
topecongiro, tpdi, vermicelli, Vishaal Kapoor, Vishwesh Ravi Shrimali, YaYaB, Yuhong Chen,
Evgeniy Smirnov, lgov, Simon Corston-Oliver, Igor Dzreyev, Ha Nguyen, pmuens,
Andrei Lukovenko, senorcinco, vfdev-5, dsweet, Mohammad Mahdi Rahimi, Abhishek Gupta,
uwsd, DomKM, Lisa Oakley, Bowen Li, Aarush Ahuja, Prasanth Buddareddygari, brianhendee,
mani2106, mtn, lkevinzc, caojilin, Lakshya, Fiete Lüer, Surbhi Vijayvargeeya,
Muhyun Kim, dennismalmgren, adursun, Anirudh Dagar, liqingnz, Pedro Larroy,
lgov, ati-ozgur, Jun Wu, Matthias Blume, Lin Yuan, geogunow, Josh Gardner,
Maximilian Böther, Rakib Islam, Leonard Lausen, Abhinav Upadhyay, rongruosong,
Steve Sedlmeyer, Ruslan Baratov, Rafael Schlatter, liusy182, Giannis Pappas,
ati-ozgur, qbaza, dchoi77, Adam Gerson, Phuc Le, Mark Atwood, christabella, vn09,
Haibin Lin, jjangga0214, RichyChen, noelo, hansent, Giel Dops, dvincent1337, WhiteD3vil,
Peter Kulits, codypenta, joseppinilla, ahmaurya, karolszk, heytitle, Peter Goetz, rigtorp,
Tiep Vu, sfilip, mlxd, Kale-ab Tessera, Sanjar Adilov, MatteoFerrara, hsneto,
Katarzyna Biesialska, Gregory Bruss, Duy–Thanh Doan, paulaurel, graytowne, Duc Pham,
sl7423, Jaedong Hwang, Yida Wang, cys4, clhm, Jean Kaddour, austinmw, trebeljahr, tbaums,
Cuong V.",254,1851,1101,1105,c22620a96e3fbd97526f13ea9ccf508307d1175ea9bb8d3a5b6dfefb098a3f7f,CORPUS_EXTRACTED,EXACT_SOURCE_SUBSTRING,UNSELECTED,NONE,d2lce_7ef8ed3f93210606a27312a4,d2l_selected_campaign_scope_v1,PASS_CORPUS_EXTRACTED,"Exact source substring, hashes, provenance, and offsets verified.",False,False,ctx_5892bf8285ca8e0bad16bd33,dc4283d6e64f869eb2b9e6aa26e8bdedc380698628d1b8a4c93efed666a605ef,d2l_methodology_corpus_origin_audit,1.0.0
ctx_58c0a9351bd98055ea39a9a0,document,d2l_natural_language_processing_pretraining,d2l_natural_language_processing_pretraining_word2vec_pretraining_b036,sentence_a93f6bee779d41e73ea2a793,"```{.python .input}
def train(net, data_iter, lr, num_epochs, device=d2l.try_gpu()):
    net.initialize(ctx=device, force_reinit=True)
    trainer = gluon.Trainer(net.collect_params(), 'adam',
                            {'learning_rate': lr})
    animator = d2l.Animator(xlabel='epoch', ylabel='loss',
                            xlim=[1, num_epochs])
    # Sum of normalized losses, no.",0,388,186,190,c22620a96e3fbd97526f13ea9ccf508307d1175ea9bb8d3a5b6dfefb098a3f7f,CORPUS_EXTRACTED,EXACT_SOURCE_SUBSTRING,PRIMARY,C1,d2lce_7ef8ed3f93210606a27312a4,d2l_selected_campaign_scope_v1,PASS_CORPUS_EXTRACTED,"Exact source substring, hashes, provenance, and offsets verified.",True,True,ctx_58c0a9351bd98055ea39a9a0,aa7446dda7859bbca3031411c690ff8a9bcb79332a65e542d782daa0ca62165a,d2l_methodology_corpus_origin_audit,1.0.0
ctx_58e268b908c3d7ae474df7c8,document,d2l_recurrent_neural_networks,d2l_recurrent_neural_networks_rnn_scratch_b085,sentence_02f82cfe1107f93ff626044f,Do we still need gradient clipping?,1160,1195,17,34,c22620a96e3fbd97526f13ea9ccf508307d1175ea9bb8d3a5b6dfefb098a3f7f,CORPUS_EXTRACTED,EXACT_SOURCE_SUBSTRING,BACKUP,C2,d2lce_8d226b48ba7ec1493faa4ec8,d2l_selected_campaign_scope_v1,PASS_CORPUS_EXTRACTED,"Exact source substring, hashes, provenance, and offsets verified.",False,True,ctx_58e268b908c3d7ae474df7c8,9c02c0248d04298b4a7d2105d8210da2c7339aaae25bd2ac7709d3c1a2aeafe2,d2l_methodology_corpus_origin_audit,1.0.0
ctx_591781cd7583666007c98134,document,d2l_recommender_systems,d2l_recommender_systems_fm_b011,sentence_d0a17dee3367132496bbbd1b,"To learn the FM model, we can use the MSE loss for regression task, the cross-entropy loss for classification tasks, and the BPR loss for ranking task.",0,151,38,41,c22620a96e3fbd97526f13ea9ccf508307d1175ea9bb8d3a5b6dfefb098a3f7f,CORPUS_EXTRACTED,EXACT_SOURCE_SUBSTRING,BACKUP,C1,d2lce_ceb82e896665f8c0cd942ed6,d2l_selected_campaign_scope_v1,PASS_CORPUS_EXTRACTED,"Exact source substring, hashes, provenance, and offsets verified.",False,True,ctx_591781cd7583666007c98134,1bbd8f887d63162a5f54415818f8925bd25c826fd1f3a0e4d453c2eca48de2f2,d2l_methodology_corpus_origin_audit,1.0.0
ctx_5998384435b11da31468fd92,document,d2l_natural_language_processing_pretraining,d2l_natural_language_processing_pretraining_approx_training_b008,sentence_9172893ff95325523c1bdbe4,where $\sigma$ uses the definition of the sigmoid activation function:,0,70,42,49,c22620a96e3fbd97526f13ea9ccf508307d1175ea9bb8d3a5b6dfefb098a3f7f,CORPUS_EXTRACTED,EXACT_SOURCE_SUBSTRING,PRIMARY,C1,d2lce_00f50f89defd8652bb8c429e,d2l_selected_campaign_scope_v1,PASS_CORPUS_EXTRACTED,"Exact source substring, hashes, provenance, and offsets verified.",True,True,ctx_5998384435b11da31468fd92,7fc586085e293cdab722a1cefe8cf0cb5a811d1642184904be100a64ea1a1e53,d2l_methodology_corpus_origin_audit,1.0.0
ctx_59c1a647fd4efce460391040,document,d2l_multilayer_perceptrons,d2l_multilayer_perceptrons_mlp_b064,sentence_dbb2ebebac3bc09bec4fcc11,"Although the shape of the function is similar to that of the sigmoid function, the tanh function exhibits point symmetry about the origin of the coordinate system.",119,282,112,120,c22620a96e3fbd97526f13ea9ccf508307d1175ea9bb8d3a5b6dfefb098a3f7f,CORPUS_EXTRACTED,EXACT_SOURCE_SUBSTRING,BACKUP,C1,d2lce_00c0e4f7d0d5537d738af8a7,d2l_selected_campaign_scope_v1,PASS_CORPUS_EXTRACTED,"Exact source substring, hashes, provenance, and offsets verified.",False,True,ctx_59c1a647fd4efce460391040,97e7d92582888c052f42faa393be60726b697baaf8dd709f085198c5f74849bc,d2l_methodology_corpus_origin_audit,1.0.0
ctx_5a59e7c2b380f093af715db7,document,d2l_recurrent_modern,d2l_recurrent_modern_deep_rnn_b032,sentence_802d6e8f2f6266bd458c7980,Increase the training data to include multiple books.,207,260,13,26,c22620a96e3fbd97526f13ea9ccf508307d1175ea9bb8d3a5b6dfefb098a3f7f,CORPUS_EXTRACTED,EXACT_SOURCE_SUBSTRING,BACKUP,C3,d2lce_d30763678be8999b747cf0ee,d2l_selected_campaign_scope_v1,PASS_CORPUS_EXTRACTED,"Exact source substring, hashes, provenance, and offsets verified.",False,True,ctx_5a59e7c2b380f093af715db7,7b49097779926d71eeeaef7d4a5a8e524023a879520f5f04f7f83f44ff718f13,d2l_methodology_corpus_origin_audit,1.0.0
ctx_5a8d5f2e80e768f19b56cf52,document,d2l_recurrent_neural_networks,d2l_recurrent_neural_networks_language_models_and_dataset_b055,sentence_842b1991209c48246ad42a97,"```{.python .input}
#@tab mxnet, pytorch
def seq_data_iter_sequential(corpus, batch_size, num_steps):  #@save
    """"""Generate a minibatch of subsequences using sequential partitioning.""""""
    # Start with a random offset to partition a sequence
    offset = random.randint(0, num_steps)
    num_tokens = ((len(corpus) - offset - 1) // batch_size) * batch_size
    Xs = d2l.tensor(corpus[offset: offset + num_tokens])
    Ys = d2l.tensor(corpus[offset + 1: offset + 1 + num_tokens])
    Xs, Ys = Xs.reshape(batch_size, -1), Ys.reshape(batch_size, -1)
    num_batches = Xs.shape[1] // num_steps
    for i in range(0, num_steps * num_batches, num_steps):
        X = Xs[:, i: i + num_steps]
        Y = Ys[:, i: i + num_steps]
        yield X, Y
```",0,746,571,576,c22620a96e3fbd97526f13ea9ccf508307d1175ea9bb8d3a5b6dfefb098a3f7f,CORPUS_EXTRACTED,EXACT_SOURCE_SUBSTRING,PRIMARY,C3,d2lce_7d91b65d1e0031ab994be237,d2l_selected_campaign_scope_v1,PASS_CORPUS_EXTRACTED,"Exact source substring, hashes, provenance, and offsets verified.",True,True,ctx_5a8d5f2e80e768f19b56cf52,06202eff665f9541471c829ab6781c762a6de5aa79f072ae985fa3232f97d09c,d2l_methodology_corpus_origin_audit,1.0.0
ctx_5ab34383333d1d2b61729c04,document,d2l_recurrent_neural_networks,d2l_recurrent_neural_networks_language_models_and_dataset_b043,sentence_8fdf151fce6576e00bebb5d1,Now the question is how to [**read minibatches of features and labels at random.**],536,619,35,46,c22620a96e3fbd97526f13ea9ccf508307d1175ea9bb8d3a5b6dfefb098a3f7f,CORPUS_EXTRACTED,EXACT_SOURCE_SUBSTRING,PRIMARY,C1,d2lce_04b7107b328dedc7c1f9af65,d2l_selected_campaign_scope_v1,PASS_CORPUS_EXTRACTED,"Exact source substring, hashes, provenance, and offsets verified.",True,True,ctx_5ab34383333d1d2b61729c04,e13b68b8dc117628162c3bb706ece3283bde00c555d1e3516493199aab98db23,d2l_methodology_corpus_origin_audit,1.0.0
ctx_5b2b6c454358b72cbc4ddf00,document,d2l_convolutional_neural_networks,d2l_convolutional_neural_networks_pooling_b005,sentence_941aa096fd000cb48174287b,"This section introduces *pooling layers*,
which serve the dual purposes of
mitigating the sensitivity of convolutional layers to location
and of spatially downsampling representations.",0,184,25,39,c22620a96e3fbd97526f13ea9ccf508307d1175ea9bb8d3a5b6dfefb098a3f7f,CORPUS_EXTRACTED,EXACT_SOURCE_SUBSTRING,PRIMARY,C3,d2lce_2b9f63478b6ef59511a4f930,d2l_selected_campaign_scope_v1,PASS_CORPUS_EXTRACTED,"Exact source substring, hashes, provenance, and offsets verified.",True,True,ctx_5b2b6c454358b72cbc4ddf00,f9015bbd26119383a7eee84aac9597dd14ddd225c171d36f1f7f18fcc51fa4a4,d2l_methodology_corpus_origin_audit,1.0.0
ctx_5b4647a086d9552408986cb3,document,d2l_deep_learning_computation,d2l_deep_learning_computation_custom_layer_b035,sentence_8c520d8a7324179220de96e3,"We can also (**construct models using custom layers.**)
Once we have that we can use it just like the built-in fully-connected layer.",0,133,38,51,c22620a96e3fbd97526f13ea9ccf508307d1175ea9bb8d3a5b6dfefb098a3f7f,CORPUS_EXTRACTED,EXACT_SOURCE_SUBSTRING,BACKUP,C1,d2lce_4d2b37402e25d2f56746ea23,d2l_selected_campaign_scope_v1,PASS_CORPUS_EXTRACTED,"Exact source substring, hashes, provenance, and offsets verified.",False,True,ctx_5b4647a086d9552408986cb3,3fb2a2455edf24c83968b53c2502618d68904adf6ffa0a60ab33532df2f40c13,d2l_methodology_corpus_origin_audit,1.0.0
ctx_5b8b82c37cbbe2526e94e29e,document,d2l_linear_networks,d2l_linear_networks_softmax_regression_b069,sentence_f33bf2896483e0f8aac2167b,Compute the variance of the distribution given by $\mathrm{softmax}(\mathbf{o})$ and show that it matches the second derivative computed above.,218,361,110,127,c22620a96e3fbd97526f13ea9ccf508307d1175ea9bb8d3a5b6dfefb098a3f7f,CORPUS_EXTRACTED,EXACT_SOURCE_SUBSTRING,BACKUP,C2,d2lce_bee01b92f7b0b02cc1d77bd7,d2l_selected_campaign_scope_v1,PASS_CORPUS_EXTRACTED,"Exact source substring, hashes, provenance, and offsets verified.",False,True,ctx_5b8b82c37cbbe2526e94e29e,92fdce5ab419fefb29c51f89ab024b22a91cf45244068e287bc69cff682aa142,d2l_methodology_corpus_origin_audit,1.0.0
ctx_5b966a1024783f92c10a4b61,document,d2l_natural_language_processing_pretraining,d2l_natural_language_processing_pretraining_word_embedding_dataset_b036,sentence_7f0fe73e5b161f316b5dc88c,"(index 0 is the
    # excluded unknown token) in the vocabulary
    sampling_weights = [counter[vocab.to_tokens(i)]**0.75
                        for i in range(1, len(vocab))]
    all_negatives, generator = [], RandomGenerator(sampling_weights)
    for contexts in all_contexts:
        negatives = []
        while len(negatives) < len(contexts) * K:
            neg = generator.draw()
            # Noise words cannot be context words
            if neg not in contexts:
                negatives.append(neg)
        all_negatives.append(negatives)
    return all_negatives

all_negatives = get_negatives(all_contexts, vocab, counter, 5)
```",196,840,196,205,c22620a96e3fbd97526f13ea9ccf508307d1175ea9bb8d3a5b6dfefb098a3f7f,CORPUS_EXTRACTED,EXACT_SOURCE_SUBSTRING,CONTRASTIVE,C3,d2lce_73c8ce2915c4c64a52fab4a2,d2l_selected_campaign_scope_v1,PASS_CORPUS_EXTRACTED,"Exact source substring, hashes, provenance, and offsets verified.",True,True,ctx_5b966a1024783f92c10a4b61,a2207c9201b4448a74ed7a71044b251cee3ce7b389e0b5aadfe01171d2543156,d2l_methodology_corpus_origin_audit,1.0.0
ctx_5bc9eb4631e8433a066db266,document,d2l_convolutional_neural_networks,d2l_convolutional_neural_networks_conv_layer_b052,sentence_9637029d6063fd99bb8aadb4,"As described in :numref:`subsec_why-conv-channels`,
the convolutional layer output in
:numref:`fig_correlation`
is sometimes called a *feature map*,
as it can be regarded as
the learned representations (features)
in the spatial dimensions (e.g., width and height)
to the subsequent layer.",0,288,220,238,c22620a96e3fbd97526f13ea9ccf508307d1175ea9bb8d3a5b6dfefb098a3f7f,CORPUS_EXTRACTED,EXACT_SOURCE_SUBSTRING,PRIMARY,C1,d2lce_5300144b7f5b4ce29dd12ec6,d2l_selected_campaign_scope_v1,PASS_CORPUS_EXTRACTED,"Exact source substring, hashes, provenance, and offsets verified.",True,True,ctx_5bc9eb4631e8433a066db266,fb26395e2f276228539c3ecb5f886b5a256f228df11aa6442452e8f78dea885c,d2l_methodology_corpus_origin_audit,1.0.0
ctx_5c43b025af57aef403bb8489,document,d2l_appendix_mathematics_for_deep_learning,d2l_appendix_mathematics_for_deep_learning_geometry_linear_algebraic_ops_b107,sentence_c9ba6db67c4a250a46170adb,then we can see that the inverse is,0,35,25,32,c22620a96e3fbd97526f13ea9ccf508307d1175ea9bb8d3a5b6dfefb098a3f7f,CORPUS_EXTRACTED,EXACT_SOURCE_SUBSTRING,PRIMARY,C2,d2lce_98211ac6b2c27c6359ce6dae,d2l_selected_campaign_scope_v1,PASS_CORPUS_EXTRACTED,"Exact source substring, hashes, provenance, and offsets verified.",True,True,ctx_5c43b025af57aef403bb8489,2e0fea989ff7a4db3e9aadd775116b8939ed179c35ca8540f52e313a221766c0,d2l_methodology_corpus_origin_audit,1.0.0
ctx_5c812a90177b5b129b327432,document,d2l_optimization,d2l_optimization_index_b002,sentence_4e3e135cd20a5f0e48468df9,"Indeed, anyone content with treating optimization as a black box device to minimize objective functions in a simple setting might well content oneself with the knowledge that there exists an array of incantations of such a procedure (with names such as ""SGD"" and ""Adam"").",290,561,264,268,c22620a96e3fbd97526f13ea9ccf508307d1175ea9bb8d3a5b6dfefb098a3f7f,CORPUS_EXTRACTED,EXACT_SOURCE_SUBSTRING,PRIMARY,C2,d2lce_7ef8ed3f93210606a27312a4,d2l_selected_campaign_scope_v1,PASS_CORPUS_EXTRACTED,"Exact source substring, hashes, provenance, and offsets verified.",True,True,ctx_5c812a90177b5b129b327432,ecf51b34627188e463d13a5f936534bcf79ddc08da9e190eb6de55a8f3cfbac1,d2l_methodology_corpus_origin_audit,1.0.0
ctx_5d3d4728c7288bca4bf4f624,document,d2l_appendix_mathematics_for_deep_learning,d2l_appendix_mathematics_for_deep_learning_naive_bayes_b061,sentence_101c36e1adaa2bbe14b86f7a,"What happens is that we experience *numerical underflow*, i.e., multiplying all the small numbers leads to something even smaller until it is rounded down to zero.",306,469,46,55,c22620a96e3fbd97526f13ea9ccf508307d1175ea9bb8d3a5b6dfefb098a3f7f,CORPUS_EXTRACTED,EXACT_SOURCE_SUBSTRING,PRIMARY,C1,d2lce_9bd5113780f8e8160a24e6ad,d2l_selected_campaign_scope_v1,PASS_CORPUS_EXTRACTED,"Exact source substring, hashes, provenance, and offsets verified.",True,True,ctx_5d3d4728c7288bca4bf4f624,0fc7d2c530526c73f2c6f9f403412be98685d7cb1b233c25f7b011cf1200e1a8,d2l_methodology_corpus_origin_audit,1.0.0
ctx_5d537fed6f7e355aeaeefdaa,document,d2l_convolutional_neural_networks,d2l_convolutional_neural_networks_why_conv_b014,sentence_734e5e225950b0c4274d1637,"Consequently, to have each of the hidden units
receive input from each of the input pixels,
we would switch from using weight matrices
(as we did previously in MLPs)
to representing our parameters
as fourth-order weight tensors $\mathsf{W}$.",152,393,101,107,c22620a96e3fbd97526f13ea9ccf508307d1175ea9bb8d3a5b6dfefb098a3f7f,CORPUS_EXTRACTED,EXACT_SOURCE_SUBSTRING,UNSELECTED,NONE,d2lce_91002293cea2184b43995f47,d2l_selected_campaign_scope_v1,PASS_CORPUS_EXTRACTED,"Exact source substring, hashes, provenance, and offsets verified.",False,False,ctx_5d537fed6f7e355aeaeefdaa,bd9a9981a297dc0a7e952ecd095c217f8e2371dd6aca4e2b048f0abc224a2b92,d2l_methodology_corpus_origin_audit,1.0.0
ctx_5d72b2df1342abae0b28f0c9,document,d2l_natural_language_processing_pretraining,d2l_natural_language_processing_pretraining_word_embedding_dataset_b034,sentence_1658625ccd758c787eaf680b,"```{.python .input}
generator = RandomGenerator([2, 3, 4])
[generator.draw() for _ in range(10)]
```",0,100,20,29,c22620a96e3fbd97526f13ea9ccf508307d1175ea9bb8d3a5b6dfefb098a3f7f,CORPUS_EXTRACTED,EXACT_SOURCE_SUBSTRING,UNSELECTED,C3,d2lce_73c8ce2915c4c64a52fab4a2,d2l_selected_campaign_scope_v1,PASS_CORPUS_EXTRACTED,"Exact source substring, hashes, provenance, and offsets verified.",False,False,ctx_5d72b2df1342abae0b28f0c9,4e6a48877601464153605e8530d9819fdc5b0ee0c0d291c4f717e5a14920ac43,d2l_methodology_corpus_origin_audit,1.0.0
ctx_5de6c0208178676906d2a0d9,document,d2l_computer_vision,d2l_computer_vision_neural_style_b024,sentence_376767f8a54af7029dc3389c,"As mentioned in :numref:`sec_vgg`,
the VGG network uses 5 convolutional blocks.",668,747,39,50,c22620a96e3fbd97526f13ea9ccf508307d1175ea9bb8d3a5b6dfefb098a3f7f,CORPUS_EXTRACTED,EXACT_SOURCE_SUBSTRING,BACKUP,C1,d2lce_7be1455c48134d411f51fe7c,d2l_selected_campaign_scope_v1,PASS_CORPUS_EXTRACTED,"Exact source substring, hashes, provenance, and offsets verified.",False,True,ctx_5de6c0208178676906d2a0d9,cc15a7de79135b773354038792aaba029c88df70ba3dd7a9bfc0db84489b7264,d2l_methodology_corpus_origin_audit,1.0.0
ctx_5df9fbccc96715edeb610c55,document,d2l_appendix_mathematics_for_deep_learning,d2l_appendix_mathematics_for_deep_learning_statistics_b016,sentence_400987b37d29f4d2652b1db2,Perhaps the simplest metric used to evaluate estimators is the *mean squared error (MSE)* (or $l_2$ loss) of an estimator can be defined as,0,139,84,87,c22620a96e3fbd97526f13ea9ccf508307d1175ea9bb8d3a5b6dfefb098a3f7f,CORPUS_EXTRACTED,EXACT_SOURCE_SUBSTRING,PRIMARY,C1,d2lce_ceb82e896665f8c0cd942ed6,d2l_selected_campaign_scope_v1,PASS_CORPUS_EXTRACTED,"Exact source substring, hashes, provenance, and offsets verified.",True,True,ctx_5df9fbccc96715edeb610c55,1df59572b0c4318583b45cdb23a655f42d2ca2b1669b6e96cb2be70d0830a331,d2l_methodology_corpus_origin_audit,1.0.0
ctx_5e4de4eeef8a8e535e757172,document,d2l_convolutional_modern,d2l_convolutional_modern_alexnet_b030,sentence_c1c90ab7150e644dbb1ac3b5,"In addition, after the first, second, and fifth convolutional layers,
the network adds maximum pooling layers
with a window shape of $3\times3$ and a stride of 2.",393,555,95,109,c22620a96e3fbd97526f13ea9ccf508307d1175ea9bb8d3a5b6dfefb098a3f7f,CORPUS_EXTRACTED,EXACT_SOURCE_SUBSTRING,PRIMARY,C2,d2lce_2b9f63478b6ef59511a4f930,d2l_selected_campaign_scope_v1,PASS_CORPUS_EXTRACTED,"Exact source substring, hashes, provenance, and offsets verified.",True,True,ctx_5e4de4eeef8a8e535e757172,574e2f720057cbb8c16673cc850f764a39942f38fcd5a9f5ee4c04b233a650a0,d2l_methodology_corpus_origin_audit,1.0.0
ctx_5e61307935b8e7d87220e6f3,document,d2l_computational_performance,d2l_computational_performance_async_computation_b016,sentence_9695c4fe856a5f8acb316314,":begin_tab:`pytorch`
Broadly speaking, PyTorch has a frontend for direct interaction with the users, e.g., via Python, as well as a backend used by the system to perform the computation.",0,186,53,61,c22620a96e3fbd97526f13ea9ccf508307d1175ea9bb8d3a5b6dfefb098a3f7f,CORPUS_EXTRACTED,EXACT_SOURCE_SUBSTRING,PRIMARY,C1,d2lce_24988c975f984ef488776c0b,d2l_selected_campaign_scope_v1,PASS_CORPUS_EXTRACTED,"Exact source substring, hashes, provenance, and offsets verified.",True,True,ctx_5e61307935b8e7d87220e6f3,fd6415138f32cd2f4f1555d7136d9ebdbd711ecf436b8cad0af8b631015f8477,d2l_methodology_corpus_origin_audit,1.0.0
ctx_5e631862394a07c36c8b145d,document,d2l_convolutional_neural_networks,d2l_convolutional_neural_networks_why_conv_b024,sentence_3ea7ec123b513408061e30d8,"Note that :eqref:`eq_conv-layer`, in a nutshell, is a *convolutional layer*.",0,76,55,74,c22620a96e3fbd97526f13ea9ccf508307d1175ea9bb8d3a5b6dfefb098a3f7f,CORPUS_EXTRACTED,EXACT_SOURCE_SUBSTRING,PRIMARY,C1,d2lce_d2bfc7b3a0a02ddfd71b3526,d2l_selected_campaign_scope_v1,PASS_CORPUS_EXTRACTED,"Exact source substring, hashes, provenance, and offsets verified.",True,True,ctx_5e631862394a07c36c8b145d,4f389707447e3b41d848b8bb65928184bafe3c5a7030390aad2a53c91bb3451b,d2l_methodology_corpus_origin_audit,1.0.0
ctx_5e90143b3f597bea613c706a,document,d2l_convolutional_neural_networks,d2l_convolutional_neural_networks_pooling_b024,sentence_5f6edfca552c3c34d6af6266,"We can demonstrate the use of padding and strides
in pooling layers via the built-in two-dimensional maximum pooling layer from the deep learning framework.",202,358,101,122,c22620a96e3fbd97526f13ea9ccf508307d1175ea9bb8d3a5b6dfefb098a3f7f,CORPUS_EXTRACTED,EXACT_SOURCE_SUBSTRING,PRIMARY,C3,d2lce_c343a692fe9bdfdabefe7687,d2l_selected_campaign_scope_v1,PASS_CORPUS_EXTRACTED,"Exact source substring, hashes, provenance, and offsets verified.",True,True,ctx_5e90143b3f597bea613c706a,4ad75074590dfa452cec3784350c964eee553f9faca4cee91064f583c24d451c,d2l_methodology_corpus_origin_audit,1.0.0
ctx_5eba9c50bd8fa646fabf027e,document,d2l_preliminaries,d2l_preliminaries_linear_algebra_b188,sentence_9d4b202aa38f48c7f859b76e,"In deep learning, we are often trying to solve optimization problems:
*maximize* the probability assigned to observed data;
*minimize* the distance between predictions
and the ground-truth observations.",129,331,176,188,c22620a96e3fbd97526f13ea9ccf508307d1175ea9bb8d3a5b6dfefb098a3f7f,CORPUS_EXTRACTED,EXACT_SOURCE_SUBSTRING,BACKUP,C1,d2lce_d0b3a65c5f21e6064395a475,d2l_selected_campaign_scope_v1,PASS_CORPUS_EXTRACTED,"Exact source substring, hashes, provenance, and offsets verified.",False,True,ctx_5eba9c50bd8fa646fabf027e,1e7ce9dfedcda149ee5206c5a4f7519aaded92df5e3806fc2e7c75d2a0c410d1,d2l_methodology_corpus_origin_audit,1.0.0
ctx_5f040cdbc06a01d2f5cc4d87,document,d2l_deep_learning_computation,d2l_deep_learning_computation_model_construction_b008,sentence_9cf7b7c1c3e52e572c5a7378,"The following code generates a network
with one fully-connected hidden layer
with 256 units and ReLU activation,
followed by a fully-connected output layer
with 10 units (no activation function).",96,291,174,193,c22620a96e3fbd97526f13ea9ccf508307d1175ea9bb8d3a5b6dfefb098a3f7f,CORPUS_EXTRACTED,EXACT_SOURCE_SUBSTRING,PRIMARY,C3,d2lce_e0c693366d811581abbb9e74,d2l_selected_campaign_scope_v1,PASS_CORPUS_EXTRACTED,"Exact source substring, hashes, provenance, and offsets verified.",True,True,ctx_5f040cdbc06a01d2f5cc4d87,3a1e1cd589ec41f526c304cbf1e314fad11c411a5e397ef1e08ac76d6cce7af9,d2l_methodology_corpus_origin_audit,1.0.0
ctx_5f24690542e3c0e46ba4cc69,document,d2l_multilayer_perceptrons,d2l_multilayer_perceptrons_mlp_b009,sentence_e5cfefe9eb3ab1c882241ee2,"With deep neural networks, we used observational data
to jointly learn both a representation via hidden layers
and a linear predictor that acts upon that representation.",538,707,78,92,c22620a96e3fbd97526f13ea9ccf508307d1175ea9bb8d3a5b6dfefb098a3f7f,CORPUS_EXTRACTED,EXACT_SOURCE_SUBSTRING,PRIMARY,C1,d2lce_f33d434f8362f23d43285427,d2l_selected_campaign_scope_v1,PASS_CORPUS_EXTRACTED,"Exact source substring, hashes, provenance, and offsets verified.",True,True,ctx_5f24690542e3c0e46ba4cc69,75fed03796e5fc6e80cefe138e549dbf38225b5c5f8cab6599045a89630fc167,d2l_methodology_corpus_origin_audit,1.0.0
ctx_5f804b816c9a3019d5cd256d,document,d2l_recurrent_neural_networks,d2l_recurrent_neural_networks_rnn_scratch_b049,sentence_44b9c79260dda3f0ec8fedd9,## [**Gradient Clipping**],0,26,6,23,c22620a96e3fbd97526f13ea9ccf508307d1175ea9bb8d3a5b6dfefb098a3f7f,CORPUS_EXTRACTED,EXACT_SOURCE_SUBSTRING,PRIMARY,C1,d2lce_8d226b48ba7ec1493faa4ec8,d2l_selected_campaign_scope_v1,PASS_CORPUS_EXTRACTED,"Exact source substring, hashes, provenance, and offsets verified.",True,True,ctx_5f804b816c9a3019d5cd256d,08f29edc587a4037bf5385cdb05a4215fc6522d19c7eb49eba51dd2e700a7712,d2l_methodology_corpus_origin_audit,1.0.0
ctx_5fcee3eae8b5c9088386725a,document,d2l_preface,d2l_preface_index_b038,sentence_8c5a3f673971e5b878e78220,"Joe Blitzstein's [books](https://www.amazon.com/Introduction-Probability-Chapman-Statistical-Science/dp/1138369918) 
and [courses](https://projects.iq.harvard.edu/stat110/home) 
on probability and inference are pedagogical gems.",1078,1306,197,206,c22620a96e3fbd97526f13ea9ccf508307d1175ea9bb8d3a5b6dfefb098a3f7f,CORPUS_EXTRACTED,EXACT_SOURCE_SUBSTRING,PRIMARY,C1,d2lce_1ff0c13e857af8ab6956fc96,d2l_selected_campaign_scope_v1,PASS_CORPUS_EXTRACTED,"Exact source substring, hashes, provenance, and offsets verified.",True,True,ctx_5fcee3eae8b5c9088386725a,156c5e61731045a7a186d53a5fb712489c3b790947ce3367cc0f132f115fd77b,d2l_methodology_corpus_origin_audit,1.0.0
ctx_5fe3b944f1a60bfc3b477089,document,d2l_computer_vision,d2l_computer_vision_image_augmentation_b002,sentence_281cddaa70735bdb51ab748a,"For example, we can crop an image in different ways to make the object of interest appear in different positions, thereby reducing the dependence of a model on the position of the object.",523,710,103,112,c22620a96e3fbd97526f13ea9ccf508307d1175ea9bb8d3a5b6dfefb098a3f7f,CORPUS_EXTRACTED,EXACT_SOURCE_SUBSTRING,PRIMARY,C2,d2lce_06b54fbb7406aced0daac405,d2l_selected_campaign_scope_v1,PASS_CORPUS_EXTRACTED,"Exact source substring, hashes, provenance, and offsets verified.",True,True,ctx_5fe3b944f1a60bfc3b477089,89f58c2c29b32531ae359ccea159428f693f8d9e1b0dde274474b881438afe07,d2l_methodology_corpus_origin_audit,1.0.0
ctx_60049e1f8e96ead596f5d3a2,document,d2l_convolutional_modern,d2l_convolutional_modern_batch_norm_b012,sentence_26fdb5d49e1cbb61731af4a1,"Note that $\boldsymbol{\gamma}$ and $\boldsymbol{\beta}$ are
 parameters that need to be learned jointly with the other model parameters.",528,665,50,54,c22620a96e3fbd97526f13ea9ccf508307d1175ea9bb8d3a5b6dfefb098a3f7f,CORPUS_EXTRACTED,EXACT_SOURCE_SUBSTRING,PRIMARY,C1,d2lce_20a7e6887718c68fb6b88a05,d2l_selected_campaign_scope_v1,PASS_CORPUS_EXTRACTED,"Exact source substring, hashes, provenance, and offsets verified.",True,True,ctx_60049e1f8e96ead596f5d3a2,bfcfa6d7d41a96b301f04c85de38b90447732a1304062a0da192f5b57a125eb3,d2l_methodology_corpus_origin_audit,1.0.0
ctx_607c4610b2fb0f15081b64d0,document,d2l_computer_vision,d2l_computer_vision_index_b004,sentence_ad6c7fa1f107c307aaa359a6,"```toc
:maxdepth: 2

image-augmentation
fine-tuning
bounding-box
anchor
multiscale-object-detection
object-detection-dataset
ssd
rcnn
semantic-segmentation-and-dataset
transposed-conv
fcn
neural-style
kaggle-cifar10
kaggle-dog
```",0,230,125,128,c22620a96e3fbd97526f13ea9ccf508307d1175ea9bb8d3a5b6dfefb098a3f7f,CORPUS_EXTRACTED,EXACT_SOURCE_SUBSTRING,PRIMARY,C2,d2lce_c6d5679eb20ff0719dfc35b2,d2l_selected_campaign_scope_v1,PASS_CORPUS_EXTRACTED,"Exact source substring, hashes, provenance, and offsets verified.",True,True,ctx_607c4610b2fb0f15081b64d0,6e3676e55b63240833ae6cb019c67a2977663b43920474831830da60575def7d,d2l_methodology_corpus_origin_audit,1.0.0
ctx_6143b29417b0fe55f7875c10,document,d2l_recurrent_modern,d2l_recurrent_modern_lstm_b004,sentence_c1a0b74ee1e94ce189ab28a0,"We will refer to this as the
*output gate*.",403,446,30,41,c22620a96e3fbd97526f13ea9ccf508307d1175ea9bb8d3a5b6dfefb098a3f7f,CORPUS_EXTRACTED,EXACT_SOURCE_SUBSTRING,BACKUP,C3,d2lce_c6b4477a845e2e0e0e02f088,d2l_selected_campaign_scope_v1,PASS_CORPUS_EXTRACTED,"Exact source substring, hashes, provenance, and offsets verified.",False,True,ctx_6143b29417b0fe55f7875c10,a9dfba7a29427eb6f4e9dbee746bd24be0cb2f9271629542dc4d9734009c3cf3,d2l_methodology_corpus_origin_audit,1.0.0
ctx_61a2ce5d13e9164d72ba2a8e,document,d2l_attention_mechanisms,d2l_attention_mechanisms_nadaraya_watson_b010,sentence_b8dcf9ea0de88e3b644f7e67,where $\epsilon$ obeys a normal distribution with zero mean and standard deviation 0.5.,0,87,50,59,c22620a96e3fbd97526f13ea9ccf508307d1175ea9bb8d3a5b6dfefb098a3f7f,CORPUS_EXTRACTED,EXACT_SOURCE_SUBSTRING,PRIMARY,C1,d2lce_eae5d94b4d2b73165c5d8795,d2l_selected_campaign_scope_v1,PASS_CORPUS_EXTRACTED,"Exact source substring, hashes, provenance, and offsets verified.",True,True,ctx_61a2ce5d13e9164d72ba2a8e,0772831f2a82b9551972d1c9c00cc7aeec31bcef58e62e76e5c330bc9be736e2,d2l_methodology_corpus_origin_audit,1.0.0
ctx_61e1112cbf2424e69a7a2487,document,d2l_attention_mechanisms,d2l_attention_mechanisms_attention_cues_b014,sentence_148cff5fea05df5b2c3e4f97,"As shown in :numref:`fig_qkv`,
we can design attention pooling
so that the given query (volitional cue) can interact with keys (nonvolitional cues),
which guides bias selection over values (sensory inputs).",568,774,88,102,c22620a96e3fbd97526f13ea9ccf508307d1175ea9bb8d3a5b6dfefb098a3f7f,CORPUS_EXTRACTED,EXACT_SOURCE_SUBSTRING,PRIMARY,C1,d2lce_ad03ff147d19eb2ea47d5b0e,d2l_selected_campaign_scope_v1,PASS_CORPUS_EXTRACTED,"Exact source substring, hashes, provenance, and offsets verified.",True,True,ctx_61e1112cbf2424e69a7a2487,26eeb9b0a8e906f2bcfcd0ec7ce46627df9048b437d15106af570077d6bba575,d2l_methodology_corpus_origin_audit,1.0.0
ctx_622b0a2786bbcaf9095a093c,document,d2l_optimization,d2l_optimization_index_b002,sentence_4e3e135cd20a5f0e48468df9,"Indeed, anyone content with treating optimization as a black box device to minimize objective functions in a simple setting might well content oneself with the knowledge that there exists an array of incantations of such a procedure (with names such as ""SGD"" and ""Adam"").",290,561,84,93,c22620a96e3fbd97526f13ea9ccf508307d1175ea9bb8d3a5b6dfefb098a3f7f,CORPUS_EXTRACTED,EXACT_SOURCE_SUBSTRING,PRIMARY,C2,d2lce_cf168d11faf5e675efa7e0a3,d2l_selected_campaign_scope_v1,PASS_CORPUS_EXTRACTED,"Exact source substring, hashes, provenance, and offsets verified.",True,True,ctx_622b0a2786bbcaf9095a093c,987071e0d714cef7eb0d2018f1c81615034c62f3d4fc990885bc25a542280c74,d2l_methodology_corpus_origin_audit,1.0.0
ctx_623445579aad7a2214e0e1e3,document,d2l_convolutional_neural_networks,d2l_convolutional_neural_networks_conv_layer_b053,sentence_79e1a53f1512181a829af928,"Now let us denote the $2 \times 2$
output as $\mathbf{Y}$
and consider a deeper CNN
with an additional $2 \times 2$ convolutional layer that takes $\mathbf{Y}$
as its input, outputting
a single element $z$.",246,452,80,83,c22620a96e3fbd97526f13ea9ccf508307d1175ea9bb8d3a5b6dfefb098a3f7f,CORPUS_EXTRACTED,EXACT_SOURCE_SUBSTRING,PRIMARY,C2,d2lce_eba859df6c63311dce4a5eb7,d2l_selected_campaign_scope_v1,PASS_CORPUS_EXTRACTED,"Exact source substring, hashes, provenance, and offsets verified.",True,True,ctx_623445579aad7a2214e0e1e3,a16e40ebda0a2c614b6b8ca3da4b100039e07c5eb0589f8e9865bd2b68896498,d2l_methodology_corpus_origin_audit,1.0.0
ctx_62a5ada5f1792020bc23cde5,document,d2l_recurrent_neural_networks,d2l_recurrent_neural_networks_sequence_b023,sentence_f8ac4271e634cd9587757c73,"```{.python .input}
# A simple MLP
def get_net():
    net = nn.Sequential()
    net.add(nn.Dense(10, activation='relu'),
            nn.Dense(1))
    net.initialize(init.Xavier())
    return net

# Square loss
loss = gluon.loss.L2Loss()
```

```{.python .input}
#@tab pytorch
# Function for initializing the weights of the network
def init_weights(m):
    if type(m) == nn.Linear:
        nn.init.xavier_uniform_(m.weight)

# A simple MLP
def get_net():
    net = nn.Sequential(nn.Linear(4, 10),
                        nn.ReLU(),
                        nn.Linear(10, 1))
    net.apply(init_weights)
    return net

# Note: `MSELoss` computes squared error without the 1/2 factor
loss = nn.MSELoss(reduction='none')
```

```{.python .input}
#@tab tensorflow
# Vanilla MLP architecture
def get_net():
    net = tf.keras.Sequential([tf.keras.layers.Dense(10, activation='relu'),
                              tf.keras.layers.Dense(1)])
    return net

# Note: `MeanSquaredError` computes squared error without the 1/2 factor
loss = tf.keras.losses.MeanSquaredError()
```

Now we are ready to [**train the model**].",4340,5453,31,34,c22620a96e3fbd97526f13ea9ccf508307d1175ea9bb8d3a5b6dfefb098a3f7f,CORPUS_EXTRACTED,EXACT_SOURCE_SUBSTRING,BACKUP,C1,d2lce_0ac8f3308547fb001c31e869,d2l_selected_campaign_scope_v1,PASS_CORPUS_EXTRACTED,"Exact source substring, hashes, provenance, and offsets verified.",False,True,ctx_62a5ada5f1792020bc23cde5,ae8a2f840da7100fc742a66a8649b917fbb231c59eb975b303f6d27913323f1d,d2l_methodology_corpus_origin_audit,1.0.0
ctx_62a689a27a8ee80eaa82689e,document,d2l_natural_language_processing_applications,d2l_natural_language_processing_applications_sentiment_analysis_cnn_b015,sentence_9dd38320ebaac2e6142c41d3,"Then for each channel, 
perform a cross-correlation operation on the one-dimensional tensor of the input and the one-dimensional tensor of the convolution kernel, 
summing the results over all the channels
to produce the one-dimensional output tensor.",126,377,143,161,c22620a96e3fbd97526f13ea9ccf508307d1175ea9bb8d3a5b6dfefb098a3f7f,CORPUS_EXTRACTED,EXACT_SOURCE_SUBSTRING,PRIMARY,C3,d2lce_7c27fa40b039d07e81508741,d2l_selected_campaign_scope_v1,PASS_CORPUS_EXTRACTED,"Exact source substring, hashes, provenance, and offsets verified.",True,True,ctx_62a689a27a8ee80eaa82689e,495b18ddb2dc8ceb85cfbd2e85b31806d6685c90235463fdc051932192d3a03d,d2l_methodology_corpus_origin_audit,1.0.0
ctx_62bef5528a5385c4c8a8ab6a,document,d2l_computational_performance,d2l_computational_performance_hardware_b023,sentence_18e651df448b6b641eb88c7c,"* Lastly, the massive increase in bandwidth has forced computer designers to attach SSDs directly to the PCIe bus.",916,1030,105,109,c22620a96e3fbd97526f13ea9ccf508307d1175ea9bb8d3a5b6dfefb098a3f7f,CORPUS_EXTRACTED,EXACT_SOURCE_SUBSTRING,PRIMARY,C2,d2lce_35df896f9860f8aac814ce37,d2l_selected_campaign_scope_v1,PASS_CORPUS_EXTRACTED,"Exact source substring, hashes, provenance, and offsets verified.",True,True,ctx_62bef5528a5385c4c8a8ab6a,5bad0cbb3c608cc09f42931c54e829042dd9a5ac09b00b5b40ea129134fa8abf,d2l_methodology_corpus_origin_audit,1.0.0
ctx_631db6dfad58f0e98ac2eeaa,document,d2l_appendix_mathematics_for_deep_learning,d2l_appendix_mathematics_for_deep_learning_information_theory_b072,sentence_800985335d6a150119b3b5df,"Specifically, if $(X, Y)$ is a pair of discrete random variables, then",84,154,39,64,c22620a96e3fbd97526f13ea9ccf508307d1175ea9bb8d3a5b6dfefb098a3f7f,CORPUS_EXTRACTED,EXACT_SOURCE_SUBSTRING,PRIMARY,C1,d2lce_e1a7c8e04c91b48272b3b5ee,d2l_selected_campaign_scope_v1,PASS_CORPUS_EXTRACTED,"Exact source substring, hashes, provenance, and offsets verified.",True,True,ctx_631db6dfad58f0e98ac2eeaa,80cd0d8418c072bf62996d115330d519b14524b78ee6ffeb096fc98f6c59affe,d2l_methodology_corpus_origin_audit,1.0.0
ctx_637765a4cacd9fb038d7eff2,document,d2l_convolutional_modern,d2l_convolutional_modern_batch_norm_b033,sentence_aab10595f7c1fc86d35a9c71,"Here we
            # need to maintain the shape of `X`, so that the broadcasting
            # operation can be carried out later
            mean = X.mean(axis=(0, 2, 3), keepdims=True)
            var = ((X - mean) ** 2).mean(axis=(0, 2, 3), keepdims=True)
        # In training mode, the current mean and variance are used for the
        # standardization
        X_hat = (X - mean) / np.sqrt(var + eps)
        # Update the mean and variance using moving average
        moving_mean = momentum * moving_mean + (1.0 - momentum) * mean
        moving_var = momentum * moving_var + (1.0 - momentum) * var
    Y = gamma * X_hat + beta  # Scale and shift
    return Y, moving_mean, moving_var
```",951,1648,345,360,c22620a96e3fbd97526f13ea9ccf508307d1175ea9bb8d3a5b6dfefb098a3f7f,CORPUS_EXTRACTED,EXACT_SOURCE_SUBSTRING,PRIMARY,C1,d2lce_d53294d467b28b07bf000b10,d2l_selected_campaign_scope_v1,PASS_CORPUS_EXTRACTED,"Exact source substring, hashes, provenance, and offsets verified.",True,True,ctx_637765a4cacd9fb038d7eff2,f3c86c03e6f10b1b897181fe4b5907630358df1488530554525289116998d1e0,d2l_methodology_corpus_origin_audit,1.0.0
ctx_63a7e0037fac12cc4fdcdd35,document,d2l_convolutional_modern,d2l_convolutional_modern_vgg_b016,sentence_5d96099318d04ae35a8c1455,"The original VGG network had 5 convolutional blocks,
among which the first two have one convolutional layer each
and the latter three contain two convolutional layers each.",0,172,13,24,c22620a96e3fbd97526f13ea9ccf508307d1175ea9bb8d3a5b6dfefb098a3f7f,CORPUS_EXTRACTED,EXACT_SOURCE_SUBSTRING,PRIMARY,C1,d2lce_7be1455c48134d411f51fe7c,d2l_selected_campaign_scope_v1,PASS_CORPUS_EXTRACTED,"Exact source substring, hashes, provenance, and offsets verified.",True,True,ctx_63a7e0037fac12cc4fdcdd35,75216ef38b5ebc55e75632c420a36a2b5f9610f4a676a7a0dde7dcd649ed96e2,d2l_methodology_corpus_origin_audit,1.0.0
ctx_63c1cf674ecc0c73541e5bad,document,d2l_natural_language_processing_applications,d2l_natural_language_processing_applications_sentiment_analysis_cnn_b031,sentence_7b2062a18d06ab49c316b8bd,"Compared with the bidirectional RNN model in
:numref:`sec_sentiment_rnn`,
besides
replacing recurrent layers with convolutional layers,
we also use two embedding layers:
one with trainable weights and the other 
with fixed weights.",55,286,114,134,c22620a96e3fbd97526f13ea9ccf508307d1175ea9bb8d3a5b6dfefb098a3f7f,CORPUS_EXTRACTED,EXACT_SOURCE_SUBSTRING,PRIMARY,C2,d2lce_d2bfc7b3a0a02ddfd71b3526,d2l_selected_campaign_scope_v1,PASS_CORPUS_EXTRACTED,"Exact source substring, hashes, provenance, and offsets verified.",True,True,ctx_63c1cf674ecc0c73541e5bad,2ba380895f44d95fdf8a426e980b2c6b12c7fa13b163fbaf40e1d600214f2dac,d2l_methodology_corpus_origin_audit,1.0.0
ctx_6481a5fd90279243349a9cd9,document,d2l_computer_vision,d2l_computer_vision_ssd_b004,sentence_c16ea798fd50b3db822898fb,"This model mainly consists of
a base network
followed by
several multiscale feature map blocks.",90,185,88,94,c22620a96e3fbd97526f13ea9ccf508307d1175ea9bb8d3a5b6dfefb098a3f7f,CORPUS_EXTRACTED,EXACT_SOURCE_SUBSTRING,BACKUP,C1,d2lce_20c658fd4e221ee551790ec2,d2l_selected_campaign_scope_v1,PASS_CORPUS_EXTRACTED,"Exact source substring, hashes, provenance, and offsets verified.",False,True,ctx_6481a5fd90279243349a9cd9,143660c53e3222544cc9442385089651a7261a0c72aceeac09dd4c75118e667d,d2l_methodology_corpus_origin_audit,1.0.0
ctx_6547ed8c4718efbe943c8076,document,d2l_preface,d2l_preface_index_b009,sentence_1519b62dd9880a63e1da7242,"While some interactive resources 
have popped up sporadically
to address a particular topic, 
e.g., the engaging blog posts
published on the website [Distill](http://distill.pub), or personal blogs,
they only covered selected topics in deep learning,
and often lacked associated code.",828,1112,65,72,c22620a96e3fbd97526f13ea9ccf508307d1175ea9bb8d3a5b6dfefb098a3f7f,CORPUS_EXTRACTED,EXACT_SOURCE_SUBSTRING,PRIMARY,C1,d2lce_89406dadb8c277a1b688698c,d2l_selected_campaign_scope_v1,PASS_CORPUS_EXTRACTED,"Exact source substring, hashes, provenance, and offsets verified.",True,True,ctx_6547ed8c4718efbe943c8076,82e4eb002ad882a0abc651d98dbdd8e82f357b0fa47c06e4f94ff3fcbcf5fa73,d2l_methodology_corpus_origin_audit,1.0.0
ctx_654cb542dec605b7a07f0d38,document,d2l_deep_learning_computation,d2l_deep_learning_computation_model_construction_b032,sentence_7ab04d8f07da1c8d3c9f9710,"We exploit this versatility
throughout the following chapters,
such as when addressing
convolutional neural networks.",239,356,87,116,c22620a96e3fbd97526f13ea9ccf508307d1175ea9bb8d3a5b6dfefb098a3f7f,CORPUS_EXTRACTED,EXACT_SOURCE_SUBSTRING,BACKUP,C1,d2lce_c4e87e5ee47d3e26ba618290,d2l_selected_campaign_scope_v1,PASS_CORPUS_EXTRACTED,"Exact source substring, hashes, provenance, and offsets verified.",False,True,ctx_654cb542dec605b7a07f0d38,c6b7a829e888aadaeac522ab4d84267bf0949a2b2e0b8de0a552150485f3b595,d2l_methodology_corpus_origin_audit,1.0.0
ctx_654d5b054d1a8a6629be86be,document,d2l_linear_networks,d2l_linear_networks_linear_regression_b067,sentence_bd2eac065fcc36b3f6f8c54c,"While you can already get your hands dirty using only the information above,
in the following we can more formally motivate the squared loss objective
via assumptions about the distribution of noise.",0,199,141,150,c22620a96e3fbd97526f13ea9ccf508307d1175ea9bb8d3a5b6dfefb098a3f7f,CORPUS_EXTRACTED,EXACT_SOURCE_SUBSTRING,BACKUP,C2,d2lce_cf168d11faf5e675efa7e0a3,d2l_selected_campaign_scope_v1,PASS_CORPUS_EXTRACTED,"Exact source substring, hashes, provenance, and offsets verified.",False,True,ctx_654d5b054d1a8a6629be86be,69a7795c929223f9fe626a9af065478756438f8bf64ac24deb03f9274d19f91a,d2l_methodology_corpus_origin_audit,1.0.0
ctx_654e7ba25bac02b376751b46,document,d2l_computer_vision,d2l_computer_vision_index_b003,sentence_4369cda53a0ff8035999d508,"Since deep neural networks can effectively represent images in multiple levels, 
such layerwise representations have been successfully 
used in various computer vision tasks such as *object detection*, *semantic segmentation*, and *style transfer*.",392,640,232,246,c22620a96e3fbd97526f13ea9ccf508307d1175ea9bb8d3a5b6dfefb098a3f7f,CORPUS_EXTRACTED,EXACT_SOURCE_SUBSTRING,BACKUP,C1,d2lce_041add3a2f3aa452408a5384,d2l_selected_campaign_scope_v1,PASS_CORPUS_EXTRACTED,"Exact source substring, hashes, provenance, and offsets verified.",False,True,ctx_654e7ba25bac02b376751b46,87918d33b0908364892970c430fd14b6e7cd431e52ada469541f3d63d237d8dc,d2l_methodology_corpus_origin_audit,1.0.0
ctx_65ee0c7626e807bcbfcdf1cf,document,d2l_multilayer_perceptrons,d2l_multilayer_perceptrons_environment_b038,sentence_103684b7ceaa2aa00a2869a1,"In some cases, we get lucky and the models work
despite covariate, label, or concept shift.",115,206,77,90,c22620a96e3fbd97526f13ea9ccf508307d1175ea9bb8d3a5b6dfefb098a3f7f,CORPUS_EXTRACTED,EXACT_SOURCE_SUBSTRING,BACKUP,C1,d2lce_6239b2ef1cec1800e3d6f13f,d2l_selected_campaign_scope_v1,PASS_CORPUS_EXTRACTED,"Exact source substring, hashes, provenance, and offsets verified.",False,True,ctx_65ee0c7626e807bcbfcdf1cf,77fbbb8b54467a44855659e5189868bfbe0fef4046b159c907844846cd535893,d2l_methodology_corpus_origin_audit,1.0.0
ctx_661ce5b03c03edebdfde8f55,document,d2l_multilayer_perceptrons,d2l_multilayer_perceptrons_environment_b074,sentence_e49dfea4ab00e2cbc6d6c7ce,### Concept Shift Correction,0,28,4,17,c22620a96e3fbd97526f13ea9ccf508307d1175ea9bb8d3a5b6dfefb098a3f7f,CORPUS_EXTRACTED,EXACT_SOURCE_SUBSTRING,BACKUP,C2,d2lce_6239b2ef1cec1800e3d6f13f,d2l_selected_campaign_scope_v1,PASS_CORPUS_EXTRACTED,"Exact source substring, hashes, provenance, and offsets verified.",False,True,ctx_661ce5b03c03edebdfde8f55,23e3138fcf846b1d5f12dff8b1e95701846f38b74fb924d7ba2876c21fd6f155,d2l_methodology_corpus_origin_audit,1.0.0
ctx_662c35c799f161b9c9cc657e,document,d2l_convolutional_modern,d2l_convolutional_modern_alexnet_b030,sentence_2e2cd6a30a975466c434e3a1,"The convolution window shape in the second layer
is reduced to $5\times5$, followed by $3\times3$.",294,392,23,28,c22620a96e3fbd97526f13ea9ccf508307d1175ea9bb8d3a5b6dfefb098a3f7f,CORPUS_EXTRACTED,EXACT_SOURCE_SUBSTRING,BACKUP,C3,d2lce_7d91b65d1e0031ab994be237,d2l_selected_campaign_scope_v1,PASS_CORPUS_EXTRACTED,"Exact source substring, hashes, provenance, and offsets verified.",False,True,ctx_662c35c799f161b9c9cc657e,4047b6822ec6e64fae561e1439558a9b52025f93440f5116a4f60ee946a02119,d2l_methodology_corpus_origin_audit,1.0.0
ctx_6680b855ff6f781511dd10c7,document,d2l_linear_networks,d2l_linear_networks_linear_regression_b026,sentence_a6b0922b1fc4b85b0609f5b9,"The constant $\frac{1}{2}$ makes no real difference
but will prove notationally convenient,
canceling out when we take the derivative of the loss.",0,146,4,12,c22620a96e3fbd97526f13ea9ccf508307d1175ea9bb8d3a5b6dfefb098a3f7f,CORPUS_EXTRACTED,EXACT_SOURCE_SUBSTRING,PRIMARY,C1,d2lce_46e81052dcb25b16e429062a,d2l_selected_campaign_scope_v1,PASS_CORPUS_EXTRACTED,"Exact source substring, hashes, provenance, and offsets verified.",True,True,ctx_6680b855ff6f781511dd10c7,a4aaed4dad14e5b077c0b51d12ff04965b43230acdf6cc9050278ecf2f1ecc1b,d2l_methodology_corpus_origin_audit,1.0.0
ctx_6702f17fcaa78157880ba4f3,document,d2l_recommender_systems,d2l_recommender_systems_ranking_b013,sentence_c3bada6bdc1c4ae76394c80a,The implementation of BPR loss is as follows.,0,45,22,25,c22620a96e3fbd97526f13ea9ccf508307d1175ea9bb8d3a5b6dfefb098a3f7f,CORPUS_EXTRACTED,EXACT_SOURCE_SUBSTRING,PRIMARY,C2,d2lce_0dbb5a3cc045f69a43d09a7a,d2l_selected_campaign_scope_v1,PASS_CORPUS_EXTRACTED,"Exact source substring, hashes, provenance, and offsets verified.",True,True,ctx_6702f17fcaa78157880ba4f3,449613b05d05e0e1744060a53662350bacb730ccab9647bd023f390bcc774f04,d2l_methodology_corpus_origin_audit,1.0.0
ctx_67062c99a9f339aaec98d9aa,document,d2l_natural_language_processing_pretraining,d2l_natural_language_processing_pretraining_word2vec_b030,sentence_164aa8ee5320ab83fa370233,"In natural language processing applications, the center word vectors of the skip-gram model are typically
used as the word representations.",169,308,76,91,c22620a96e3fbd97526f13ea9ccf508307d1175ea9bb8d3a5b6dfefb098a3f7f,CORPUS_EXTRACTED,EXACT_SOURCE_SUBSTRING,PRIMARY,C4,d2lce_9cee0f2f668259a2568b89f4,d2l_selected_campaign_scope_v1,PASS_CORPUS_EXTRACTED,"Exact source substring, hashes, provenance, and offsets verified.",True,True,ctx_67062c99a9f339aaec98d9aa,27c3963fd1a19e36d530cccd2e688361e75d1890bd327f13e5f10b1049181ec0,d2l_methodology_corpus_origin_audit,1.0.0
ctx_6733f9355787febdfa53f095,document,d2l_attention_mechanisms,d2l_attention_mechanisms_attention_cues_b014,sentence_9b2c8da1beddf86c378cd4df,"In the context of attention mechanisms,
we refer to volitional cues as *queries*.",141,222,52,67,c22620a96e3fbd97526f13ea9ccf508307d1175ea9bb8d3a5b6dfefb098a3f7f,CORPUS_EXTRACTED,EXACT_SOURCE_SUBSTRING,PRIMARY,C1,d2lce_ad03ff147d19eb2ea47d5b0e,d2l_selected_campaign_scope_v1,PASS_CORPUS_EXTRACTED,"Exact source substring, hashes, provenance, and offsets verified.",True,True,ctx_6733f9355787febdfa53f095,a5de127cb7f2e24432871c80b1519880776d5a9ab2a79733f0fffb9ba0d0e142,d2l_methodology_corpus_origin_audit,1.0.0
ctx_677a8cad69668bf7ea4b032d,document,d2l_multilayer_perceptrons,d2l_multilayer_perceptrons_mlp_b046,sentence_25d8fe5a35598915ef7691a9,### Sigmoid Function,0,20,4,11,c22620a96e3fbd97526f13ea9ccf508307d1175ea9bb8d3a5b6dfefb098a3f7f,CORPUS_EXTRACTED,EXACT_SOURCE_SUBSTRING,PRIMARY,C1,d2lce_00f50f89defd8652bb8c429e,d2l_selected_campaign_scope_v1,PASS_CORPUS_EXTRACTED,"Exact source substring, hashes, provenance, and offsets verified.",True,True,ctx_677a8cad69668bf7ea4b032d,3a1143e284ded6c06ac8725e63a924f768ae5aba165e294a7ae748a0121f97c3,d2l_methodology_corpus_origin_audit,1.0.0
ctx_678990229efc17731a44c47b,document,d2l_computational_performance,d2l_computational_performance_hardware_b023,sentence_9de793ea99c23d2daed4944a,This amounts to up to 8GB/s on PCIe 4.0.,1148,1188,31,35,c22620a96e3fbd97526f13ea9ccf508307d1175ea9bb8d3a5b6dfefb098a3f7f,CORPUS_EXTRACTED,EXACT_SOURCE_SUBSTRING,BACKUP,C2,d2lce_35df896f9860f8aac814ce37,d2l_selected_campaign_scope_v1,PASS_CORPUS_EXTRACTED,"Exact source substring, hashes, provenance, and offsets verified.",False,True,ctx_678990229efc17731a44c47b,44b10cf1311c8b514b7796c8879bfe6081e0bdbfaf662a9b718bcb73e92622e9,d2l_methodology_corpus_origin_audit,1.0.0
ctx_67945819158e624599917329,document,d2l_multilayer_perceptrons,d2l_multilayer_perceptrons_underfit_overfit_b066,sentence_0481b157844f4ff33bb25658,"```{.python .input}
def train(train_features, test_features, train_labels, test_labels,
          num_epochs=400):
    loss = gluon.loss.L2Loss()
    net = nn.Sequential()
    # Switch off the bias since we already catered for it in the polynomial
    # features
    net.add(nn.Dense(1, use_bias=False))
    net.initialize()
    batch_size = min(10, train_labels.shape[0])
    train_iter = d2l.load_array((train_features, train_labels), batch_size)
    test_iter = d2l.load_array((test_features, test_labels), batch_size,
                               is_train=False)
    trainer = gluon.Trainer(net.collect_params(), 'sgd',
                            {'learning_rate': 0.01})
    animator = d2l.Animator(xlabel='epoch', ylabel='loss', yscale='log',
                            xlim=[1, num_epochs], ylim=[1e-3, 1e2],
                            legend=['train', 'test'])
    for epoch in range(num_epochs):
        d2l.train_epoch_ch3(net, train_iter, loss, trainer)
        if epoch == 0 or (epoch + 1) % 20 == 0:
            animator.add(epoch + 1, (evaluate_loss(net, train_iter, loss),
                                     evaluate_loss(net, test_iter, loss)))
    print('weight:', net[0].weight.data().asnumpy())
```",0,1224,178,184,c22620a96e3fbd97526f13ea9ccf508307d1175ea9bb8d3a5b6dfefb098a3f7f,CORPUS_EXTRACTED,EXACT_SOURCE_SUBSTRING,UNSELECTED,NONE,d2lce_91002293cea2184b43995f47,d2l_selected_campaign_scope_v1,PASS_CORPUS_EXTRACTED,"Exact source substring, hashes, provenance, and offsets verified.",False,False,ctx_67945819158e624599917329,48299feb64115cd9de9add5e2f0a6992dca0353ed751b844de3349821c8eda4f,d2l_methodology_corpus_origin_audit,1.0.0
ctx_67e4805a6cc4da88af5a0fa4,document,d2l_computational_performance,d2l_computational_performance_hardware_b023,sentence_2b09bdd8ad1888181091be1a,"The drives capable of handling this, referred to as NVMe (Non Volatile Memory enhanced), can use up to 4 PCIe lanes.",1031,1147,105,109,c22620a96e3fbd97526f13ea9ccf508307d1175ea9bb8d3a5b6dfefb098a3f7f,CORPUS_EXTRACTED,EXACT_SOURCE_SUBSTRING,BACKUP,C2,d2lce_35df896f9860f8aac814ce37,d2l_selected_campaign_scope_v1,PASS_CORPUS_EXTRACTED,"Exact source substring, hashes, provenance, and offsets verified.",False,True,ctx_67e4805a6cc4da88af5a0fa4,bf4fa2476877e2f71bb89c344b8f15aceb972fd05870972c59bc0bb867a6e5a8,d2l_methodology_corpus_origin_audit,1.0.0
ctx_680c9412dce02a05d32cc50f,document,d2l_computational_performance,d2l_computational_performance_async_computation_b037,sentence_29a01125e253ea4c018d8459,It is recommended to synchronize for each minibatch to keep frontend and backend approximately synchronized.,343,451,21,32,c22620a96e3fbd97526f13ea9ccf508307d1175ea9bb8d3a5b6dfefb098a3f7f,CORPUS_EXTRACTED,EXACT_SOURCE_SUBSTRING,PRIMARY,C1,d2lce_1edc567804c90f134219a8f0,d2l_selected_campaign_scope_v1,PASS_CORPUS_EXTRACTED,"Exact source substring, hashes, provenance, and offsets verified.",True,True,ctx_680c9412dce02a05d32cc50f,9438a8fdb2dd055ce3e8ce111a8b561313eabeb7e09769778ed1446904476337,d2l_methodology_corpus_origin_audit,1.0.0
ctx_6882a07f8f604f30a2c75617,document,d2l_convolutional_modern,d2l_convolutional_modern_alexnet_b004,sentence_50967f5935e5922459e028f7,"Added to these obstacles, key tricks for training neural networks
including parameter initialization heuristics,
clever variants of stochastic gradient descent,
non-squashing activation functions,
and effective regularization techniques were still missing.",237,493,175,195,c22620a96e3fbd97526f13ea9ccf508307d1175ea9bb8d3a5b6dfefb098a3f7f,CORPUS_EXTRACTED,EXACT_SOURCE_SUBSTRING,BACKUP,C4,d2lce_e0c693366d811581abbb9e74,d2l_selected_campaign_scope_v1,PASS_CORPUS_EXTRACTED,"Exact source substring, hashes, provenance, and offsets verified.",False,True,ctx_6882a07f8f604f30a2c75617,51fb75e50aacb313a3b7cd1fb174d96450e8c51c3bc526e9e72bc0b1e46198fd,d2l_methodology_corpus_origin_audit,1.0.0
ctx_68f2a29f1bb704c9ddabeaf1,document,d2l_optimization,d2l_optimization_convexity_b085,sentence_d12f373603cc6f01f3a4f021,"Again, we encountered them before, e.g., when dealing with gradient clipping in :numref:`sec_rnn_scratch`.",67,173,59,76,c22620a96e3fbd97526f13ea9ccf508307d1175ea9bb8d3a5b6dfefb098a3f7f,CORPUS_EXTRACTED,EXACT_SOURCE_SUBSTRING,BACKUP,C2,d2lce_8d226b48ba7ec1493faa4ec8,d2l_selected_campaign_scope_v1,PASS_CORPUS_EXTRACTED,"Exact source substring, hashes, provenance, and offsets verified.",False,True,ctx_68f2a29f1bb704c9ddabeaf1,8ce63dba6852811081be084f05869e83ea4cb234f7fc364d3b82b8b829fad83d,d2l_methodology_corpus_origin_audit,1.0.0
ctx_690cb0198616ce9356c3d7dd,document,d2l_convolutional_modern,d2l_convolutional_modern_nin_b011,sentence_263268c7d1353d5f76299de4,"Each NiN block is followed by a maximum pooling layer
with a stride of 2 and a window shape of $3\times 3$.",270,377,32,53,c22620a96e3fbd97526f13ea9ccf508307d1175ea9bb8d3a5b6dfefb098a3f7f,CORPUS_EXTRACTED,EXACT_SOURCE_SUBSTRING,PRIMARY,C2,d2lce_c343a692fe9bdfdabefe7687,d2l_selected_campaign_scope_v1,PASS_CORPUS_EXTRACTED,"Exact source substring, hashes, provenance, and offsets verified.",True,True,ctx_690cb0198616ce9356c3d7dd,fde8a7056eed05184daee55b1a7e5e4d94d3174d9c23260bf8f88ae7806a296e,d2l_methodology_corpus_origin_audit,1.0.0
ctx_69b854938dd969b726eb92a0,document,d2l_recurrent_neural_networks,d2l_recurrent_neural_networks_rnn_scratch_b083,sentence_c41bc5fad40bb35a21bf7ec6,"* Gradient clipping prevents gradient explosion, but it cannot fix vanishing gradients.",580,667,67,86,c22620a96e3fbd97526f13ea9ccf508307d1175ea9bb8d3a5b6dfefb098a3f7f,CORPUS_EXTRACTED,EXACT_SOURCE_SUBSTRING,PRIMARY,C2,d2lce_d7976d0b101e65c34c011871,d2l_selected_campaign_scope_v1,PASS_CORPUS_EXTRACTED,"Exact source substring, hashes, provenance, and offsets verified.",True,True,ctx_69b854938dd969b726eb92a0,e4487cbe772e2c462f2258dd1160cf6696b3efc8336335eabee8b2ccc4cce8b3,d2l_methodology_corpus_origin_audit,1.0.0
ctx_69f7abf7e90b1e8df21abc19,document,d2l_optimization,d2l_optimization_convexity_b032,sentence_4f2057418b86f09d7080a75e,Convex functions have many useful properties.,0,45,0,16,c22620a96e3fbd97526f13ea9ccf508307d1175ea9bb8d3a5b6dfefb098a3f7f,CORPUS_EXTRACTED,EXACT_SOURCE_SUBSTRING,BACKUP,C1,d2lce_0a19e86b29b5e64f79a45ddc,d2l_selected_campaign_scope_v1,PASS_CORPUS_EXTRACTED,"Exact source substring, hashes, provenance, and offsets verified.",False,True,ctx_69f7abf7e90b1e8df21abc19,41c5a2ec0288488445cdc8924fe20c1f5c64d1af45c751c4799b2fe066b0f398,d2l_methodology_corpus_origin_audit,1.0.0
ctx_6a19e08d950ca7bef8fb4c89,document,d2l_recurrent_modern,d2l_recurrent_modern_lstm_b005,sentence_677a13b6f66d36d6302a385a,"### Input Gate, Forget Gate, and Output Gate",0,44,4,14,c22620a96e3fbd97526f13ea9ccf508307d1175ea9bb8d3a5b6dfefb098a3f7f,CORPUS_EXTRACTED,EXACT_SOURCE_SUBSTRING,PRIMARY,C1,d2lce_c6c1c6e96c39b88a9f94e8d9,d2l_selected_campaign_scope_v1,PASS_CORPUS_EXTRACTED,"Exact source substring, hashes, provenance, and offsets verified.",True,True,ctx_6a19e08d950ca7bef8fb4c89,55d6325998de6f37ead7690202fa241d8477bbfbc7cbe68dcb7a98de772910a7,d2l_methodology_corpus_origin_audit,1.0.0
ctx_6a9b720f95aced72357fb01b,document,d2l_natural_language_processing_pretraining,d2l_natural_language_processing_pretraining_word2vec_b002,sentence_0e28a95eebef776622ada161,"In recent years,
word embedding has gradually become
the basic knowledge of natural language processing.",343,447,17,31,c22620a96e3fbd97526f13ea9ccf508307d1175ea9bb8d3a5b6dfefb098a3f7f,CORPUS_EXTRACTED,EXACT_SOURCE_SUBSTRING,PRIMARY,C2,d2lce_ce222dd206341f61f2986f7a,d2l_selected_campaign_scope_v1,PASS_CORPUS_EXTRACTED,"Exact source substring, hashes, provenance, and offsets verified.",True,True,ctx_6a9b720f95aced72357fb01b,8595ab96f6421204c3a320ab1e115d19f49afc1032bec661d9abb87d769ecbec,d2l_methodology_corpus_origin_audit,1.0.0
ctx_6ac1f400ae1b3195245dc883,document,d2l_convolutional_modern,d2l_convolutional_modern_batch_norm_b038,sentence_b77bd31a507d30ec70a7b7a4,"`num_dims`:
    # 2 for a fully-connected layer and 4 for a convolutional layer
    def __init__(self, num_features, num_dims, **kwargs):
        super().__init__(**kwargs)
        if num_dims == 2:
            shape = (1, num_features)
        else:
            shape = (1, num_features, 1, 1)
        # The scale parameter and the shift parameter (model parameters) are
        # initialized to 1 and 0, respectively
        self.gamma = self.params.get('gamma', shape=shape, init=init.One())
        self.beta = self.params.get('beta', shape=shape, init=init.Zero())
        # The variables that are not model parameters are initialized to 0 and 1
        self.moving_mean = np.zeros(shape)
        self.moving_var = np.ones(shape)

    def forward(self, X):
        # If `X` is not on the main memory, copy `moving_mean` and
        # `moving_var` to the device where `X` is located
        if self.moving_mean.ctx != X.ctx:
            self.moving_mean = self.moving_mean.copyto(X.ctx)
            self.moving_var = self.moving_var.copyto(X.ctx)
        # Save the updated `moving_mean` and `moving_var`
        Y, self.moving_mean, self.moving_var = batch_norm(
            X, self.gamma.data(), self.beta.data(), self.moving_mean,
            self.moving_var, eps=1e-12, momentum=0.9)
        return Y
```",185,1497,1278,1286,c22620a96e3fbd97526f13ea9ccf508307d1175ea9bb8d3a5b6dfefb098a3f7f,CORPUS_EXTRACTED,EXACT_SOURCE_SUBSTRING,BACKUP,C2,d2lce_addfcc9899bef06c500b6b0e,d2l_selected_campaign_scope_v1,PASS_CORPUS_EXTRACTED,"Exact source substring, hashes, provenance, and offsets verified.",False,True,ctx_6ac1f400ae1b3195245dc883,1fdf62922da5408b0c317a76426fad9d52abb07250e506aa4137b7fa6f37a0f2,d2l_methodology_corpus_origin_audit,1.0.0
ctx_6b24258694566dc3b24b4311,document,d2l_linear_networks,d2l_linear_networks_linear_regression_b020,sentence_54f72ea5f0765a10339249c7,where broadcasting (see :numref:`subsec_broadcasting`) is applied during the summation.,0,87,6,18,c22620a96e3fbd97526f13ea9ccf508307d1175ea9bb8d3a5b6dfefb098a3f7f,CORPUS_EXTRACTED,EXACT_SOURCE_SUBSTRING,BACKUP,C2,d2lce_499fa9391d57e930a19f1b19,d2l_selected_campaign_scope_v1,PASS_CORPUS_EXTRACTED,"Exact source substring, hashes, provenance, and offsets verified.",False,True,ctx_6b24258694566dc3b24b4311,599b62c1fee734f29c1bbb88ca8552b639f44abd3f3d9f30ab8d9876b5fcd80e,d2l_methodology_corpus_origin_audit,1.0.0
ctx_6b4538e13f992accaeacc9f0,document,d2l_convolutional_neural_networks,d2l_convolutional_neural_networks_lenet_b003,sentence_8230bc88b9e9601dbb015f2d,"In this section, we will introduce *LeNet*,
among the first published CNNs
to capture wide attention for its performance on computer vision tasks.",0,146,91,100,c22620a96e3fbd97526f13ea9ccf508307d1175ea9bb8d3a5b6dfefb098a3f7f,CORPUS_EXTRACTED,EXACT_SOURCE_SUBSTRING,UNSELECTED,NONE,d2lce_4a5f20bb32b66b1f07d9f37a,d2l_selected_campaign_scope_v1,PASS_CORPUS_EXTRACTED,"Exact source substring, hashes, provenance, and offsets verified.",False,False,ctx_6b4538e13f992accaeacc9f0,d0af26bcd2b0429636dfa676d72e0327ffd92cd764715785956ebc24b809e170,d2l_methodology_corpus_origin_audit,1.0.0
ctx_6b5fc1533573098a302c2aa6,document,d2l_multilayer_perceptrons,d2l_multilayer_perceptrons_index_b002,sentence_fd05c8e08bde591ad667d072,When we train high-capacity models we run the risk of overfitting.,308,374,8,13,c22620a96e3fbd97526f13ea9ccf508307d1175ea9bb8d3a5b6dfefb098a3f7f,CORPUS_EXTRACTED,EXACT_SOURCE_SUBSTRING,PRIMARY,C3,d2lce_d1ca2fd5568e11a79b1b3366,d2l_selected_campaign_scope_v1,PASS_CORPUS_EXTRACTED,"Exact source substring, hashes, provenance, and offsets verified.",True,True,ctx_6b5fc1533573098a302c2aa6,07512d5ab2d84fa212a13b42198723e6e7a7bdddb314f3e92f5a591193f31880,d2l_methodology_corpus_origin_audit,1.0.0
ctx_6b687a2d2cfec26c4434d515,document,d2l_computer_vision,d2l_computer_vision_neural_style_b003,sentence_753438ce17abfe7cd5a9eacf,"In this section, we will
leverage layerwise representations of a CNN
to automatically apply the style of one image
to another image, i.e., *style transfer* :cite:`Gatys.Ecker.Bethge.2016`.",0,188,140,154,c22620a96e3fbd97526f13ea9ccf508307d1175ea9bb8d3a5b6dfefb098a3f7f,CORPUS_EXTRACTED,EXACT_SOURCE_SUBSTRING,PRIMARY,C3,d2lce_041add3a2f3aa452408a5384,d2l_selected_campaign_scope_v1,PASS_CORPUS_EXTRACTED,"Exact source substring, hashes, provenance, and offsets verified.",True,True,ctx_6b687a2d2cfec26c4434d515,fdc458dae9de1e9a0311b5c435a480e75942b01d4578ae70c18dc73497efe3dd,d2l_methodology_corpus_origin_audit,1.0.0
ctx_6b7bea549646404f1beed42e,document,d2l_linear_networks,d2l_linear_networks_softmax_regression_b013,sentence_0e659cc3bf775c089b2fd12f,"To address classification with linear models,
we will need as many affine functions as we have outputs.",147,250,3,10,c22620a96e3fbd97526f13ea9ccf508307d1175ea9bb8d3a5b6dfefb098a3f7f,CORPUS_EXTRACTED,EXACT_SOURCE_SUBSTRING,PRIMARY,C1,d2lce_89406dadb8c277a1b688698c,d2l_selected_campaign_scope_v1,PASS_CORPUS_EXTRACTED,"Exact source substring, hashes, provenance, and offsets verified.",True,True,ctx_6b7bea549646404f1beed42e,9d33aa53cc4aee03a8d97b83819e89e6462a8b66cc4bab12dbad96fd0c622602,d2l_methodology_corpus_origin_audit,1.0.0
ctx_6ba311f80c075eceefec2cba,document,d2l_convolutional_neural_networks,d2l_convolutional_neural_networks_why_conv_b042,sentence_db0493e3a64b2c51cd59409b,"We also need to decide how to compute things efficiently,
how to combine multiple layers,
appropriate activation functions,
and how to make reasonable design choices
to yield networks that are effective in practice.",215,430,102,122,c22620a96e3fbd97526f13ea9ccf508307d1175ea9bb8d3a5b6dfefb098a3f7f,CORPUS_EXTRACTED,EXACT_SOURCE_SUBSTRING,BACKUP,C3,d2lce_e0c693366d811581abbb9e74,d2l_selected_campaign_scope_v1,PASS_CORPUS_EXTRACTED,"Exact source substring, hashes, provenance, and offsets verified.",False,True,ctx_6ba311f80c075eceefec2cba,1c2369d379a3ffb18ad5f2ad7310bf7a3ec1690ba19f730093824f3f1131808e,d2l_methodology_corpus_origin_audit,1.0.0
ctx_6bd7c851fbe0b08184549738,document,d2l_computational_performance,d2l_computational_performance_hardware_b023,sentence_2b09bdd8ad1888181091be1a,"The drives capable of handling this, referred to as NVMe (Non Volatile Memory enhanced), can use up to 4 PCIe lanes.",1031,1147,110,115,c22620a96e3fbd97526f13ea9ccf508307d1175ea9bb8d3a5b6dfefb098a3f7f,CORPUS_EXTRACTED,EXACT_SOURCE_SUBSTRING,PRIMARY,C4,d2lce_54e0621e7c3812cb511231dc,d2l_selected_campaign_scope_v1,PASS_CORPUS_EXTRACTED,"Exact source substring, hashes, provenance, and offsets verified.",True,True,ctx_6bd7c851fbe0b08184549738,25118c05c49530c7cf38cfbad2d33dd104a1a9f9f96544984f95dca169ea4580,d2l_methodology_corpus_origin_audit,1.0.0
ctx_6bf5da537a25d356b2e5e0ac,document,d2l_multilayer_perceptrons,d2l_multilayer_perceptrons_mlp_b025,sentence_a1cb1adeff076c6055791d07,"You might think of your neural network
as being a bit like the C programming language.",573,659,50,53,c22620a96e3fbd97526f13ea9ccf508307d1175ea9bb8d3a5b6dfefb098a3f7f,CORPUS_EXTRACTED,EXACT_SOURCE_SUBSTRING,BACKUP,C3,d2lce_53c32398310471fac3dacf35,d2l_selected_campaign_scope_v1,PASS_CORPUS_EXTRACTED,"Exact source substring, hashes, provenance, and offsets verified.",False,True,ctx_6bf5da537a25d356b2e5e0ac,6339364eec3594b19a15be0c9627fbf479c89ab09f81644392f0ab1cc931ea11,d2l_methodology_corpus_origin_audit,1.0.0
ctx_6bf957c26c6e143256cdd035,document,d2l_preliminaries,d2l_preliminaries_linear_algebra_b130,sentence_3b08b288fd282f3652131b0b,"When the weights are non-negative
and sum to one (i.e., $\left(\sum_{i=1}^{d} {w_i} = 1\right)$),
the dot product expresses a *weighted average*.",359,504,127,143,c22620a96e3fbd97526f13ea9ccf508307d1175ea9bb8d3a5b6dfefb098a3f7f,CORPUS_EXTRACTED,EXACT_SOURCE_SUBSTRING,BACKUP,C2,d2lce_a3e7228aef125ec437a840fa,d2l_selected_campaign_scope_v1,PASS_CORPUS_EXTRACTED,"Exact source substring, hashes, provenance, and offsets verified.",False,True,ctx_6bf957c26c6e143256cdd035,197c1603b103525352186d87710b8c757ea98e5a39cee0dafa84e25534a41619,d2l_methodology_corpus_origin_audit,1.0.0
ctx_6bfa4b829229eac81f6930d5,document,d2l_generative_adversarial_networks,d2l_generative_adversarial_networks_dcgan_b048,sentence_e92b9db645038c40d69db5f3,The hyperparameters of the convolution layer are similar to the transpose convolution layer in the generator block.,129,244,64,91,c22620a96e3fbd97526f13ea9ccf508307d1175ea9bb8d3a5b6dfefb098a3f7f,CORPUS_EXTRACTED,EXACT_SOURCE_SUBSTRING,BACKUP,C2,d2lce_b63485c15ac13f80b0d98676,d2l_selected_campaign_scope_v1,PASS_CORPUS_EXTRACTED,"Exact source substring, hashes, provenance, and offsets verified.",False,True,ctx_6bfa4b829229eac81f6930d5,8614c8ad2f3604961f139b98a73c3ca82e54fde79cff3032b65725baff70af29,d2l_methodology_corpus_origin_audit,1.0.0
ctx_6bfd2b1f7968c3e4e607ba4a,document,d2l_convolutional_neural_networks,d2l_convolutional_neural_networks_why_conv_b046,sentence_61e464969ed6fde0160604a1,"Show that in this case the convolution kernel
   implements an MLP independently for each set of channels.",70,176,27,45,c22620a96e3fbd97526f13ea9ccf508307d1175ea9bb8d3a5b6dfefb098a3f7f,CORPUS_EXTRACTED,EXACT_SOURCE_SUBSTRING,BACKUP,C3,d2lce_7c27fa40b039d07e81508741,d2l_selected_campaign_scope_v1,PASS_CORPUS_EXTRACTED,"Exact source substring, hashes, provenance, and offsets verified.",False,True,ctx_6bfd2b1f7968c3e4e607ba4a,54f40c2d5b8b01f938abb13233459c0af5ac57173e7776d9f1ad907bf846372c,d2l_methodology_corpus_origin_audit,1.0.0
ctx_6c0d6d0d558005aaf9be6fc3,document,d2l_recurrent_modern,d2l_recurrent_modern_lstm_b020,sentence_d9eab84c98c32b0f1e563a2d,"If the forget gate is always approximately 1 and the input gate is always approximately 0, the past memory cells $\mathbf{C}_{t-1}$ will be saved over time and passed to the current time step.",0,192,53,63,c22620a96e3fbd97526f13ea9ccf508307d1175ea9bb8d3a5b6dfefb098a3f7f,CORPUS_EXTRACTED,EXACT_SOURCE_SUBSTRING,PRIMARY,C1,d2lce_c6c1c6e96c39b88a9f94e8d9,d2l_selected_campaign_scope_v1,PASS_CORPUS_EXTRACTED,"Exact source substring, hashes, provenance, and offsets verified.",True,True,ctx_6c0d6d0d558005aaf9be6fc3,8006c90c98149f20737509823d529a10e800a6abccc1da893da773aa251661ad,d2l_methodology_corpus_origin_audit,1.0.0
ctx_6c1b00ba70e27b85908261c3,document,d2l_recommender_systems,d2l_recommender_systems_neumf_b001,sentence_6ea18aee65aded46371b7a8b,# Neural Collaborative Filtering for Personalized Ranking,0,57,9,32,c22620a96e3fbd97526f13ea9ccf508307d1175ea9bb8d3a5b6dfefb098a3f7f,CORPUS_EXTRACTED,EXACT_SOURCE_SUBSTRING,PRIMARY,C3,d2lce_fb9ad6a6ac7e4ba9167913e1,d2l_selected_campaign_scope_v1,PASS_CORPUS_EXTRACTED,"Exact source substring, hashes, provenance, and offsets verified.",True,True,ctx_6c1b00ba70e27b85908261c3,ec674616e52267fe58daa78b244013eb084bc7e3623517c55f971a34e560c59e,d2l_methodology_corpus_origin_audit,1.0.0
ctx_6c3c6612ebc8fab20277caea,document,d2l_convolutional_modern,d2l_convolutional_modern_batch_norm_b012,sentence_a6cd5581e6e5eb14ac2087a4,"some other magic number) is an arbitrary choice,
we commonly include elementwise
*scale parameter* $\boldsymbol{\gamma}$ and *shift parameter* $\boldsymbol{\beta}$
that have the same shape as $\mathbf{x}$.",322,527,157,161,c22620a96e3fbd97526f13ea9ccf508307d1175ea9bb8d3a5b6dfefb098a3f7f,CORPUS_EXTRACTED,EXACT_SOURCE_SUBSTRING,PRIMARY,C1,d2lce_20a7e6887718c68fb6b88a05,d2l_selected_campaign_scope_v1,PASS_CORPUS_EXTRACTED,"Exact source substring, hashes, provenance, and offsets verified.",True,True,ctx_6c3c6612ebc8fab20277caea,833aa1d94ad9ace6c7d57621f4d7a036f468f65e3ca2438161674432c65d9ef8,d2l_methodology_corpus_origin_audit,1.0.0
ctx_6c4a5e45653e72a9298bb89a,document,d2l_linear_networks,d2l_linear_networks_linear_regression_b045,sentence_69ff650f7bae88a37cd7ce51,"We emphasize that the values of the batch size and learning rate
are manually pre-specified and not typically learned through model training.",386,527,51,64,c22620a96e3fbd97526f13ea9ccf508307d1175ea9bb8d3a5b6dfefb098a3f7f,CORPUS_EXTRACTED,EXACT_SOURCE_SUBSTRING,BACKUP,C2,d2lce_cc4cb853eff638abcbdf7691,d2l_selected_campaign_scope_v1,PASS_CORPUS_EXTRACTED,"Exact source substring, hashes, provenance, and offsets verified.",False,True,ctx_6c4a5e45653e72a9298bb89a,877a94db9ae31ff07736f927069abd4a7b0ece4471aaaab941648180dc89effa,d2l_methodology_corpus_origin_audit,1.0.0
ctx_6c651c750bd61ecf09196999,document,d2l_linear_networks,d2l_linear_networks_linear_regression_concise_b032,sentence_f1271ecfc4d3015f4cf98fc7,This module provides various methods for model parameter initialization.,71,143,57,71,c22620a96e3fbd97526f13ea9ccf508307d1175ea9bb8d3a5b6dfefb098a3f7f,CORPUS_EXTRACTED,EXACT_SOURCE_SUBSTRING,PRIMARY,C2,d2lce_8373decbb6e405f0386ec8a0,d2l_selected_campaign_scope_v1,PASS_CORPUS_EXTRACTED,"Exact source substring, hashes, provenance, and offsets verified.",True,True,ctx_6c651c750bd61ecf09196999,a37c5b3271012b3871826a59890b35276a787772835e86500eb01056062afc5d,d2l_methodology_corpus_origin_audit,1.0.0
ctx_6c68ff8f58bf4e101cf66d9f,document,d2l_natural_language_processing_pretraining,d2l_natural_language_processing_pretraining_word_embedding_dataset_b031,sentence_35c6bbcba6cbab670d1fbbd7,"To sample noise words according to 
a predefined distribution,
we define the following `RandomGenerator` class,
where the (possibly unnormalized) sampling distribution is passed
via the argument `sampling_weights`.",52,266,10,21,c22620a96e3fbd97526f13ea9ccf508307d1175ea9bb8d3a5b6dfefb098a3f7f,CORPUS_EXTRACTED,EXACT_SOURCE_SUBSTRING,PRIMARY,C1,d2lce_5c270f3b3ebe4f0059649e18,d2l_selected_campaign_scope_v1,PASS_CORPUS_EXTRACTED,"Exact source substring, hashes, provenance, and offsets verified.",True,True,ctx_6c68ff8f58bf4e101cf66d9f,403f26f0edbc25801c0f5663539ab399702ed44695f9cc9dc4b3e0b460b2f36a,d2l_methodology_corpus_origin_audit,1.0.0
ctx_6c7cc3e81d29fe5dcb962f5f,document,d2l_deep_learning_computation,d2l_deep_learning_computation_index_b003,sentence_d2212eb9f9ae14979349b33d,"In this chapter, we will peel back the curtain,
digging deeper into the key components of deep learning computation,
namely model construction, parameter access and initialization,
designing custom layers and blocks, reading and writing models to disk,
and leveraging GPUs to achieve dramatic speedups.",407,709,191,204,c22620a96e3fbd97526f13ea9ccf508307d1175ea9bb8d3a5b6dfefb098a3f7f,CORPUS_EXTRACTED,EXACT_SOURCE_SUBSTRING,BACKUP,C1,d2lce_4d2b37402e25d2f56746ea23,d2l_selected_campaign_scope_v1,PASS_CORPUS_EXTRACTED,"Exact source substring, hashes, provenance, and offsets verified.",False,True,ctx_6c7cc3e81d29fe5dcb962f5f,733d6a1aefc880a2363d8da8ba4a57aa042acf5fb7ea5af7253e1aa234962a65,d2l_methodology_corpus_origin_audit,1.0.0
ctx_6c8b329324bfcbe371ac4b63,document,d2l_recurrent_modern,d2l_recurrent_modern_seq2seq_b085,sentence_857a74e94a039a7a6f0de9bd,"In the end,
we use the trained RNN encoder-decoder
to [**translate a few English sentences into French**]
and compute the BLEU of the results.",0,142,31,50,c22620a96e3fbd97526f13ea9ccf508307d1175ea9bb8d3a5b6dfefb098a3f7f,CORPUS_EXTRACTED,EXACT_SOURCE_SUBSTRING,BACKUP,C1,d2lce_43488a3e1f15598ac9b1b6bc,d2l_selected_campaign_scope_v1,PASS_CORPUS_EXTRACTED,"Exact source substring, hashes, provenance, and offsets verified.",False,True,ctx_6c8b329324bfcbe371ac4b63,542828d317c86269307b88017505a4096e314cbd9cda2260e6c72dedee151e62,d2l_methodology_corpus_origin_audit,1.0.0
ctx_6cb98f8df6d9db9e167c2f2f,document,d2l_appendix_mathematics_for_deep_learning,d2l_appendix_mathematics_for_deep_learning_integral_calculus_b003,sentence_4640b993a010814033ff059c,"At the level of machine learning we discuss in this book, we will not need a deep understanding of integration.",0,111,99,110,c22620a96e3fbd97526f13ea9ccf508307d1175ea9bb8d3a5b6dfefb098a3f7f,CORPUS_EXTRACTED,EXACT_SOURCE_SUBSTRING,PRIMARY,C3,d2lce_9372cdb5752db6ba6fa38fbd,d2l_selected_campaign_scope_v1,PASS_CORPUS_EXTRACTED,"Exact source substring, hashes, provenance, and offsets verified.",True,True,ctx_6cb98f8df6d9db9e167c2f2f,37f66ab3536d8c8d88f6dfc02a63b6e141c26fee5078e6ca049e0a93bf25b2e0,d2l_methodology_corpus_origin_audit,1.0.0
ctx_6d18c54fb03ed4d0a466cdac,document,d2l_optimization,d2l_optimization_optimization_intro_b032,sentence_453ed9cc1b53ac8cf9033180,This turns out to be one of the reasons that training deep learning models was quite tricky prior to the introduction of the ReLU activation function.,510,660,125,140,c22620a96e3fbd97526f13ea9ccf508307d1175ea9bb8d3a5b6dfefb098a3f7f,CORPUS_EXTRACTED,EXACT_SOURCE_SUBSTRING,BACKUP,C1,d2lce_42900db05a19228ce33eafe0,d2l_selected_campaign_scope_v1,PASS_CORPUS_EXTRACTED,"Exact source substring, hashes, provenance, and offsets verified.",False,True,ctx_6d18c54fb03ed4d0a466cdac,54c1986359028eeefab1ab97fcc39d667f7bdd4d9e87f224247f7ed8258f35d7,d2l_methodology_corpus_origin_audit,1.0.0
ctx_6d80c41ae40afac77df593a2,document,d2l_computer_vision,d2l_computer_vision_anchor_b066,sentence_7b6cca6b99387b09c9f4be4e,"Denoting by $p$ the largest predicted likelihood,
the class corresponding to this probability is the predicted class for $B$.",156,281,38,48,c22620a96e3fbd97526f13ea9ccf508307d1175ea9bb8d3a5b6dfefb098a3f7f,CORPUS_EXTRACTED,EXACT_SOURCE_SUBSTRING,PRIMARY,C1,d2lce_a1d9f9c783c09cc52dedbe55,d2l_selected_campaign_scope_v1,PASS_CORPUS_EXTRACTED,"Exact source substring, hashes, provenance, and offsets verified.",True,True,ctx_6d80c41ae40afac77df593a2,92c60c78617fc0f945a903eea1d68ea4d79d85c2a2d0aefbb0c15a9a228e98dd,d2l_methodology_corpus_origin_audit,1.0.0
ctx_6df8135b377047f7113ec544,document,d2l_preliminaries,d2l_preliminaries_probability_b065,sentence_374e649b1f5f40e7a1945f3c,"Assume that the population is quite healthy, e.g., $P(H=1) = 0.0015$.",378,447,16,26,c22620a96e3fbd97526f13ea9ccf508307d1175ea9bb8d3a5b6dfefb098a3f7f,CORPUS_EXTRACTED,EXACT_SOURCE_SUBSTRING,BACKUP,C3,d2lce_b0fd0234a2a3049734e8011c,d2l_selected_campaign_scope_v1,PASS_CORPUS_EXTRACTED,"Exact source substring, hashes, provenance, and offsets verified.",False,True,ctx_6df8135b377047f7113ec544,9175d13ae96cb31f0c0705396db94c47d083b8bf721e7f0f95514f2d25b1b12b,d2l_methodology_corpus_origin_audit,1.0.0
ctx_6e3c3388630aea54771ba51c,document,d2l_attention_mechanisms,d2l_attention_mechanisms_attention_cues_b014,sentence_148cff5fea05df5b2c3e4f97,"As shown in :numref:`fig_qkv`,
we can design attention pooling
so that the given query (volitional cue) can interact with keys (nonvolitional cues),
which guides bias selection over values (sensory inputs).",568,774,128,146,c22620a96e3fbd97526f13ea9ccf508307d1175ea9bb8d3a5b6dfefb098a3f7f,CORPUS_EXTRACTED,EXACT_SOURCE_SUBSTRING,PRIMARY,C3,d2lce_abae8f75b732ffe9c8a965c0,d2l_selected_campaign_scope_v1,PASS_CORPUS_EXTRACTED,"Exact source substring, hashes, provenance, and offsets verified.",True,True,ctx_6e3c3388630aea54771ba51c,5214e2323291da92464772fc8a0c1d7eca660d3757e2181474bc4032ab9ee3b5,d2l_methodology_corpus_origin_audit,1.0.0
ctx_6e5eabbf33032ac2428b591c,document,d2l_attention_mechanisms,d2l_attention_mechanisms_attention_cues_b006,sentence_bb624538ad20c0f788c924c6,"In this framework,
subjects selectively direct the spotlight of attention
using both the *nonvolitional cue* and *volitional cue*.",246,376,114,128,c22620a96e3fbd97526f13ea9ccf508307d1175ea9bb8d3a5b6dfefb098a3f7f,CORPUS_EXTRACTED,EXACT_SOURCE_SUBSTRING,PRIMARY,C1,d2lce_ad03ff147d19eb2ea47d5b0e,d2l_selected_campaign_scope_v1,PASS_CORPUS_EXTRACTED,"Exact source substring, hashes, provenance, and offsets verified.",True,True,ctx_6e5eabbf33032ac2428b591c,236fe630316d1f71172afff2762f82a67a218f50ffde770ee77c4c2aa51eac6e,d2l_methodology_corpus_origin_audit,1.0.0
ctx_6e7571c8f722862870d999c0,document,d2l_computer_vision,d2l_computer_vision_rcnn_b031,sentence_c6de77c689c61b3015675bd5,The remaining  predicted bounding boxes for objects are the region proposals required by the region of interest pooling layer.,679,805,93,125,c22620a96e3fbd97526f13ea9ccf508307d1175ea9bb8d3a5b6dfefb098a3f7f,CORPUS_EXTRACTED,EXACT_SOURCE_SUBSTRING,BACKUP,C2,d2lce_88251c1ff8b5d3756955ca7b,d2l_selected_campaign_scope_v1,PASS_CORPUS_EXTRACTED,"Exact source substring, hashes, provenance, and offsets verified.",False,True,ctx_6e7571c8f722862870d999c0,52307a359b7e3319f056e58669eb3602ba777b82bda07bfae4f0b11a360e08b6,d2l_methodology_corpus_origin_audit,1.0.0
ctx_6ea774a351b38a9d8f40a14a,document,d2l_recommender_systems,d2l_recommender_systems_ranking_b005,sentence_2b9f8ba4d8919fcc730de714,The training data of BPR consists of both positive and negative pairs (missing values).,239,326,21,24,c22620a96e3fbd97526f13ea9ccf508307d1175ea9bb8d3a5b6dfefb098a3f7f,CORPUS_EXTRACTED,EXACT_SOURCE_SUBSTRING,BACKUP,C2,d2lce_0dbb5a3cc045f69a43d09a7a,d2l_selected_campaign_scope_v1,PASS_CORPUS_EXTRACTED,"Exact source substring, hashes, provenance, and offsets verified.",False,True,ctx_6ea774a351b38a9d8f40a14a,02711e6e37c209771b628e3afc558ccd2aad4944a024d2e98c226a2d6668a000,d2l_methodology_corpus_origin_audit,1.0.0
ctx_6f061caa3cf5adf9643ce3cf,document,d2l_recommender_systems,d2l_recommender_systems_mf_b004,sentence_854f69475565dbe45c2494f9,Matrix factorization is a class of collaborative filtering models.,0,66,35,58,c22620a96e3fbd97526f13ea9ccf508307d1175ea9bb8d3a5b6dfefb098a3f7f,CORPUS_EXTRACTED,EXACT_SOURCE_SUBSTRING,BACKUP,C3,d2lce_fb9ad6a6ac7e4ba9167913e1,d2l_selected_campaign_scope_v1,PASS_CORPUS_EXTRACTED,"Exact source substring, hashes, provenance, and offsets verified.",False,True,ctx_6f061caa3cf5adf9643ce3cf,daee81520fb1352492c8690eeb8ab171a525aa7514543d3aed4d5c565c89a117,d2l_methodology_corpus_origin_audit,1.0.0
ctx_6f54563163ae90a7881eb6fe,document,d2l_attention_mechanisms,d2l_attention_mechanisms_attention_cues_b013,sentence_5e4c2f84f474fff9ba694ef3,"To begin with, consider the simpler case where only
nonvolitional cues are available.",0,85,52,70,c22620a96e3fbd97526f13ea9ccf508307d1175ea9bb8d3a5b6dfefb098a3f7f,CORPUS_EXTRACTED,EXACT_SOURCE_SUBSTRING,PRIMARY,C2,d2lce_abae8f75b732ffe9c8a965c0,d2l_selected_campaign_scope_v1,PASS_CORPUS_EXTRACTED,"Exact source substring, hashes, provenance, and offsets verified.",True,True,ctx_6f54563163ae90a7881eb6fe,7f09f0257fa5344a59bd4c9c6660a2add9ef81034adfd6ab18267c0be020cda3,d2l_methodology_corpus_origin_audit,1.0.0
ctx_6f956d52b9739e7911277754,document,d2l_appendix_tools_for_deep_learning,d2l_appendix_tools_for_deep_learning_selecting_servers_gpus_b005,sentence_5006a4f46343f60b705519ee,We recommend PCIe 3.0 slots with 16 lanes.,931,973,36,41,c22620a96e3fbd97526f13ea9ccf508307d1175ea9bb8d3a5b6dfefb098a3f7f,CORPUS_EXTRACTED,EXACT_SOURCE_SUBSTRING,BACKUP,C4,d2lce_54e0621e7c3812cb511231dc,d2l_selected_campaign_scope_v1,PASS_CORPUS_EXTRACTED,"Exact source substring, hashes, provenance, and offsets verified.",False,True,ctx_6f956d52b9739e7911277754,f7d0ce8815780f23c97c34ac9966e64e22cd68929245199250d6494ab9c9bf48,d2l_methodology_corpus_origin_audit,1.0.0
ctx_6f97e9a634e8f6551250acc0,document,d2l_natural_language_processing_pretraining,d2l_natural_language_processing_pretraining_approx_training_b006,sentence_22ab63bdc2bc3ad0ba997dc1,Negative sampling modifies the original objective function.,0,59,40,49,c22620a96e3fbd97526f13ea9ccf508307d1175ea9bb8d3a5b6dfefb098a3f7f,CORPUS_EXTRACTED,EXACT_SOURCE_SUBSTRING,PRIMARY,C3,d2lce_cf168d11faf5e675efa7e0a3,d2l_selected_campaign_scope_v1,PASS_CORPUS_EXTRACTED,"Exact source substring, hashes, provenance, and offsets verified.",True,True,ctx_6f97e9a634e8f6551250acc0,330ac6d7528f86881757631e4a6d9bdb9e491270c784610097f2d04e805affe1,d2l_methodology_corpus_origin_audit,1.0.0
ctx_6fa666b3c596ae376a5d62df,document,d2l_natural_language_processing_pretraining,d2l_natural_language_processing_pretraining_word2vec_b001,sentence_0c0693e9549cd69d72226201,"# Word Embedding (word2vec)
:label:`sec_word2vec`",0,49,2,16,c22620a96e3fbd97526f13ea9ccf508307d1175ea9bb8d3a5b6dfefb098a3f7f,CORPUS_EXTRACTED,EXACT_SOURCE_SUBSTRING,PRIMARY,C1,d2lce_ce222dd206341f61f2986f7a,d2l_selected_campaign_scope_v1,PASS_CORPUS_EXTRACTED,"Exact source substring, hashes, provenance, and offsets verified.",True,True,ctx_6fa666b3c596ae376a5d62df,dd6c3f374185dbb7f66412bb92df6ec61467b1e02062797e47960da83357ad5f,d2l_methodology_corpus_origin_audit,1.0.0
ctx_6fba33e1194891da74822687,document,d2l_generative_adversarial_networks,d2l_generative_adversarial_networks_gan_b008,sentence_265b9c5d6489e7d62400252e,"Typically, the discriminator outputs a scalar prediction $o\in\mathbb R$ for input $\mathbf x$, such as using a dense layer with hidden size 1, and then applies sigmoid function to obtain the predicted probability $D(\mathbf x) = 1/(1+e^{-o})$.",128,372,161,168,c22620a96e3fbd97526f13ea9ccf508307d1175ea9bb8d3a5b6dfefb098a3f7f,CORPUS_EXTRACTED,EXACT_SOURCE_SUBSTRING,PRIMARY,C1,d2lce_00f50f89defd8652bb8c429e,d2l_selected_campaign_scope_v1,PASS_CORPUS_EXTRACTED,"Exact source substring, hashes, provenance, and offsets verified.",True,True,ctx_6fba33e1194891da74822687,048a06400163659d6af5b7fba5ddb21267366c62ce1f7820edcf10ee37ea51be,d2l_methodology_corpus_origin_audit,1.0.0
ctx_6fbe686636eef2e18f361982,document,d2l_linear_networks,d2l_linear_networks_softmax_regression_concise_b008,sentence_e8489670bf2d0efd927a4df6,"Again, we initialize the weights at random
with zero mean and standard deviation 0.01.",380,466,48,57,c22620a96e3fbd97526f13ea9ccf508307d1175ea9bb8d3a5b6dfefb098a3f7f,CORPUS_EXTRACTED,EXACT_SOURCE_SUBSTRING,PRIMARY,C1,d2lce_eae5d94b4d2b73165c5d8795,d2l_selected_campaign_scope_v1,PASS_CORPUS_EXTRACTED,"Exact source substring, hashes, provenance, and offsets verified.",True,True,ctx_6fbe686636eef2e18f361982,6c0a5a7d76cd96d1dbc2b96a73b1622ad98f735ba6f82ce762b8a2afb402b2f8,d2l_methodology_corpus_origin_audit,1.0.0
ctx_6fcdbf49cf1b09495f5babfd,document,d2l_computational_performance,d2l_computational_performance_async_computation_b014,sentence_374081957708be44aec706d4,"```{.python .input}
#@tab pytorch
with d2l.Benchmark():
    for _ in range(10):
        a = torch.randn(size=(1000, 1000), device=device)
        b = torch.mm(a, a)
    torch.cuda.synchronize(device)
```",0,203,175,179,c22620a96e3fbd97526f13ea9ccf508307d1175ea9bb8d3a5b6dfefb098a3f7f,CORPUS_EXTRACTED,EXACT_SOURCE_SUBSTRING,BACKUP,C3,d2lce_ebd36388b50538b928ebbb4a,d2l_selected_campaign_scope_v1,PASS_CORPUS_EXTRACTED,"Exact source substring, hashes, provenance, and offsets verified.",False,True,ctx_6fcdbf49cf1b09495f5babfd,97157c9dd507c4f14166c4e15d1763d81bc379c71ce44c41f51db81c9de5e42a,d2l_methodology_corpus_origin_audit,1.0.0
ctx_6ff3b3d4b6e66d2fc939f8c0,document,d2l_appendix_mathematics_for_deep_learning,d2l_appendix_mathematics_for_deep_learning_eigendecomposition_b032,sentence_7db1f1af91b3102c91fd5699,"## Operations on Eigendecompositions
One nice thing about eigendecompositions :eqref:`eq_eig_decomp` is that 
we can write many operations we usually encounter cleanly 
in terms of the eigendecomposition.",0,204,17,36,c22620a96e3fbd97526f13ea9ccf508307d1175ea9bb8d3a5b6dfefb098a3f7f,CORPUS_EXTRACTED,EXACT_SOURCE_SUBSTRING,PRIMARY,C1,d2lce_10d4d01fa40b67d92527e5ed,d2l_selected_campaign_scope_v1,PASS_CORPUS_EXTRACTED,"Exact source substring, hashes, provenance, and offsets verified.",True,True,ctx_6ff3b3d4b6e66d2fc939f8c0,fdd4372a4377069bf114d265b0610319f68fe84dca42fc79f5235060f6cee96f,d2l_methodology_corpus_origin_audit,1.0.0
ctx_6ffc67805f59c483874ce07b,document,d2l_multilayer_perceptrons,d2l_multilayer_perceptrons_kaggle_house_price_b077,sentence_92b91fb8be6ab4ce216a5733,What happens if we do not standardize the continuous numerical features like what we have done in this section?,584,695,26,37,c22620a96e3fbd97526f13ea9ccf508307d1175ea9bb8d3a5b6dfefb098a3f7f,CORPUS_EXTRACTED,EXACT_SOURCE_SUBSTRING,BACKUP,C1,d2lce_d53294d467b28b07bf000b10,d2l_selected_campaign_scope_v1,PASS_CORPUS_EXTRACTED,"Exact source substring, hashes, provenance, and offsets verified.",False,True,ctx_6ffc67805f59c483874ce07b,d0a912b31b2b7d0d835c9e0c717e35f26421ad1a9a2e085703b17023cff1a20c,d2l_methodology_corpus_origin_audit,1.0.0
ctx_6ffe6a41763c493d385a9d08,document,d2l_recurrent_modern,d2l_recurrent_modern_bi_rnn_b025,sentence_ab0a2d6ccf4534d8bf82b09a,:numref:`fig_birnn` illustrates the architecture of a bidirectional RNN with a single hidden layer.,491,590,54,71,c22620a96e3fbd97526f13ea9ccf508307d1175ea9bb8d3a5b6dfefb098a3f7f,CORPUS_EXTRACTED,EXACT_SOURCE_SUBSTRING,BACKUP,C1,d2lce_80f4d6555a6ea1d2e5e881a1,d2l_selected_campaign_scope_v1,PASS_CORPUS_EXTRACTED,"Exact source substring, hashes, provenance, and offsets verified.",False,True,ctx_6ffe6a41763c493d385a9d08,fe08650dd528f96e995f8fbb74efe3eb9a94cdbf2edd8dc0a8012a7fade1ca44,d2l_methodology_corpus_origin_audit,1.0.0
ctx_700213fde2209115e3d7cfe0,document,d2l_appendix_mathematics_for_deep_learning,d2l_appendix_mathematics_for_deep_learning_index_b012,sentence_853642f37d8f953af6e3e685,"```toc
:maxdepth: 2

geometry-linear-algebraic-ops
eigendecomposition
single-variable-calculus
multivariable-calculus
integral-calculus
random-variables
maximum-likelihood
distributions
naive-bayes
statistics
information-theory
```",0,231,51,69,c22620a96e3fbd97526f13ea9ccf508307d1175ea9bb8d3a5b6dfefb098a3f7f,CORPUS_EXTRACTED,EXACT_SOURCE_SUBSTRING,PRIMARY,C4,d2lce_10d4d01fa40b67d92527e5ed,d2l_selected_campaign_scope_v1,PASS_CORPUS_EXTRACTED,"Exact source substring, hashes, provenance, and offsets verified.",True,True,ctx_700213fde2209115e3d7cfe0,b2d823e09a327f8f5f54a42b4cda46e3d57b9cfce5dec3e18521936dce03e5b7,d2l_methodology_corpus_origin_audit,1.0.0
ctx_700b11b81ca2e72692a5a10b,document,d2l_computer_vision,d2l_computer_vision_transposed_conv_b027,sentence_6b0df839953815ad0075f10a,"As in all, if we feed $\mathsf{X}$ into a convolutional layer $f$ to output $\mathsf{Y}=f(\mathsf{X})$ and create a transposed convolutional layer $g$ with the same hyperparameters as $f$ except 
for the number of output channels 
being the number of channels in $\mathsf{X}$,
then $g(Y)$ will have the same shape as $\mathsf{X}$.",0,330,116,146,c22620a96e3fbd97526f13ea9ccf508307d1175ea9bb8d3a5b6dfefb098a3f7f,CORPUS_EXTRACTED,EXACT_SOURCE_SUBSTRING,PRIMARY,C1,d2lce_b63485c15ac13f80b0d98676,d2l_selected_campaign_scope_v1,PASS_CORPUS_EXTRACTED,"Exact source substring, hashes, provenance, and offsets verified.",True,True,ctx_700b11b81ca2e72692a5a10b,428ae0a653ac8a21956c2b237e2f224cd19f6127faa14337f31531b1bceda7db,d2l_methodology_corpus_origin_audit,1.0.0
ctx_705c90ebb1cd32c03359a437,document,d2l_computational_performance,d2l_computational_performance_hardware_b023,sentence_adc5c237f8c7b88ef7f5e973,* The memory cells in SSDs wear out relatively quickly (often already after a few thousand writes).,627,726,22,26,c22620a96e3fbd97526f13ea9ccf508307d1175ea9bb8d3a5b6dfefb098a3f7f,CORPUS_EXTRACTED,EXACT_SOURCE_SUBSTRING,PRIMARY,C2,d2lce_355f5686f2178281893eb6cb,d2l_selected_campaign_scope_v1,PASS_CORPUS_EXTRACTED,"Exact source substring, hashes, provenance, and offsets verified.",True,True,ctx_705c90ebb1cd32c03359a437,df5d3c52266ea42b4de903c305843ac6211b8df2bce52b2740b5872cd41feaef,d2l_methodology_corpus_origin_audit,1.0.0
ctx_71176d223ed033be9203e626,document,d2l_linear_networks,d2l_linear_networks_linear_regression_b037,sentence_45a6666b8d9fefc79de65675,"Moreover, for many tasks, those difficult-to-optimize models
turn out to be so much better that figuring out how to train them
ends up being well worth the trouble.",130,294,116,121,c22620a96e3fbd97526f13ea9ccf508307d1175ea9bb8d3a5b6dfefb098a3f7f,CORPUS_EXTRACTED,EXACT_SOURCE_SUBSTRING,BACKUP,C3,d2lce_d1ca2fd5568e11a79b1b3366,d2l_selected_campaign_scope_v1,PASS_CORPUS_EXTRACTED,"Exact source substring, hashes, provenance, and offsets verified.",False,True,ctx_71176d223ed033be9203e626,4fe59ac02f71b2b940699352a5a29dc579ade699d58825ddb9f00048c33e03a1,d2l_methodology_corpus_origin_audit,1.0.0
ctx_7121f7a9fa4ce1bf37a4b411,document,d2l_linear_networks,d2l_linear_networks_linear_regression_b011,sentence_b46a957553bea93a1be2b5b3,"Strictly speaking, :eqref:`eq_price-area` is an *affine transformation*
of input features,
which is characterized by
a *linear transformation* of features via weighted sum, combined with
a *translation* via the added bias.",502,724,49,70,c22620a96e3fbd97526f13ea9ccf508307d1175ea9bb8d3a5b6dfefb098a3f7f,CORPUS_EXTRACTED,EXACT_SOURCE_SUBSTRING,PRIMARY,C4,d2lce_539543a2360129e2a2fa1b6d,d2l_selected_campaign_scope_v1,PASS_CORPUS_EXTRACTED,"Exact source substring, hashes, provenance, and offsets verified.",True,True,ctx_7121f7a9fa4ce1bf37a4b411,f492e0684168c0e621f765417f7397d52fde27783bc2cb41ef11999ce0d1e882,d2l_methodology_corpus_origin_audit,1.0.0
ctx_712b9e024f4bb6ad1f3f5876,document,d2l_optimization,d2l_optimization_sgd_b037,sentence_c5f502499c68c7ce7bee258b,"where $f(\boldsymbol{\xi}_t, \mathbf{x})$
is the objective function
with respect to the training example $\boldsymbol{\xi}_t$
drawn from some distribution
at step $t$ and $\mathbf{x}$ is the model parameter.",0,207,191,206,c22620a96e3fbd97526f13ea9ccf508307d1175ea9bb8d3a5b6dfefb098a3f7f,CORPUS_EXTRACTED,EXACT_SOURCE_SUBSTRING,PRIMARY,C1,d2lce_ed44d125cc1110c1c39f7b3e,d2l_selected_campaign_scope_v1,PASS_CORPUS_EXTRACTED,"Exact source substring, hashes, provenance, and offsets verified.",True,True,ctx_712b9e024f4bb6ad1f3f5876,cbb144159d7678636270f07089b446250754bdcb8f903e60ddbdfcd7defda933,d2l_methodology_corpus_origin_audit,1.0.0
ctx_718ca2aa7353cfe6ec7be41e,document,d2l_attention_mechanisms,d2l_attention_mechanisms_index_b002,sentence_183d1da9ed6d307eb5fea195,"The optic nerve of a primate's visual system
receives massive sensory input,
far exceeding what the brain can fully process.",0,124,62,75,c22620a96e3fbd97526f13ea9ccf508307d1175ea9bb8d3a5b6dfefb098a3f7f,CORPUS_EXTRACTED,EXACT_SOURCE_SUBSTRING,PRIMARY,C1,d2lce_bc240ce7b3e0abeb18f82a6b,d2l_selected_campaign_scope_v1,PASS_CORPUS_EXTRACTED,"Exact source substring, hashes, provenance, and offsets verified.",True,True,ctx_718ca2aa7353cfe6ec7be41e,8936d3b34a7a4d3936d3c962cd40113ed3c2a4bf1fd73cadbdd925fa59c1da4f,d2l_methodology_corpus_origin_audit,1.0.0
ctx_71e1b52a108cecca970b6aef,document,d2l_deep_learning_computation,d2l_deep_learning_computation_model_construction_b002,sentence_fd1aa12d4440905cb73ba45a,"Note that a single neuron
(i) takes some set of inputs;
(ii) generates a corresponding scalar output;
and (iii) has a set of associated parameters that can be updated
to optimize some objective function of interest.",149,364,184,193,c22620a96e3fbd97526f13ea9ccf508307d1175ea9bb8d3a5b6dfefb098a3f7f,CORPUS_EXTRACTED,EXACT_SOURCE_SUBSTRING,PRIMARY,C3,d2lce_cf168d11faf5e675efa7e0a3,d2l_selected_campaign_scope_v1,PASS_CORPUS_EXTRACTED,"Exact source substring, hashes, provenance, and offsets verified.",True,True,ctx_71e1b52a108cecca970b6aef,0ee7af9350aa3bf0dc0355d47964c727710d7c8da3b57b0a80111b2bb421eeb5,d2l_methodology_corpus_origin_audit,1.0.0
ctx_724a58cef32d03f9a90cc4d9,document,d2l_natural_language_processing_applications,d2l_natural_language_processing_applications_sentiment_analysis_rnn_b024,sentence_6504a010cb03245a1aa6b3d7,"```{.python .input}
lr, num_epochs = 0.01, 5
trainer = gluon.Trainer(net.collect_params(), 'adam', {'learning_rate': lr})
loss = gluon.loss.SoftmaxCrossEntropyLoss()
d2l.train_ch13(net, train_iter, test_iter, loss, trainer, num_epochs, devices)
```",0,248,92,96,c22620a96e3fbd97526f13ea9ccf508307d1175ea9bb8d3a5b6dfefb098a3f7f,CORPUS_EXTRACTED,EXACT_SOURCE_SUBSTRING,BACKUP,C1,d2lce_7ef8ed3f93210606a27312a4,d2l_selected_campaign_scope_v1,PASS_CORPUS_EXTRACTED,"Exact source substring, hashes, provenance, and offsets verified.",False,True,ctx_724a58cef32d03f9a90cc4d9,58fbfceae113a0876a696822d36ab2c98ee9d93ccff6bdfe0d94260e7d761d6e,d2l_methodology_corpus_origin_audit,1.0.0
ctx_7288cb7b7bb4df7b76d25aeb,document,d2l_recommender_systems,d2l_recommender_systems_movielens_b012,sentence_be203218a9617e3d75b24bd0,"This dataset only records the existing ratings, so we can also call it rating matrix and we will use interaction matrix and rating matrix interchangeably in case that the values of this matrix represent exact ratings.",268,485,101,119,c22620a96e3fbd97526f13ea9ccf508307d1175ea9bb8d3a5b6dfefb098a3f7f,CORPUS_EXTRACTED,EXACT_SOURCE_SUBSTRING,PRIMARY,C1,d2lce_c01c503b792019c6e3827ac0,d2l_selected_campaign_scope_v1,PASS_CORPUS_EXTRACTED,"Exact source substring, hashes, provenance, and offsets verified.",True,True,ctx_7288cb7b7bb4df7b76d25aeb,306f94d28b2247fda958792dc9990d72f46c87f245cc75f8c97e12474873c38b,d2l_methodology_corpus_origin_audit,1.0.0
ctx_729f0a12fd676ffe5cb7d8a9,document,d2l_recommender_systems,d2l_recommender_systems_fm_b006,sentence_cff148b14c51da634431d9c4,"where $\mathbf{w}_0 \in \mathbb{R}$ is the global bias; $\mathbf{w} \in \mathbb{R}^d$ denotes the weights of the i-th variable; $\mathbf{V} \in \mathbb{R}^{d\times k}$ represents the feature embeddings; $\mathbf{v}_i$ represents the $i^\mathrm{th}$ row of $\mathbf{V}$; $k$ is the dimensionality of latent factors; $\langle\cdot, \cdot \rangle$ is the dot product of two vectors.",0,379,299,313,c22620a96e3fbd97526f13ea9ccf508307d1175ea9bb8d3a5b6dfefb098a3f7f,CORPUS_EXTRACTED,EXACT_SOURCE_SUBSTRING,PRIMARY,C1,d2lce_f7c1845f1d67dcb386e8fc22,d2l_selected_campaign_scope_v1,PASS_CORPUS_EXTRACTED,"Exact source substring, hashes, provenance, and offsets verified.",True,True,ctx_729f0a12fd676ffe5cb7d8a9,244b2ac020b506cd7218678d12dd7b415510df0cbfa5b3a515631c20b0a65ca2,d2l_methodology_corpus_origin_audit,1.0.0
ctx_72a1c4b96b8dcbf9713e5a69,document,d2l_convolutional_neural_networks,d2l_convolutional_neural_networks_conv_layer_b016,sentence_ae5b1aa06f0819b04906a18c,"We can construct the input tensor `X` and the kernel tensor `K`
from :numref:`fig_correlation`
to [**validate the output of the above implementation**]
of the two-dimensional cross-correlation operation.",0,203,159,192,c22620a96e3fbd97526f13ea9ccf508307d1175ea9bb8d3a5b6dfefb098a3f7f,CORPUS_EXTRACTED,EXACT_SOURCE_SUBSTRING,PRIMARY,C2,d2lce_963a14fc5042969e330bb020,d2l_selected_campaign_scope_v1,PASS_CORPUS_EXTRACTED,"Exact source substring, hashes, provenance, and offsets verified.",True,True,ctx_72a1c4b96b8dcbf9713e5a69,8f0fa9295751ae339ba2f6063c02393d4556b2ae0425df89fbfdbdc6e172ad9d,d2l_methodology_corpus_origin_audit,1.0.0
ctx_72c288a96527180e7730ec3d,document,d2l_multilayer_perceptrons,d2l_multilayer_perceptrons_mlp_b064,sentence_d92f384efffcd1507ca7de3e,"Note that as the input nears 0, the tanh function approaches a linear transformation.",33,118,36,49,c22620a96e3fbd97526f13ea9ccf508307d1175ea9bb8d3a5b6dfefb098a3f7f,CORPUS_EXTRACTED,EXACT_SOURCE_SUBSTRING,BACKUP,C3,d2lce_658174b1687c73f5aa1957ab,d2l_selected_campaign_scope_v1,PASS_CORPUS_EXTRACTED,"Exact source substring, hashes, provenance, and offsets verified.",False,True,ctx_72c288a96527180e7730ec3d,98a11474c0b86300765355e83cde0293f2b68bd336906f24f8b2b052088fa3cc,d2l_methodology_corpus_origin_audit,1.0.0
ctx_730d49c45382c426ab34a6d9,document,d2l_attention_mechanisms,d2l_attention_mechanisms_bahdanau_attention_b006,sentence_e9d39c651c0c24ca29b918d0,"When describing
Bahdanau attention
for the RNN encoder-decoder below,
we will follow the same notation in
:numref:`sec_seq2seq`.",0,128,43,62,c22620a96e3fbd97526f13ea9ccf508307d1175ea9bb8d3a5b6dfefb098a3f7f,CORPUS_EXTRACTED,EXACT_SOURCE_SUBSTRING,PRIMARY,C3,d2lce_43488a3e1f15598ac9b1b6bc,d2l_selected_campaign_scope_v1,PASS_CORPUS_EXTRACTED,"Exact source substring, hashes, provenance, and offsets verified.",True,True,ctx_730d49c45382c426ab34a6d9,6ca422cbe15a0e9561cffe630a049e82344812bc1d43ed9d9293f7cb6ac81b95,d2l_methodology_corpus_origin_audit,1.0.0
ctx_732118a0817f428f0428816a,document,d2l_convolutional_modern,d2l_convolutional_modern_alexnet_b006,sentence_dcc3b2b727703dc039a91106,"Dump the resulting representations into your favorite classifier, likely a linear model or kernel method, to train a classifier.",604,732,109,114,c22620a96e3fbd97526f13ea9ccf508307d1175ea9bb8d3a5b6dfefb098a3f7f,CORPUS_EXTRACTED,EXACT_SOURCE_SUBSTRING,BACKUP,C3,d2lce_d1ca2fd5568e11a79b1b3366,d2l_selected_campaign_scope_v1,PASS_CORPUS_EXTRACTED,"Exact source substring, hashes, provenance, and offsets verified.",False,True,ctx_732118a0817f428f0428816a,551047f51718920edcc5acb881360de0341108d411d081cc741b3cb9baea071d,d2l_methodology_corpus_origin_audit,1.0.0
ctx_733d5a1b31d277da5bd2d2ec,document,d2l_recommender_systems,d2l_recommender_systems_fm_b006,sentence_190047a5fd6767ff18dc64ab,So modeling feature interactions automatically can greatly reduce the efforts in feature engineering.,679,780,12,32,c22620a96e3fbd97526f13ea9ccf508307d1175ea9bb8d3a5b6dfefb098a3f7f,CORPUS_EXTRACTED,EXACT_SOURCE_SUBSTRING,PRIMARY,C2,d2lce_8de4d36bcb2f1ad2291dd52e,d2l_selected_campaign_scope_v1,PASS_CORPUS_EXTRACTED,"Exact source substring, hashes, provenance, and offsets verified.",True,True,ctx_733d5a1b31d277da5bd2d2ec,d19c45335e28f2fdb4ad4d2de3f8009131d805b82749f53e0d5f7ea788b16f70,d2l_methodology_corpus_origin_audit,1.0.0
ctx_733d98a23bc0d5e7b59bd272,document,d2l_recurrent_neural_networks,d2l_recurrent_neural_networks_rnn_b010,sentence_c41636447d2a3117402f6335,Let the hidden layer's activation function be $\phi$.,57,110,23,42,c22620a96e3fbd97526f13ea9ccf508307d1175ea9bb8d3a5b6dfefb098a3f7f,CORPUS_EXTRACTED,EXACT_SOURCE_SUBSTRING,BACKUP,C2,d2lce_e0c693366d811581abbb9e74,d2l_selected_campaign_scope_v1,PASS_CORPUS_EXTRACTED,"Exact source substring, hashes, provenance, and offsets verified.",False,True,ctx_733d98a23bc0d5e7b59bd272,1fb55499f230f870890b03ade54c4a8c8e2b99ceb034d75b1a2d9c2c7dcfabdd,d2l_methodology_corpus_origin_audit,1.0.0
ctx_7349ee9d9b4a8278ad2c5a30,document,d2l_computational_performance,d2l_computational_performance_auto_parallelism_b024,sentence_9142f0032dda172d54db18d9,Hence it works to our advantage to start using PCI-Express bus bandwidth while the GPU is still running.,332,436,59,62,c22620a96e3fbd97526f13ea9ccf508307d1175ea9bb8d3a5b6dfefb098a3f7f,CORPUS_EXTRACTED,EXACT_SOURCE_SUBSTRING,BACKUP,C1,d2lce_0e100796a86968fbdb5730e8,d2l_selected_campaign_scope_v1,PASS_CORPUS_EXTRACTED,"Exact source substring, hashes, provenance, and offsets verified.",False,True,ctx_7349ee9d9b4a8278ad2c5a30,054de6d72c80db36e4b96d9cb5cd40afe50dd85526a7c813d280973ed2ba6a64,d2l_methodology_corpus_origin_audit,1.0.0
ctx_73804fdbddef8388a5550f4a,document,d2l_convolutional_modern,d2l_convolutional_modern_batch_norm_b037,sentence_88458388a6d1feaf20f9b956,"We then integrate this functionality into a custom layer,
whose code mostly addresses bookkeeping matters,
such as moving data to the right device context,
allocating and initializing any required variables,
keeping track of moving averages (here for mean and variance), and so on.",186,467,44,56,c22620a96e3fbd97526f13ea9ccf508307d1175ea9bb8d3a5b6dfefb098a3f7f,CORPUS_EXTRACTED,EXACT_SOURCE_SUBSTRING,BACKUP,C1,d2lce_4d2b37402e25d2f56746ea23,d2l_selected_campaign_scope_v1,PASS_CORPUS_EXTRACTED,"Exact source substring, hashes, provenance, and offsets verified.",False,True,ctx_73804fdbddef8388a5550f4a,b86ad9121ecaff4368f674a5bfcea6eb3c62b2fd388fb1562468e7ac2d8d9950,d2l_methodology_corpus_origin_audit,1.0.0
ctx_73c90581e009fa46017ce4ac,document,d2l_natural_language_processing_applications,d2l_natural_language_processing_applications_natural_language_inference_and_dataset_b004,sentence_15631fecd9d5bbc41e58f09f,"*Natural language inference* studies whether a *hypothesis*
can be inferred from a *premise*, where both are a text sequence.",0,125,48,58,c22620a96e3fbd97526f13ea9ccf508307d1175ea9bb8d3a5b6dfefb098a3f7f,CORPUS_EXTRACTED,EXACT_SOURCE_SUBSTRING,PRIMARY,C1,d2lce_dbb300a90e4b0f8b815b5e12,d2l_selected_campaign_scope_v1,PASS_CORPUS_EXTRACTED,"Exact source substring, hashes, provenance, and offsets verified.",True,True,ctx_73c90581e009fa46017ce4ac,24a764b2bc1e96061f45d1beea019bf67b6fc51b6ad87db7f2d944700d603ce0,d2l_methodology_corpus_origin_audit,1.0.0
ctx_742a5b289d740929a1de20f2,document,d2l_appendix_mathematics_for_deep_learning,d2l_appendix_mathematics_for_deep_learning_information_theory_b044,sentence_b15153a934ae0558e8c13bb4,"For example, imagine that a slot machine system emits statistical independently symbols ${s_1, \ldots, s_k}$ with probabilities ${p_1, \ldots, p_k}$ respectively.",377,539,80,87,c22620a96e3fbd97526f13ea9ccf508307d1175ea9bb8d3a5b6dfefb098a3f7f,CORPUS_EXTRACTED,EXACT_SOURCE_SUBSTRING,PRIMARY,C3,d2lce_6f20c5222ebea4830603817b,d2l_selected_campaign_scope_v1,PASS_CORPUS_EXTRACTED,"Exact source substring, hashes, provenance, and offsets verified.",True,True,ctx_742a5b289d740929a1de20f2,a6e9622d97c9287570bd8aacc945fe1e77a49f5665e5b7bc14b0e7ecc6951f1b,d2l_methodology_corpus_origin_audit,1.0.0
ctx_7440cb039806378db99b4cf3,document,d2l_convolutional_modern,d2l_convolutional_modern_alexnet_b033,sentence_db1189e5f42172b842d35a3d,"This is because, when the output of the sigmoid activation function is very close to 0 or 1, the gradient of these regions is almost 0, so that backpropagation cannot continue to update some of the model parameters.",402,617,40,67,c22620a96e3fbd97526f13ea9ccf508307d1175ea9bb8d3a5b6dfefb098a3f7f,CORPUS_EXTRACTED,EXACT_SOURCE_SUBSTRING,PRIMARY,C1,d2lce_2485cc2d1b2606bcc62d63c1,d2l_selected_campaign_scope_v1,PASS_CORPUS_EXTRACTED,"Exact source substring, hashes, provenance, and offsets verified.",True,True,ctx_7440cb039806378db99b4cf3,61902be3b21d6ec9d113c9ea608f8869e33b436d7e427f1c117eff3ff3e07c60,d2l_methodology_corpus_origin_audit,1.0.0
ctx_747765494dea2a90d593a3e5,document,d2l_recurrent_modern,d2l_recurrent_modern_seq2seq_b072,sentence_797b9cd12ad1417fd7472e86,"![Predicting the output sequence token by token using an RNN encoder-decoder.](../img/seq2seq-predict.svg)
:label:`fig_seq2seq_predict`",0,135,57,76,c22620a96e3fbd97526f13ea9ccf508307d1175ea9bb8d3a5b6dfefb098a3f7f,CORPUS_EXTRACTED,EXACT_SOURCE_SUBSTRING,BACKUP,C2,d2lce_43488a3e1f15598ac9b1b6bc,d2l_selected_campaign_scope_v1,PASS_CORPUS_EXTRACTED,"Exact source substring, hashes, provenance, and offsets verified.",False,True,ctx_747765494dea2a90d593a3e5,d290e06ef197ab94d99ca031345967e4f941223cca476fe34d8231e879dafd11,d2l_methodology_corpus_origin_audit,1.0.0
ctx_74919ba83ca740fcf7b7b49e,document,d2l_natural_language_processing_applications,d2l_natural_language_processing_applications_finetuning_bert_b003,sentence_9fca4b0a708dcb6f1c8a843f,"During supervised learning of a downstream application,
parameters of the extra layers are learned from scratch while
all the parameters in the pretrained BERT model are fine-tuned.",650,831,144,159,c22620a96e3fbd97526f13ea9ccf508307d1175ea9bb8d3a5b6dfefb098a3f7f,CORPUS_EXTRACTED,EXACT_SOURCE_SUBSTRING,PRIMARY,C1,d2lce_e27a9787bb13f8580103adc4,d2l_selected_campaign_scope_v1,PASS_CORPUS_EXTRACTED,"Exact source substring, hashes, provenance, and offsets verified.",True,True,ctx_74919ba83ca740fcf7b7b49e,8f6783a52e8eb331ea95b630323086c77d4aa3dd4feafd5305a26a19751f57a1,d2l_methodology_corpus_origin_audit,1.0.0
ctx_75434b30d17229e486daa408,document,d2l_recommender_systems,d2l_recommender_systems_recsys_intro_b004,sentence_073345c87513bbeda3aa0dd3,## Collaborative Filtering,0,26,3,26,c22620a96e3fbd97526f13ea9ccf508307d1175ea9bb8d3a5b6dfefb098a3f7f,CORPUS_EXTRACTED,EXACT_SOURCE_SUBSTRING,PRIMARY,C2,d2lce_fb9ad6a6ac7e4ba9167913e1,d2l_selected_campaign_scope_v1,PASS_CORPUS_EXTRACTED,"Exact source substring, hashes, provenance, and offsets verified.",True,True,ctx_75434b30d17229e486daa408,d919ec0e195cb28f947cefc29ebd3e01b6db7b696fd348e300c0d759d00e19c1,d2l_methodology_corpus_origin_audit,1.0.0
ctx_754e86fadaba7fa070d1450f,document,d2l_introduction,d2l_introduction_index_b139,sentence_ed0e8ffec82cdd6dd704ae9f,This includes menial tasks such as turning on light switches (a boon to the disabled) up to making barber's appointments and offering phone support dialog.,166,321,52,60,c22620a96e3fbd97526f13ea9ccf508307d1175ea9bb8d3a5b6dfefb098a3f7f,CORPUS_EXTRACTED,EXACT_SOURCE_SUBSTRING,UNSELECTED,NONE,d2lce_91002293cea2184b43995f47,d2l_selected_campaign_scope_v1,PASS_CORPUS_EXTRACTED,"Exact source substring, hashes, provenance, and offsets verified.",False,False,ctx_754e86fadaba7fa070d1450f,4a5734828b146cc2085cda8d4b5951194a988eaa52dd8ede1b906f09dcd13c0f,d2l_methodology_corpus_origin_audit,1.0.0
ctx_75539ee50da6b74f48edbf25,document,d2l_computer_vision,d2l_computer_vision_ssd_b006,sentence_7add4f94dba6b66e4eebdb8f,"In a nutshell,
via its base network and several multiscale feature map blocks,
single-shot multibox detection
generates a varying number of anchor boxes with different sizes,
and detects varying-size objects
by predicting classes and offsets
of these anchor boxes (thus the bounding boxes);
thus, this is a multiscale object detection model.",0,341,318,340,c22620a96e3fbd97526f13ea9ccf508307d1175ea9bb8d3a5b6dfefb098a3f7f,CORPUS_EXTRACTED,EXACT_SOURCE_SUBSTRING,PRIMARY,C1,d2lce_1cc990a2aa4f03a55ea8c851,d2l_selected_campaign_scope_v1,PASS_CORPUS_EXTRACTED,"Exact source substring, hashes, provenance, and offsets verified.",True,True,ctx_75539ee50da6b74f48edbf25,98cf0fd219a917607f7d32de56420566a9f7289609cb0b5f7824ecd93e37f65d,d2l_methodology_corpus_origin_audit,1.0.0
ctx_7592d6eb1986a0c2bd965c36,document,d2l_natural_language_processing_pretraining,d2l_natural_language_processing_pretraining_word2vec_b032,sentence_d817077031ebd0ab4c570d0a,"The major difference
from the skip-gram model is that
the continuous bag of words model
assumes that a center word is generated
based on its surrounding context words in the text sequence.",78,266,58,81,c22620a96e3fbd97526f13ea9ccf508307d1175ea9bb8d3a5b6dfefb098a3f7f,CORPUS_EXTRACTED,EXACT_SOURCE_SUBSTRING,PRIMARY,C1,d2lce_dc193feb1eeef3a1349d9b74,d2l_selected_campaign_scope_v1,PASS_CORPUS_EXTRACTED,"Exact source substring, hashes, provenance, and offsets verified.",True,True,ctx_7592d6eb1986a0c2bd965c36,fd438652fa63477a9f786c8b564addb881c29a1ef1477c114ba1d07c742e98bb,d2l_methodology_corpus_origin_audit,1.0.0
ctx_759986abc69fc46f3dc20bba,document,d2l_appendix_mathematics_for_deep_learning,d2l_appendix_mathematics_for_deep_learning_statistics_b035,sentence_b3f88eb5c92b096637fe15b0,"```{.python .input}
# Statistical bias
def stat_bias(true_theta, est_theta):
    return(np.mean(est_theta) - true_theta)

# Mean squared error
def mse(data, true_theta):
    return(np.mean(np.square(data - true_theta)))
```",0,223,22,38,c22620a96e3fbd97526f13ea9ccf508307d1175ea9bb8d3a5b6dfefb098a3f7f,CORPUS_EXTRACTED,EXACT_SOURCE_SUBSTRING,PRIMARY,C4,d2lce_b5d6207f8142a696435e27e0,d2l_selected_campaign_scope_v1,PASS_CORPUS_EXTRACTED,"Exact source substring, hashes, provenance, and offsets verified.",True,True,ctx_759986abc69fc46f3dc20bba,4682c2eb1f550ca386f3ad71bc4bf7623580649bcae789c00e8e16acefedb1a9,d2l_methodology_corpus_origin_audit,1.0.0
ctx_75eb945ba12ad0637aee80b1,document,d2l_introduction,d2l_introduction_index_b089,sentence_4553b1a9c19173b45a0b67e8,This is the inverse of automatic speech recognition.,20,72,12,19,c22620a96e3fbd97526f13ea9ccf508307d1175ea9bb8d3a5b6dfefb098a3f7f,CORPUS_EXTRACTED,EXACT_SOURCE_SUBSTRING,BACKUP,C2,d2lce_98211ac6b2c27c6359ce6dae,d2l_selected_campaign_scope_v1,PASS_CORPUS_EXTRACTED,"Exact source substring, hashes, provenance, and offsets verified.",False,True,ctx_75eb945ba12ad0637aee80b1,3d7c440f933f377602cd4cae3b8c054abadaa577af8efb127cc8209952d156fa,d2l_methodology_corpus_origin_audit,1.0.0
ctx_76220c9bc5e4ee7672fc78b2,document,d2l_installation,d2l_installation_index_b002,sentence_843f778017a57d618dbfa44f,"In order to get you up and running for hands-on learning experience,
we need to set you up with an environment 
for running Python, Jupyter notebooks, the relevant libraries, 
and the code needed to run the book itself.",0,219,132,149,c22620a96e3fbd97526f13ea9ccf508307d1175ea9bb8d3a5b6dfefb098a3f7f,CORPUS_EXTRACTED,EXACT_SOURCE_SUBSTRING,PRIMARY,C3,d2lce_1a91fdded89249a5cd89ec14,d2l_selected_campaign_scope_v1,PASS_CORPUS_EXTRACTED,"Exact source substring, hashes, provenance, and offsets verified.",True,True,ctx_76220c9bc5e4ee7672fc78b2,815554e890b48c1b2165d98c6fa37b3d9fb87481e000184b9e2e941b214efa0a,d2l_methodology_corpus_origin_audit,1.0.0
ctx_76456008737e2fa2778ac72c,document,d2l_recommender_systems,d2l_recommender_systems_mf_b002,sentence_9390fa8f10e4248f608f4679,Matrix Factorization :cite:`Koren.Bell.Volinsky.2009` is a well-established algorithm in the recommender systems literature.,0,124,0,20,c22620a96e3fbd97526f13ea9ccf508307d1175ea9bb8d3a5b6dfefb098a3f7f,CORPUS_EXTRACTED,EXACT_SOURCE_SUBSTRING,PRIMARY,C1,d2lce_bbf89ef89c96205886255dcf,d2l_selected_campaign_scope_v1,PASS_CORPUS_EXTRACTED,"Exact source substring, hashes, provenance, and offsets verified.",True,True,ctx_76456008737e2fa2778ac72c,3e825742abf3cfdd51f7a66e120efe820b092ee7f83539bbe42844b3309d78db,d2l_methodology_corpus_origin_audit,1.0.0
ctx_7666d9241aa1a4a1804291fb,document,d2l_linear_networks,d2l_linear_networks_linear_regression_concise_b075,sentence_abce541d3285632fa0933d34,"If we replace `nn.MSELoss(reduction='sum')` with `nn.MSELoss()`, how can we change the learning rate for the code to behave identically.",24,160,26,35,c22620a96e3fbd97526f13ea9ccf508307d1175ea9bb8d3a5b6dfefb098a3f7f,CORPUS_EXTRACTED,EXACT_SOURCE_SUBSTRING,PRIMARY,C3,d2lce_fa115d4c3a8140d91339df15,d2l_selected_campaign_scope_v1,PASS_CORPUS_EXTRACTED,"Exact source substring, hashes, provenance, and offsets verified.",True,True,ctx_7666d9241aa1a4a1804291fb,f0ef75f42dd04ff4ce7a466c198a934c965917b6378569a6b60e28d3b6741d2e,d2l_methodology_corpus_origin_audit,1.0.0
ctx_76aaadbd846db473944f5737,document,d2l_recurrent_neural_networks,d2l_recurrent_neural_networks_rnn_scratch_b083,sentence_c41bc5fad40bb35a21bf7ec6,"* Gradient clipping prevents gradient explosion, but it cannot fix vanishing gradients.",580,667,2,19,c22620a96e3fbd97526f13ea9ccf508307d1175ea9bb8d3a5b6dfefb098a3f7f,CORPUS_EXTRACTED,EXACT_SOURCE_SUBSTRING,PRIMARY,C4,d2lce_8d226b48ba7ec1493faa4ec8,d2l_selected_campaign_scope_v1,PASS_CORPUS_EXTRACTED,"Exact source substring, hashes, provenance, and offsets verified.",True,True,ctx_76aaadbd846db473944f5737,2b18892e305bd2665b7468ba71a972cba97130e6728288ab401116be175e24c3,d2l_methodology_corpus_origin_audit,1.0.0
ctx_76cea9317d218e58cde5ce34,document,d2l_recurrent_neural_networks,d2l_recurrent_neural_networks_rnn_b007,sentence_f3ae651f58ddfd53913d3fe5,Recall that we have discussed hidden layers with hidden units in :numref:`chap_perceptrons`.,0,92,30,43,c22620a96e3fbd97526f13ea9ccf508307d1175ea9bb8d3a5b6dfefb098a3f7f,CORPUS_EXTRACTED,EXACT_SOURCE_SUBSTRING,PRIMARY,C3,d2lce_401e038a0835f7c5733a9857,d2l_selected_campaign_scope_v1,PASS_CORPUS_EXTRACTED,"Exact source substring, hashes, provenance, and offsets verified.",True,True,ctx_76cea9317d218e58cde5ce34,c0601b55885411115dffdffed9e2cde7e47c64a90df25f3606a6cd1c6c0e02d8,d2l_methodology_corpus_origin_audit,1.0.0
ctx_77274f381fb856ef3c8e17d8,document,d2l_appendix_mathematics_for_deep_learning,d2l_appendix_mathematics_for_deep_learning_index_b006,sentence_7d5ced29c088ac9cfbcd45b1,A key element is the development of the basics of eigen-decompositions.,397,468,50,70,c22620a96e3fbd97526f13ea9ccf508307d1175ea9bb8d3a5b6dfefb098a3f7f,CORPUS_EXTRACTED,EXACT_SOURCE_SUBSTRING,BACKUP,C1,d2lce_10d4d01fa40b67d92527e5ed,d2l_selected_campaign_scope_v1,PASS_CORPUS_EXTRACTED,"Exact source substring, hashes, provenance, and offsets verified.",False,True,ctx_77274f381fb856ef3c8e17d8,cf21bf96993be1b7ae1aada76e4e67fb40b958ebaf3a2204440ad5c2de624492,d2l_methodology_corpus_origin_audit,1.0.0
ctx_7758e78a8a47d48b3d911192,document,d2l_optimization,d2l_optimization_optimization_intro_b038,sentence_ba093069eb316c43ffb54f67,"Consider a simple MLP with a single hidden layer of, say, $d$ dimensions in the hidden layer and a single output.",3,116,36,48,c22620a96e3fbd97526f13ea9ccf508307d1175ea9bb8d3a5b6dfefb098a3f7f,CORPUS_EXTRACTED,EXACT_SOURCE_SUBSTRING,PRIMARY,C2,d2lce_401e038a0835f7c5733a9857,d2l_selected_campaign_scope_v1,PASS_CORPUS_EXTRACTED,"Exact source substring, hashes, provenance, and offsets verified.",True,True,ctx_7758e78a8a47d48b3d911192,0121c02efeaedc06bc1088f55bec89439c2597cdc370bcb1654ff1121208d629,d2l_methodology_corpus_origin_audit,1.0.0
ctx_77b69954271f4ff69e4986ca,document,d2l_multilayer_perceptrons,d2l_multilayer_perceptrons_mlp_b004,sentence_99c102e2d13805c151b8653b,"If our labels truly were related
to our input data by an affine transformation,
then this approach would be sufficient.",381,500,57,78,c22620a96e3fbd97526f13ea9ccf508307d1175ea9bb8d3a5b6dfefb098a3f7f,CORPUS_EXTRACTED,EXACT_SOURCE_SUBSTRING,BACKUP,C2,d2lce_539543a2360129e2a2fa1b6d,d2l_selected_campaign_scope_v1,PASS_CORPUS_EXTRACTED,"Exact source substring, hashes, provenance, and offsets verified.",False,True,ctx_77b69954271f4ff69e4986ca,c7a7e5d87ac941e780f0284553ebc47af8e2603949ecc130530fcbed9f68c841,d2l_methodology_corpus_origin_audit,1.0.0
ctx_77dc2db84932a4949515fe0d,document,d2l_multilayer_perceptrons,d2l_multilayer_perceptrons_numerical_stability_and_init_b023,sentence_f8af1b66bff998b4e2e294a9,"Such iterations would
never *break the symmetry* on its own
and we might never be able to realize
the network's expressive power.",832,961,39,47,c22620a96e3fbd97526f13ea9ccf508307d1175ea9bb8d3a5b6dfefb098a3f7f,CORPUS_EXTRACTED,EXACT_SOURCE_SUBSTRING,PRIMARY,C1,d2lce_00c0e4f7d0d5537d738af8a7,d2l_selected_campaign_scope_v1,PASS_CORPUS_EXTRACTED,"Exact source substring, hashes, provenance, and offsets verified.",True,True,ctx_77dc2db84932a4949515fe0d,e72a73421d35599315c50d4e978ed1333174a417a07fe0efd2c76c75573184fe,d2l_methodology_corpus_origin_audit,1.0.0
ctx_786ab0275c9497181a0db4d7,document,d2l_preface,d2l_preface_index_b022,sentence_edc91496b6e58d123428972b,"Similarly, :numref:`chap_rnn` and :numref:`chap_modern_rnn`
introduce recurrent neural networks (RNNs), 
models that exploit sequential (e.g., temporal) 
structure in data and are commonly used
for natural language processing 
and time series prediction.",431,685,125,135,c22620a96e3fbd97526f13ea9ccf508307d1175ea9bb8d3a5b6dfefb098a3f7f,CORPUS_EXTRACTED,EXACT_SOURCE_SUBSTRING,UNSELECTED,NONE,d2lce_40a50503f2fdc79aa0a549fc,d2l_selected_campaign_scope_v1,PASS_CORPUS_EXTRACTED,"Exact source substring, hashes, provenance, and offsets verified.",False,False,ctx_786ab0275c9497181a0db4d7,e7e7b84ce485b2de867e93ae154aef6973de749fc3cb0adb1bf49b2453bf4292,d2l_methodology_corpus_origin_audit,1.0.0
ctx_7882197b45dfa30a41481b4e,document,d2l_convolutional_neural_networks,d2l_convolutional_neural_networks_conv_layer_b057,sentence_00b1450cc6e1d03f12d47697,What is the form of a kernel for the second derivative?,490,545,37,54,c22620a96e3fbd97526f13ea9ccf508307d1175ea9bb8d3a5b6dfefb098a3f7f,CORPUS_EXTRACTED,EXACT_SOURCE_SUBSTRING,BACKUP,C2,d2lce_bee01b92f7b0b02cc1d77bd7,d2l_selected_campaign_scope_v1,PASS_CORPUS_EXTRACTED,"Exact source substring, hashes, provenance, and offsets verified.",False,True,ctx_7882197b45dfa30a41481b4e,73fc2044b905333bd47c9649c480896e566780f244e6564d492ad125f593e1d5,d2l_methodology_corpus_origin_audit,1.0.0
ctx_788954d63cedc392831d5044,document,d2l_computer_vision,d2l_computer_vision_rcnn_b014,sentence_00b9e6f15afebc2d92677ed0,The region of interest pooling layer proposed in the fast R-CNN is different from the pooling layer introduced in :numref:`sec_pooling`.,0,136,4,36,c22620a96e3fbd97526f13ea9ccf508307d1175ea9bb8d3a5b6dfefb098a3f7f,CORPUS_EXTRACTED,EXACT_SOURCE_SUBSTRING,PRIMARY,C1,d2lce_88251c1ff8b5d3756955ca7b,d2l_selected_campaign_scope_v1,PASS_CORPUS_EXTRACTED,"Exact source substring, hashes, provenance, and offsets verified.",True,True,ctx_788954d63cedc392831d5044,0acd8299c947b7227739abeb423a5177bb31d56e5ebcc0d542c740169e76eceb,d2l_methodology_corpus_origin_audit,1.0.0
ctx_788a11fa6efa6cbc9a413253,document,d2l_convolutional_neural_networks,d2l_convolutional_neural_networks_index_b002,sentence_679cdc25c51075b32b4e8231,"Because these networks are invariant to the order
of the features,
we could get similar results
regardless of whether we preserve an order 
corresponding to the spatial structure of the pixels
or if we permute the columns of our design matrix
before fitting the MLP's parameters.",516,795,262,265,c22620a96e3fbd97526f13ea9ccf508307d1175ea9bb8d3a5b6dfefb098a3f7f,CORPUS_EXTRACTED,EXACT_SOURCE_SUBSTRING,BACKUP,C1,d2lce_0ac8f3308547fb001c31e869,d2l_selected_campaign_scope_v1,PASS_CORPUS_EXTRACTED,"Exact source substring, hashes, provenance, and offsets verified.",False,True,ctx_788a11fa6efa6cbc9a413253,c6370c111716ba6c4cbb8155b1d7ba16d7145b562954f4c9c3b115049b76c7fb,d2l_methodology_corpus_origin_audit,1.0.0
ctx_78a920407a1e59b211a91a2e,document,d2l_computational_performance,d2l_computational_performance_auto_parallelism_b028,sentence_c82fd623df9e93ab5a0539db,Note that this task is different from parallel computation as it uses a different resource: the bus between the CPU and GPUs.,95,220,96,99,c22620a96e3fbd97526f13ea9ccf508307d1175ea9bb8d3a5b6dfefb098a3f7f,CORPUS_EXTRACTED,EXACT_SOURCE_SUBSTRING,PRIMARY,C1,d2lce_0e100796a86968fbdb5730e8,d2l_selected_campaign_scope_v1,PASS_CORPUS_EXTRACTED,"Exact source substring, hashes, provenance, and offsets verified.",True,True,ctx_78a920407a1e59b211a91a2e,12d107a045dcb18cf8c679a9b664223a0f58367b0d9c15ad10aa14c74c2869f0,d2l_methodology_corpus_origin_audit,1.0.0
ctx_78da4af66f0cedb5ae1b160d,document,d2l_linear_networks,d2l_linear_networks_linear_regression_scratch_b024,sentence_3d62f37069714d058a1103c6,"The shape of the features in each minibatch tells us
both the minibatch size and the number of input features.",87,197,62,76,c22620a96e3fbd97526f13ea9ccf508307d1175ea9bb8d3a5b6dfefb098a3f7f,CORPUS_EXTRACTED,EXACT_SOURCE_SUBSTRING,PRIMARY,C1,d2lce_152a9bcc9b8b5f6cc5586c54,d2l_selected_campaign_scope_v1,PASS_CORPUS_EXTRACTED,"Exact source substring, hashes, provenance, and offsets verified.",True,True,ctx_78da4af66f0cedb5ae1b160d,9a4e2f13e564a917414667407353041a0a65fc70f1b9ba3c917835bc909f8128,d2l_methodology_corpus_origin_audit,1.0.0
ctx_78f8341f577bbf7e3922131c,document,d2l_appendix_mathematics_for_deep_learning,d2l_appendix_mathematics_for_deep_learning_statistics_b049,sentence_d6b84b16a2c124ccec483fd3,"Following that, the modern significance testing is the intelligence heritage by Karl Pearson who invented $p$-value and Pearson's chi-squared test, William Gosset who is the father of Student's t-distribution, and Ronald Fisher who initialed the null hypothesis and the significance test.",322,610,246,261,c22620a96e3fbd97526f13ea9ccf508307d1175ea9bb8d3a5b6dfefb098a3f7f,CORPUS_EXTRACTED,EXACT_SOURCE_SUBSTRING,BACKUP,C2,d2lce_11e1c294000ac67785408dcd,d2l_selected_campaign_scope_v1,PASS_CORPUS_EXTRACTED,"Exact source substring, hashes, provenance, and offsets verified.",False,True,ctx_78f8341f577bbf7e3922131c,74e177ed2c162a29b48f984f9ca43042a9c5ad5655716f78a66c1f612689cc05,d2l_methodology_corpus_origin_audit,1.0.0
ctx_79213e2c4e36b995f90f0b30,document,d2l_introduction,d2l_introduction_index_b024,sentence_f17192445be442b75c04dad4,"A $200\times 200$ color photograph would consist of $200\times200\times3=120000$
numerical values, corresponding to the brightness
of the red, green, and blue channels for each spatial location.",195,389,159,167,c22620a96e3fbd97526f13ea9ccf508307d1175ea9bb8d3a5b6dfefb098a3f7f,CORPUS_EXTRACTED,EXACT_SOURCE_SUBSTRING,PRIMARY,C1,d2lce_270e1a75bb70807d9c2dd507,d2l_selected_campaign_scope_v1,PASS_CORPUS_EXTRACTED,"Exact source substring, hashes, provenance, and offsets verified.",True,True,ctx_79213e2c4e36b995f90f0b30,ba6ec342999aecb305a64929a5db6a203049617d44200cd5df3e178e161b6f84,d2l_methodology_corpus_origin_audit,1.0.0
ctx_79e409e6abf55603a0394035,document,d2l_natural_language_processing_pretraining,d2l_natural_language_processing_pretraining_index_b003,sentence_4b4668847fba43f23f362e37,"In practice, it is very common to use natural language processing techniques to process and analyze text (human natural language) data, such as language models in :numref:`sec_language_model` and machine translation models in :numref:`sec_machine_translation`.",105,365,144,159,c22620a96e3fbd97526f13ea9ccf508307d1175ea9bb8d3a5b6dfefb098a3f7f,CORPUS_EXTRACTED,EXACT_SOURCE_SUBSTRING,BACKUP,C1,d2lce_a7105fea7b2b3447548b6d7a,d2l_selected_campaign_scope_v1,PASS_CORPUS_EXTRACTED,"Exact source substring, hashes, provenance, and offsets verified.",False,True,ctx_79e409e6abf55603a0394035,200cf42cbd13d422a37d7d3467d402020e4c22400379c1ee6088aa8ce09f42ca,d2l_methodology_corpus_origin_audit,1.0.0
ctx_79f335a2e1adffa9d03d4429,document,d2l_optimization,d2l_optimization_convexity_b027,sentence_b856653d208e9d9249b6bc5f,"In other words, the expectation of a convex function is no less than the convex function of an expectation, where the latter is usually a simpler expression.",108,265,37,52,c22620a96e3fbd97526f13ea9ccf508307d1175ea9bb8d3a5b6dfefb098a3f7f,CORPUS_EXTRACTED,EXACT_SOURCE_SUBSTRING,PRIMARY,C1,d2lce_0a19e86b29b5e64f79a45ddc,d2l_selected_campaign_scope_v1,PASS_CORPUS_EXTRACTED,"Exact source substring, hashes, provenance, and offsets verified.",True,True,ctx_79f335a2e1adffa9d03d4429,f1d1913c60d8393effcc11ed2a082364e1316a2945d71c7db4457b2fc955cdd3,d2l_methodology_corpus_origin_audit,1.0.0
ctx_7a43f811e64406c483bc4185,document,d2l_natural_language_processing_pretraining,d2l_natural_language_processing_pretraining_bert_dataset_b011,sentence_6533f50394e6f29e718035af,"According to descriptions of :numref:`subsec_nsp`,
the `_get_next_sentence` function generates a training example
for the binary classification task.",0,149,129,148,c22620a96e3fbd97526f13ea9ccf508307d1175ea9bb8d3a5b6dfefb098a3f7f,CORPUS_EXTRACTED,EXACT_SOURCE_SUBSTRING,BACKUP,C1,d2lce_d89e6e83e5f07d1fcb18c6aa,d2l_selected_campaign_scope_v1,PASS_CORPUS_EXTRACTED,"Exact source substring, hashes, provenance, and offsets verified.",False,True,ctx_7a43f811e64406c483bc4185,6e25d27256765fbc189acbc5d05b1cb583b023892a9acbbba01661ae3abfdb00,d2l_methodology_corpus_origin_audit,1.0.0
ctx_7a827358f51118bb50e2b2a8,document,d2l_convolutional_neural_networks,d2l_convolutional_neural_networks_channels_b002,sentence_91b5f8bd289018160e44e66d,"While we have described the multiple channels
that comprise each image (e.g., color images have the standard RGB channels
to indicate the amount of red, green and blue) and convolutional layers for multiple channels in :numref:`subsec_why-conv-channels`,
until now, we simplified all of our numerical examples
by working with just a single input and a single output channel.",0,374,28,45,c22620a96e3fbd97526f13ea9ccf508307d1175ea9bb8d3a5b6dfefb098a3f7f,CORPUS_EXTRACTED,EXACT_SOURCE_SUBSTRING,PRIMARY,C2,d2lce_ccf7d0a5109d86ee76a75b9c,d2l_selected_campaign_scope_v1,PASS_CORPUS_EXTRACTED,"Exact source substring, hashes, provenance, and offsets verified.",True,True,ctx_7a827358f51118bb50e2b2a8,33e400ad7193f1848c742ab9ce7b011f6d8d44631fbcee309164d962f0d4af9e,d2l_methodology_corpus_origin_audit,1.0.0
ctx_7a8590cce9481296230c2d35,document,d2l_linear_networks,d2l_linear_networks_linear_regression_concise_b034,sentence_ed76d86d95b14e26380b07eb,":begin_tab:`tensorflow`
The `initializers` module in TensorFlow provides various methods for model parameter initialization.",0,124,93,108,c22620a96e3fbd97526f13ea9ccf508307d1175ea9bb8d3a5b6dfefb098a3f7f,CORPUS_EXTRACTED,EXACT_SOURCE_SUBSTRING,PRIMARY,C2,d2lce_ed44d125cc1110c1c39f7b3e,d2l_selected_campaign_scope_v1,PASS_CORPUS_EXTRACTED,"Exact source substring, hashes, provenance, and offsets verified.",True,True,ctx_7a8590cce9481296230c2d35,76bc5c4e8291251ba8c5fbedb5c04c79ebcb42605e37a9020a7451ae97c11176,d2l_methodology_corpus_origin_audit,1.0.0
ctx_7a88eb1b4219d42a945874f2,document,d2l_convolutional_neural_networks,d2l_convolutional_neural_networks_conv_layer_b020,sentence_449844bf7cf84bf7380b4de6,"In the `__init__` constructor function,
we declare `weight` and `bias` as the two model parameters.",120,219,18,29,c22620a96e3fbd97526f13ea9ccf508307d1175ea9bb8d3a5b6dfefb098a3f7f,CORPUS_EXTRACTED,EXACT_SOURCE_SUBSTRING,BACKUP,C1,d2lce_7d7b617aacd41c76538d06af,d2l_selected_campaign_scope_v1,PASS_CORPUS_EXTRACTED,"Exact source substring, hashes, provenance, and offsets verified.",False,True,ctx_7a88eb1b4219d42a945874f2,e9691001ccadc9f87153687a3920cfbd47dc7df7399eba2eac86d8e43b28715d,d2l_methodology_corpus_origin_audit,1.0.0
ctx_7ab76b6d9c4d288c677f1a0b,document,d2l_natural_language_processing_applications,d2l_natural_language_processing_applications_natural_language_inference_and_dataset_b023,sentence_34061ccfff9af966b1c24dc0,"Now let us print the first 3 pairs of premise and hypothesis, as well as their labels (""0"", ""1"", and ""2"" correspond to ""entailment"", ""contradiction"", and ""neutral"", respectively ).",0,180,120,130,c22620a96e3fbd97526f13ea9ccf508307d1175ea9bb8d3a5b6dfefb098a3f7f,CORPUS_EXTRACTED,EXACT_SOURCE_SUBSTRING,BACKUP,C2,d2lce_ca2ca961829e131bbc0fd92b,d2l_selected_campaign_scope_v1,PASS_CORPUS_EXTRACTED,"Exact source substring, hashes, provenance, and offsets verified.",False,True,ctx_7ab76b6d9c4d288c677f1a0b,af920098afa16490c066178d631cb380a13af50b575b4e457f8941b068c59e85,d2l_methodology_corpus_origin_audit,1.0.0
ctx_7ab8e2d37def67d0148f52d5,document,d2l_natural_language_processing_pretraining,d2l_natural_language_processing_pretraining_word2vec_b012,sentence_9a96571ee9889acc457a68cf,"As shown in :numref:`fig_skip_gram`,
given the center word ""loves"",
the skip-gram model considers
the conditional probability for generating the *context words*: ""the"", ""man"", ""his"", and ""son"",
which are no more than 2 words away from the center word:",263,514,72,87,c22620a96e3fbd97526f13ea9ccf508307d1175ea9bb8d3a5b6dfefb098a3f7f,CORPUS_EXTRACTED,EXACT_SOURCE_SUBSTRING,BACKUP,C2,d2lce_9cee0f2f668259a2568b89f4,d2l_selected_campaign_scope_v1,PASS_CORPUS_EXTRACTED,"Exact source substring, hashes, provenance, and offsets verified.",False,True,ctx_7ab8e2d37def67d0148f52d5,26c2aeb42b6d3a0eacb7d3ce3aa2ad20dc73d8fcc06263a36b263d5f7057d84c,d2l_methodology_corpus_origin_audit,1.0.0
ctx_7ae3e3659cd76b766f2747b3,document,d2l_computational_performance,d2l_computational_performance_hardware_b009,sentence_f3170011190ba40a22c536f1,"For instance AMD's Threadripper 3 has 64 PCIe 4.0 lanes, each of which is capable 16 Gbit/s data transfer in both directions.",199,324,41,45,c22620a96e3fbd97526f13ea9ccf508307d1175ea9bb8d3a5b6dfefb098a3f7f,CORPUS_EXTRACTED,EXACT_SOURCE_SUBSTRING,PRIMARY,C2,d2lce_35df896f9860f8aac814ce37,d2l_selected_campaign_scope_v1,PASS_CORPUS_EXTRACTED,"Exact source substring, hashes, provenance, and offsets verified.",True,True,ctx_7ae3e3659cd76b766f2747b3,745c4b5ecd1c5a6db1b2315da190fe8197250080339028e3b0d9d40f1e9fc9a3,d2l_methodology_corpus_origin_audit,1.0.0
ctx_7b2934db82a8f5e942551192,document,d2l_computer_vision,d2l_computer_vision_rcnn_b002,sentence_82836ce505968bf5abaf1dd8,"In this section, we will introduce
the R-CNN and its series of improvements: the fast R-CNN
:cite:`Girshick.2015`, the faster R-CNN :cite:`Ren.He.Girshick.ea.2015`, and the mask R-CNN
:cite:`He.Gkioxari.Dollar.ea.2017`.",258,477,39,44,c22620a96e3fbd97526f13ea9ccf508307d1175ea9bb8d3a5b6dfefb098a3f7f,CORPUS_EXTRACTED,EXACT_SOURCE_SUBSTRING,PRIMARY,C1,d2lce_ad0d7cbd5f90ad33075e89aa,d2l_selected_campaign_scope_v1,PASS_CORPUS_EXTRACTED,"Exact source substring, hashes, provenance, and offsets verified.",True,True,ctx_7b2934db82a8f5e942551192,cfa684b2420ca40de26e384c43d81ad7e194c073397c26fd74a3eae1ac68100b,d2l_methodology_corpus_origin_audit,1.0.0
ctx_7b2efc8bfbd4cce59d02222e,document,d2l_recurrent_modern,d2l_recurrent_modern_gru_b013,sentence_3262e24e2b460e3ca4c69e76,Note that broadcasting (see :numref:`subsec_broadcasting`) is triggered during the summation.,231,324,10,22,c22620a96e3fbd97526f13ea9ccf508307d1175ea9bb8d3a5b6dfefb098a3f7f,CORPUS_EXTRACTED,EXACT_SOURCE_SUBSTRING,BACKUP,C2,d2lce_499fa9391d57e930a19f1b19,d2l_selected_campaign_scope_v1,PASS_CORPUS_EXTRACTED,"Exact source substring, hashes, provenance, and offsets verified.",False,True,ctx_7b2efc8bfbd4cce59d02222e,8af9c76d74c1a492f9ee9b0d091f9d049898960a21911730661d61606ab6652c,d2l_methodology_corpus_origin_audit,1.0.0
ctx_7b95f462a61c593367cfba2e,document,d2l_introduction,d2l_introduction_index_b126,sentence_8d0f59c3e09c207cf38971fe,"While random-access memory was plentiful at the end of the past century,
computational power was scarce.",195,299,87,92,c22620a96e3fbd97526f13ea9ccf508307d1175ea9bb8d3a5b6dfefb098a3f7f,CORPUS_EXTRACTED,EXACT_SOURCE_SUBSTRING,UNSELECTED,C3,d2lce_2b76c0f26436945cdf880aed,d2l_selected_campaign_scope_v1,PASS_CORPUS_EXTRACTED,"Exact source substring, hashes, provenance, and offsets verified.",False,False,ctx_7b95f462a61c593367cfba2e,d94b70d062474b539edd89d2cb31dded47c2aefc3738ff57dfb82fb9cc3268e2,d2l_methodology_corpus_origin_audit,1.0.0
ctx_7bedce5463902490acfee1a7,document,d2l_computational_performance,d2l_computational_performance_multiple_gpus_b018,sentence_4e009808425c43f9200b01cd,On a 16-GPU server this can increase the minibatch size considerably and we may have to increase the learning rate accordingly.,188,315,101,114,c22620a96e3fbd97526f13ea9ccf508307d1175ea9bb8d3a5b6dfefb098a3f7f,CORPUS_EXTRACTED,EXACT_SOURCE_SUBSTRING,BACKUP,C1,d2lce_cc4cb853eff638abcbdf7691,d2l_selected_campaign_scope_v1,PASS_CORPUS_EXTRACTED,"Exact source substring, hashes, provenance, and offsets verified.",False,True,ctx_7bedce5463902490acfee1a7,b9c09f812ee544497a9d78e52dac67c71c121a49a46c1ecf613cabe747a380b5,d2l_methodology_corpus_origin_audit,1.0.0
ctx_7bee0abcb221cab547cc2608,document,d2l_optimization,d2l_optimization_convexity_b018,sentence_4767d0ed2a497152d7b5565c,### Convex Functions,0,20,4,20,c22620a96e3fbd97526f13ea9ccf508307d1175ea9bb8d3a5b6dfefb098a3f7f,CORPUS_EXTRACTED,EXACT_SOURCE_SUBSTRING,PRIMARY,C1,d2lce_0a19e86b29b5e64f79a45ddc,d2l_selected_campaign_scope_v1,PASS_CORPUS_EXTRACTED,"Exact source substring, hashes, provenance, and offsets verified.",True,True,ctx_7bee0abcb221cab547cc2608,65f960698712324355f4787af7c9442c14e3361e43cab7bc10843a731892ef87,d2l_methodology_corpus_origin_audit,1.0.0
ctx_7c03da734cfb73140f39675c,document,d2l_convolutional_neural_networks,d2l_convolutional_neural_networks_why_conv_b016,sentence_1b62cf00c75e3be48f526475,"The indices $a$ and $b$ run over both positive and negative offsets,
covering the entire image.",336,431,60,67,c22620a96e3fbd97526f13ea9ccf508307d1175ea9bb8d3a5b6dfefb098a3f7f,CORPUS_EXTRACTED,EXACT_SOURCE_SUBSTRING,PRIMARY,C1,d2lce_e749bbd007351d6963f2bbd0,d2l_selected_campaign_scope_v1,PASS_CORPUS_EXTRACTED,"Exact source substring, hashes, provenance, and offsets verified.",True,True,ctx_7c03da734cfb73140f39675c,dcbc6936699c9f802ed2b9d53c1e96e47c3ec107e86ec308d4f3433d235066bb,d2l_methodology_corpus_origin_audit,1.0.0
ctx_7c400e0ce4ae692c14fd57fb,document,d2l_convolutional_modern,d2l_convolutional_modern_batch_norm_b012,sentence_bdb4a9d60ff564245ba22e28,"After applying standardization,
the resulting minibatch
has zero mean and unit variance.",192,280,60,69,c22620a96e3fbd97526f13ea9ccf508307d1175ea9bb8d3a5b6dfefb098a3f7f,CORPUS_EXTRACTED,EXACT_SOURCE_SUBSTRING,PRIMARY,C1,d2lce_eae5d94b4d2b73165c5d8795,d2l_selected_campaign_scope_v1,PASS_CORPUS_EXTRACTED,"Exact source substring, hashes, provenance, and offsets verified.",True,True,ctx_7c400e0ce4ae692c14fd57fb,451d6a8e884748246f9546bab97ce29b6b5fa20713f0c86f9aea44a89c31b908,d2l_methodology_corpus_origin_audit,1.0.0
ctx_7c41c1ee9c3bc8a94bf6a5b7,document,d2l_recurrent_modern,d2l_recurrent_modern_seq2seq_b078,sentence_208ee8802c578a940584d581,"We can evaluate a predicted sequence
by comparing it with the
label sequence (the ground-truth).",0,96,82,94,c22620a96e3fbd97526f13ea9ccf508307d1175ea9bb8d3a5b6dfefb098a3f7f,CORPUS_EXTRACTED,EXACT_SOURCE_SUBSTRING,BACKUP,C1,d2lce_d0b3a65c5f21e6064395a475,d2l_selected_campaign_scope_v1,PASS_CORPUS_EXTRACTED,"Exact source substring, hashes, provenance, and offsets verified.",False,True,ctx_7c41c1ee9c3bc8a94bf6a5b7,016f53dbe21f1b15643ec95f73edb67b15faa135a31396906924a614dfdbc375,d2l_methodology_corpus_origin_audit,1.0.0
ctx_7c5d108c05077e7e7939d072,document,d2l_multilayer_perceptrons,d2l_multilayer_perceptrons_environment_b053,sentence_d97d245ecbeca9e063eb6a3e,"In this case, there exists a very effective approach
that will give almost as good results as the original: logistic regression,
which is a special case of softmax regression (see :numref:`sec_softmax`)
for binary classification.",0,229,207,228,c22620a96e3fbd97526f13ea9ccf508307d1175ea9bb8d3a5b6dfefb098a3f7f,CORPUS_EXTRACTED,EXACT_SOURCE_SUBSTRING,BACKUP,C2,d2lce_bb2aa6e567ff5ce9563e209b,d2l_selected_campaign_scope_v1,PASS_CORPUS_EXTRACTED,"Exact source substring, hashes, provenance, and offsets verified.",False,True,ctx_7c5d108c05077e7e7939d072,3d8ca2b8a85a2abd9ea1660409ae21de49c70767cee0cf76566c12311d68df6e,d2l_methodology_corpus_origin_audit,1.0.0
ctx_7c6a965613332587c6fca111,document,d2l_computer_vision,d2l_computer_vision_transposed_conv_b017,sentence_a0998ace497a7cd7b9a2737e,"## [**Padding, Strides, and Multiple Channels**]",0,48,28,45,c22620a96e3fbd97526f13ea9ccf508307d1175ea9bb8d3a5b6dfefb098a3f7f,CORPUS_EXTRACTED,EXACT_SOURCE_SUBSTRING,BACKUP,C2,d2lce_ccf7d0a5109d86ee76a75b9c,d2l_selected_campaign_scope_v1,PASS_CORPUS_EXTRACTED,"Exact source substring, hashes, provenance, and offsets verified.",False,True,ctx_7c6a965613332587c6fca111,dc3af1cda2332277f149b4e2520575765839a31fe226ecdea294abc3b9742bce,d2l_methodology_corpus_origin_audit,1.0.0
ctx_7c7d5d50af4eb953a4e181ba,document,d2l_deep_learning_computation,d2l_deep_learning_computation_model_construction_b008,sentence_9cf7b7c1c3e52e572c5a7378,"The following code generates a network
with one fully-connected hidden layer
with 256 units and ReLU activation,
followed by a fully-connected output layer
with 10 units (no activation function).",96,291,96,111,c22620a96e3fbd97526f13ea9ccf508307d1175ea9bb8d3a5b6dfefb098a3f7f,CORPUS_EXTRACTED,EXACT_SOURCE_SUBSTRING,PRIMARY,C1,d2lce_42900db05a19228ce33eafe0,d2l_selected_campaign_scope_v1,PASS_CORPUS_EXTRACTED,"Exact source substring, hashes, provenance, and offsets verified.",True,True,ctx_7c7d5d50af4eb953a4e181ba,2a51149740645f5a89ced2a7e5675c41fe3d56afa6c57852986f277e47a58159,d2l_methodology_corpus_origin_audit,1.0.0
ctx_7cbe29eaa7c1116fd7a5e733,document,d2l_optimization,d2l_optimization_optimization_intro_b008,sentence_98204dcedd6d4f05c1295236,"As described
in :numref:`subsec_empirical-risk-and-risk`,
the empirical risk
is an average loss
on the training dataset
while the risk is the expected loss 
on the entire population of data.",101,291,42,46,c22620a96e3fbd97526f13ea9ccf508307d1175ea9bb8d3a5b6dfefb098a3f7f,CORPUS_EXTRACTED,EXACT_SOURCE_SUBSTRING,PRIMARY,C2,d2lce_c9e2beab505998c5b3b560b5,d2l_selected_campaign_scope_v1,PASS_CORPUS_EXTRACTED,"Exact source substring, hashes, provenance, and offsets verified.",True,True,ctx_7cbe29eaa7c1116fd7a5e733,1b0cb2829e638389f6117f353dd33e061931c18f53eabe842796f15c7004424e,d2l_methodology_corpus_origin_audit,1.0.0
ctx_7ccf7eaa8a3ccdf7fa2896fd,document,d2l_appendix_mathematics_for_deep_learning,d2l_appendix_mathematics_for_deep_learning_statistics_b032,sentence_900a36913f0c40244c16bd39,"The bias error is commonly seen in a simple model (such as a linear regression model), which cannot extract high dimensional relations between the features and the outputs.",206,378,61,78,c22620a96e3fbd97526f13ea9ccf508307d1175ea9bb8d3a5b6dfefb098a3f7f,CORPUS_EXTRACTED,EXACT_SOURCE_SUBSTRING,PRIMARY,C3,d2lce_d8d3db5e12791f4de99286be,d2l_selected_campaign_scope_v1,PASS_CORPUS_EXTRACTED,"Exact source substring, hashes, provenance, and offsets verified.",True,True,ctx_7ccf7eaa8a3ccdf7fa2896fd,3ae978018675bd0bed9a6e18d9859cb483c699abc7ece4a30434b77a1b42bd12,d2l_methodology_corpus_origin_audit,1.0.0
ctx_7ce4cad6244e99bb3c578b48,document,d2l_attention_mechanisms,d2l_attention_mechanisms_transformer_b023,sentence_e8c2f1d6fe7c013e8b66bc77,"Despite its pervasive applications
in computer vision,
batch normalization
is usually empirically
less effective than layer normalization
in natural language processing
tasks, whose inputs are often
variable-length sequences.",248,473,141,168,c22620a96e3fbd97526f13ea9ccf508307d1175ea9bb8d3a5b6dfefb098a3f7f,CORPUS_EXTRACTED,EXACT_SOURCE_SUBSTRING,PRIMARY,C4,d2lce_609638f74bc5b32d32469bbc,d2l_selected_campaign_scope_v1,PASS_CORPUS_EXTRACTED,"Exact source substring, hashes, provenance, and offsets verified.",True,True,ctx_7ce4cad6244e99bb3c578b48,4c84c5b9c49a3afa19fd0008581feab3b5702921fd29d9d96f997402b2b3c8bc,d2l_methodology_corpus_origin_audit,1.0.0
ctx_7d0011328d40612e41406231,document,d2l_appendix_mathematics_for_deep_learning,d2l_appendix_mathematics_for_deep_learning_statistics_b114,sentence_95b1a4595b8251426570b955,"* There are three most common estimators: statistical bias, standard deviation, and mean square error.",318,420,42,58,c22620a96e3fbd97526f13ea9ccf508307d1175ea9bb8d3a5b6dfefb098a3f7f,CORPUS_EXTRACTED,EXACT_SOURCE_SUBSTRING,BACKUP,C1,d2lce_b5d6207f8142a696435e27e0,d2l_selected_campaign_scope_v1,PASS_CORPUS_EXTRACTED,"Exact source substring, hashes, provenance, and offsets verified.",False,True,ctx_7d0011328d40612e41406231,4b334eeb5bf46c250c9a9e0fe3f9beed1db6b7ff862c57a4f3f1680b06085d1d,d2l_methodology_corpus_origin_audit,1.0.0
ctx_7d255ebc2d354c8e85c00cb4,document,d2l_convolutional_neural_networks,d2l_convolutional_neural_networks_index_b001,sentence_de1a5ce03ba43dcf9380b546,"# Convolutional Neural Networks
:label:`chap_cnn`",0,49,2,31,c22620a96e3fbd97526f13ea9ccf508307d1175ea9bb8d3a5b6dfefb098a3f7f,CORPUS_EXTRACTED,EXACT_SOURCE_SUBSTRING,PRIMARY,C1,d2lce_c4e87e5ee47d3e26ba618290,d2l_selected_campaign_scope_v1,PASS_CORPUS_EXTRACTED,"Exact source substring, hashes, provenance, and offsets verified.",True,True,ctx_7d255ebc2d354c8e85c00cb4,78e5cfd42c7f56cfc519fe9035eaa3867c2cd617be966b7a9158e8c5e70058dd,d2l_methodology_corpus_origin_audit,1.0.0
ctx_7d313060719ea864c98aabb1,document,d2l_multilayer_perceptrons,d2l_multilayer_perceptrons_mlp_concise_b013,sentence_da2126c0c7900680522dad43,"```{.python .input}
#@tab pytorch
batch_size, lr, num_epochs = 256, 0.1, 10
loss = nn.CrossEntropyLoss(reduction='none')
trainer = torch.optim.SGD(net.parameters(), lr=lr)
```",0,175,103,112,c22620a96e3fbd97526f13ea9ccf508307d1175ea9bb8d3a5b6dfefb098a3f7f,CORPUS_EXTRACTED,EXACT_SOURCE_SUBSTRING,BACKUP,C3,d2lce_fa115d4c3a8140d91339df15,d2l_selected_campaign_scope_v1,PASS_CORPUS_EXTRACTED,"Exact source substring, hashes, provenance, and offsets verified.",False,True,ctx_7d313060719ea864c98aabb1,62c73d29244ee0a530ad526de43338c37d92aa7ff1105613a199ec84d3a41333,d2l_methodology_corpus_origin_audit,1.0.0
ctx_7e604e4269944dde1bd55c75,document,d2l_multilayer_perceptrons,d2l_multilayer_perceptrons_environment_b046,sentence_1b42a034aa8863a4c327e837,"Fortunately,
the dependency assumption means
that the conditional distribution does not change: $p(y \mid \mathbf{x}) = q(y \mid \mathbf{x})$.",285,427,17,27,c22620a96e3fbd97526f13ea9ccf508307d1175ea9bb8d3a5b6dfefb098a3f7f,CORPUS_EXTRACTED,EXACT_SOURCE_SUBSTRING,BACKUP,C2,d2lce_144baca5ccb9be2154705e92,d2l_selected_campaign_scope_v1,PASS_CORPUS_EXTRACTED,"Exact source substring, hashes, provenance, and offsets verified.",False,True,ctx_7e604e4269944dde1bd55c75,d165bd4ffea4782bdcba01f3baa6f325ebef40d0e3ce55f1ae4c0d7f781a46f5,d2l_methodology_corpus_origin_audit,1.0.0
ctx_7edf6686ee0adbdd3a986dfc,document,d2l_multilayer_perceptrons,d2l_multilayer_perceptrons_underfit_overfit_b009,sentence_051d24a8e92aeee7eaee8d2a,"In practice, we must *estimate* the generalization error
by applying our model to an independent test set
constituted of a random selection of data examples
that were withheld from our training set.",142,340,36,56,c22620a96e3fbd97526f13ea9ccf508307d1175ea9bb8d3a5b6dfefb098a3f7f,CORPUS_EXTRACTED,EXACT_SOURCE_SUBSTRING,PRIMARY,C4,d2lce_9199c3ba27076b186a42df23,d2l_selected_campaign_scope_v1,PASS_CORPUS_EXTRACTED,"Exact source substring, hashes, provenance, and offsets verified.",True,True,ctx_7edf6686ee0adbdd3a986dfc,1c17494df15e9fde6c36a396542491dc369fca63a5f411464d736d32514d7d88,d2l_methodology_corpus_origin_audit,1.0.0
ctx_7f3025aa974fb8d15e3804a4,document,d2l_convolutional_modern,d2l_convolutional_modern_alexnet_b023,sentence_89fb1e501dd80bdb23c9762f,"The code [cuda-convnet](https://code.google.com/archive/p/cuda-convnet/)
was good enough that for several years
it was the industry standard and powered
the first couple years of the deep learning boom.",375,577,10,14,c22620a96e3fbd97526f13ea9ccf508307d1175ea9bb8d3a5b6dfefb098a3f7f,CORPUS_EXTRACTED,EXACT_SOURCE_SUBSTRING,BACKUP,C3,d2lce_ebd36388b50538b928ebbb4a,d2l_selected_campaign_scope_v1,PASS_CORPUS_EXTRACTED,"Exact source substring, hashes, provenance, and offsets verified.",False,True,ctx_7f3025aa974fb8d15e3804a4,9e00640f388bb90bf003994a4dddd890b9ffe658294e82dfe7f7a05dfc86e6aa,d2l_methodology_corpus_origin_audit,1.0.0
ctx_7f55c44f2cea0740cebddf92,document,d2l_convolutional_modern,d2l_convolutional_modern_batch_norm_b033,sentence_aab10595f7c1fc86d35a9c71,"Here we
            # need to maintain the shape of `X`, so that the broadcasting
            # operation can be carried out later
            mean = X.mean(axis=(0, 2, 3), keepdims=True)
            var = ((X - mean) ** 2).mean(axis=(0, 2, 3), keepdims=True)
        # In training mode, the current mean and variance are used for the
        # standardization
        X_hat = (X - mean) / np.sqrt(var + eps)
        # Update the mean and variance using moving average
        moving_mean = momentum * moving_mean + (1.0 - momentum) * mean
        moving_var = momentum * moving_var + (1.0 - momentum) * var
    Y = gamma * X_hat + beta  # Scale and shift
    return Y, moving_mean, moving_var
```",951,1648,632,636,c22620a96e3fbd97526f13ea9ccf508307d1175ea9bb8d3a5b6dfefb098a3f7f,CORPUS_EXTRACTED,EXACT_SOURCE_SUBSTRING,PRIMARY,C1,d2lce_20a7e6887718c68fb6b88a05,d2l_selected_campaign_scope_v1,PASS_CORPUS_EXTRACTED,"Exact source substring, hashes, provenance, and offsets verified.",True,True,ctx_7f55c44f2cea0740cebddf92,b55350bf144f9a9ba6df9173501aeb697307b4d7ad08d6334b0a85875158853b,d2l_methodology_corpus_origin_audit,1.0.0
ctx_7f90783f82a63497dbe94ff4,document,d2l_recurrent_neural_networks,d2l_recurrent_neural_networks_language_models_and_dataset_b056,sentence_e81dd19ba1c21180f10b5898,"```{.python .input}
#@tab tensorflow
def seq_data_iter_sequential(corpus, batch_size, num_steps):  #@save
    """"""Generate a minibatch of subsequences using sequential partitioning.""""""
    # Start with a random offset to partition a sequence
    offset = random.randint(0, num_steps)
    num_tokens = ((len(corpus) - offset - 1) // batch_size) * batch_size
    Xs = d2l.tensor(corpus[offset: offset + num_tokens])
    Ys = d2l.tensor(corpus[offset + 1: offset + 1 + num_tokens])
    Xs = d2l.reshape(Xs, (batch_size, -1))
    Ys = d2l.reshape(Ys, (batch_size, -1))
    num_batches = Xs.shape[1] // num_steps
    for i in range(0, num_batches * num_steps, num_steps):
        X = Xs[:, i: i + num_steps]
        Y = Ys[:, i: i + num_steps]
        yield X, Y
```",0,760,156,179,c22620a96e3fbd97526f13ea9ccf508307d1175ea9bb8d3a5b6dfefb098a3f7f,CORPUS_EXTRACTED,EXACT_SOURCE_SUBSTRING,BACKUP,C1,d2lce_e8992d8478a28e673fe551dc,d2l_selected_campaign_scope_v1,PASS_CORPUS_EXTRACTED,"Exact source substring, hashes, provenance, and offsets verified.",False,True,ctx_7f90783f82a63497dbe94ff4,af134994ed27b2a378d5b7bc5004b6cd3b6ed9c5c7261781f4cf2e8540936181,d2l_methodology_corpus_origin_audit,1.0.0
ctx_7fa9447905f17f25b43e1bbf,document,d2l_deep_learning_computation,d2l_deep_learning_computation_model_construction_b023,sentence_18cd83d0db457cfe38af039f,"We will heavily rely on the parent class's functions,
supplying only our own constructor (the `__init__` function in Python) and the forward propagation function.",238,400,77,88,c22620a96e3fbd97526f13ea9ccf508307d1175ea9bb8d3a5b6dfefb098a3f7f,CORPUS_EXTRACTED,EXACT_SOURCE_SUBSTRING,PRIMARY,C1,d2lce_7d7b617aacd41c76538d06af,d2l_selected_campaign_scope_v1,PASS_CORPUS_EXTRACTED,"Exact source substring, hashes, provenance, and offsets verified.",True,True,ctx_7fa9447905f17f25b43e1bbf,d5c2ef7ced74f4e54722e22465a618691831230c6339f21b039980624790dd21,d2l_methodology_corpus_origin_audit,1.0.0
ctx_7fc6f12ab12ca9a7f0af8274,document,d2l_introduction,d2l_introduction_index_b134,sentence_ca5de04b699b26aacff76a17,"Hence, training on 1024 GPUs with a minibatch size of,
  say 32 images per batch amounts to an aggregate minibatch
  of about 32000 images.",3264,3403,36,50,c22620a96e3fbd97526f13ea9ccf508307d1175ea9bb8d3a5b6dfefb098a3f7f,CORPUS_EXTRACTED,EXACT_SOURCE_SUBSTRING,PRIMARY,C1,d2lce_152a9bcc9b8b5f6cc5586c54,d2l_selected_campaign_scope_v1,PASS_CORPUS_EXTRACTED,"Exact source substring, hashes, provenance, and offsets verified.",True,True,ctx_7fc6f12ab12ca9a7f0af8274,08a6767495dc2f5d5df46f879e2b5816e8114d6af43c000b8e50e5b563227bbb,d2l_methodology_corpus_origin_audit,1.0.0
ctx_8002262631762e3d6d0b7617,document,d2l_preliminaries,d2l_preliminaries_calculus_b021,sentence_51612289be68ee23cfc521ea,"* $DC = 0$ ($C$ is a constant),
* $Dx^n = nx^{n-1}$ (the *power rule*, $n$ is any real number),
* $De^x = e^x$,
* $D\ln(x) = 1/x.$",0,130,58,63,c22620a96e3fbd97526f13ea9ccf508307d1175ea9bb8d3a5b6dfefb098a3f7f,CORPUS_EXTRACTED,EXACT_SOURCE_SUBSTRING,UNSELECTED,C3,d2lce_2b76c0f26436945cdf880aed,d2l_selected_campaign_scope_v1,PASS_CORPUS_EXTRACTED,"Exact source substring, hashes, provenance, and offsets verified.",False,False,ctx_8002262631762e3d6d0b7617,dca043dc71d9d71496ec1051b13183a11ba911d2489a732295e4c5dab1825177,d2l_methodology_corpus_origin_audit,1.0.0
ctx_800ddb30c90771d6eb717131,document,d2l_computational_performance,d2l_computational_performance_auto_parallelism_b016,sentence_9564ffdd5763c6a7d6150b0a,":begin_tab:`pytorch`
If we remove the `synchronize` statement between both tasks the system is free to parallelize computation on both devices automatically.",0,157,39,50,c22620a96e3fbd97526f13ea9ccf508307d1175ea9bb8d3a5b6dfefb098a3f7f,CORPUS_EXTRACTED,EXACT_SOURCE_SUBSTRING,BACKUP,C1,d2lce_1edc567804c90f134219a8f0,d2l_selected_campaign_scope_v1,PASS_CORPUS_EXTRACTED,"Exact source substring, hashes, provenance, and offsets verified.",False,True,ctx_800ddb30c90771d6eb717131,7bbf1da6992fb68676eeb35a0f745b61615e1df9d92cf08694fef669463a24ee,d2l_methodology_corpus_origin_audit,1.0.0
ctx_801d83970e9b56293ca7ce56,document,d2l_convolutional_modern,d2l_convolutional_modern_vgg_b006,sentence_e40f4a3577391e49da8c25df,"One VGG block consists of a sequence of convolutional layers,
followed by a maximum pooling layer for spatial downsampling.",231,354,76,97,c22620a96e3fbd97526f13ea9ccf508307d1175ea9bb8d3a5b6dfefb098a3f7f,CORPUS_EXTRACTED,EXACT_SOURCE_SUBSTRING,PRIMARY,C1,d2lce_c343a692fe9bdfdabefe7687,d2l_selected_campaign_scope_v1,PASS_CORPUS_EXTRACTED,"Exact source substring, hashes, provenance, and offsets verified.",True,True,ctx_801d83970e9b56293ca7ce56,a950838f3c7225fd1851a5636342edfe973b5feaf89640a4da6c0c1d59b5a30d,d2l_methodology_corpus_origin_audit,1.0.0
ctx_807d458f1292afa6921eb40d,document,d2l_generative_adversarial_networks,d2l_generative_adversarial_networks_dcgan_b021,sentence_7ae324ae77fc5723203d7a82,The basic block of the generator contains a transposed convolution layer followed by the batch normalization and ReLU activation.,323,452,55,72,c22620a96e3fbd97526f13ea9ccf508307d1175ea9bb8d3a5b6dfefb098a3f7f,CORPUS_EXTRACTED,EXACT_SOURCE_SUBSTRING,PRIMARY,C3,d2lce_d2bfc7b3a0a02ddfd71b3526,d2l_selected_campaign_scope_v1,PASS_CORPUS_EXTRACTED,"Exact source substring, hashes, provenance, and offsets verified.",True,True,ctx_807d458f1292afa6921eb40d,6457a3c1b6430ab01e258718dd25b46b9acd5d2d594f215d7f8fcfb2abf22946,d2l_methodology_corpus_origin_audit,1.0.0
ctx_808752f6de5f09f78b2ac2c6,document,d2l_computer_vision,d2l_computer_vision_rcnn_b014,sentence_53ab6acdcf93c85b6fc7bc67,"In contrast,
we can directly specify the output shape
in the region of interest pooling layer.",263,357,61,93,c22620a96e3fbd97526f13ea9ccf508307d1175ea9bb8d3a5b6dfefb098a3f7f,CORPUS_EXTRACTED,EXACT_SOURCE_SUBSTRING,PRIMARY,C2,d2lce_88251c1ff8b5d3756955ca7b,d2l_selected_campaign_scope_v1,PASS_CORPUS_EXTRACTED,"Exact source substring, hashes, provenance, and offsets verified.",True,True,ctx_808752f6de5f09f78b2ac2c6,6a00cf55c5a1ccca9a531d1736b90cc8733fe4099fbd844c783586c9ca3df35c,d2l_methodology_corpus_origin_audit,1.0.0
ctx_80bb0597f481e29198ef67ab,document,d2l_preface,d2l_preface_index_b011,sentence_f8fe866b82b7216477b0459f,"We settled on GitHub to share the source 
and to facilitate community contributions,
Jupyter notebooks for mixing code, equations and text,
Sphinx as a rendering engine 
to generate multiple outputs,
and Discourse for the forum.",533,761,85,102,c22620a96e3fbd97526f13ea9ccf508307d1175ea9bb8d3a5b6dfefb098a3f7f,CORPUS_EXTRACTED,EXACT_SOURCE_SUBSTRING,BACKUP,C2,d2lce_1a91fdded89249a5cd89ec14,d2l_selected_campaign_scope_v1,PASS_CORPUS_EXTRACTED,"Exact source substring, hashes, provenance, and offsets verified.",False,True,ctx_80bb0597f481e29198ef67ab,0e7cb7e59d110517ce98eaf97c8f141d0d228708e2f6a0acf7022c294fbc4154,d2l_methodology_corpus_origin_audit,1.0.0
ctx_8116f867673a73f0e047a71a,document,d2l_attention_mechanisms,d2l_attention_mechanisms_attention_scoring_functions_b007,sentence_ea729d0d3da5b9eb0e468e4f,"where
the attention weight (scalar) for the query $\mathbf{q}$
and key $\mathbf{k}_i$
is computed by
the softmax operation of
an attention scoring function $a$ that maps two vectors to a scalar:",0,194,129,155,c22620a96e3fbd97526f13ea9ccf508307d1175ea9bb8d3a5b6dfefb098a3f7f,CORPUS_EXTRACTED,EXACT_SOURCE_SUBSTRING,PRIMARY,C1,d2lce_18c3da2d5bdd6d05a83982fa,d2l_selected_campaign_scope_v1,PASS_CORPUS_EXTRACTED,"Exact source substring, hashes, provenance, and offsets verified.",True,True,ctx_8116f867673a73f0e047a71a,3de593eb6f2444d21b8431354645f3face9f06c0d70d5348a91c3bb9d90e862e,d2l_methodology_corpus_origin_audit,1.0.0
ctx_811d4c5e733d701bc5da5664,document,d2l_linear_networks,d2l_linear_networks_linear_regression_b005,sentence_44a2af18f5205c4c1317c707,"First, we assume that the relationship between
the independent variables $\mathbf{x}$ and the dependent variable $y$ is linear,
i.e., that $y$ can be expressed as a weighted sum
of the elements in $\mathbf{x}$,
given some noise on the observations.",202,450,235,247,c22620a96e3fbd97526f13ea9ccf508307d1175ea9bb8d3a5b6dfefb098a3f7f,CORPUS_EXTRACTED,EXACT_SOURCE_SUBSTRING,BACKUP,C1,d2lce_4f85955c4fd10e184dc97d32,d2l_selected_campaign_scope_v1,PASS_CORPUS_EXTRACTED,"Exact source substring, hashes, provenance, and offsets verified.",False,True,ctx_811d4c5e733d701bc5da5664,813a0b096902d77e27a4fe15b2a02c90c3e94cecbe2ecbafc3b46e439cd98e74,d2l_methodology_corpus_origin_audit,1.0.0
ctx_813b90db2df77652f38c4a00,document,d2l_natural_language_processing_applications,d2l_natural_language_processing_applications_index_b006,sentence_44c8a2e6c9ac646e7a264a97,"In the end, we introduce how to fine-tune a pretrained BERT model
for a wide range of natural language processing applications,
such as on a sequence level (single text classification and text pair classification)
and a token level (text tagging and question answering).",627,897,44,59,c22620a96e3fbd97526f13ea9ccf508307d1175ea9bb8d3a5b6dfefb098a3f7f,CORPUS_EXTRACTED,EXACT_SOURCE_SUBSTRING,PRIMARY,C1,d2lce_e27a9787bb13f8580103adc4,d2l_selected_campaign_scope_v1,PASS_CORPUS_EXTRACTED,"Exact source substring, hashes, provenance, and offsets verified.",True,True,ctx_813b90db2df77652f38c4a00,5558c4ebb424c3e390ee8ff9ad00a1052d4b599a11c63e52eea2af7451a73239,d2l_methodology_corpus_origin_audit,1.0.0
ctx_815a4c1f8b1f4b5fb069b1d7,document,d2l_deep_learning_computation,d2l_deep_learning_computation_custom_layer_b042,sentence_8d4025f2e327c6f53e5dc465,"Design a layer that takes an input and computes a tensor reduction,
   i.e., it returns $y_k = \sum_{i, j} W_{ijk} x_i x_j$.",3,127,57,66,c22620a96e3fbd97526f13ea9ccf508307d1175ea9bb8d3a5b6dfefb098a3f7f,CORPUS_EXTRACTED,EXACT_SOURCE_SUBSTRING,PRIMARY,C1,d2lce_fa115d4c3a8140d91339df15,d2l_selected_campaign_scope_v1,PASS_CORPUS_EXTRACTED,"Exact source substring, hashes, provenance, and offsets verified.",True,True,ctx_815a4c1f8b1f4b5fb069b1d7,4df2e5ea99936bad43f4257208f4a39bc16bdbf7e11421233da1e0bc75aa33bf,d2l_methodology_corpus_origin_audit,1.0.0
ctx_817ac1f3936900a301ec3337,document,d2l_natural_language_processing_pretraining,d2l_natural_language_processing_pretraining_word2vec_b002,sentence_86174027220eeb667ed8c445,"The technique of mapping words to real vectors
is called *word embedding*.",268,342,58,72,c22620a96e3fbd97526f13ea9ccf508307d1175ea9bb8d3a5b6dfefb098a3f7f,CORPUS_EXTRACTED,EXACT_SOURCE_SUBSTRING,PRIMARY,C1,d2lce_ce222dd206341f61f2986f7a,d2l_selected_campaign_scope_v1,PASS_CORPUS_EXTRACTED,"Exact source substring, hashes, provenance, and offsets verified.",True,True,ctx_817ac1f3936900a301ec3337,7ee14369528a76c2d60beb644a9377a8b6524c902a4e81e4ca5216e98e407d9b,d2l_methodology_corpus_origin_audit,1.0.0
ctx_81a329be9d149269cbb9e238,document,d2l_natural_language_processing_pretraining,d2l_natural_language_processing_pretraining_approx_training_b008,sentence_9172893ff95325523c1bdbe4,where $\sigma$ uses the definition of the sigmoid activation function:,0,70,42,69,c22620a96e3fbd97526f13ea9ccf508307d1175ea9bb8d3a5b6dfefb098a3f7f,CORPUS_EXTRACTED,EXACT_SOURCE_SUBSTRING,PRIMARY,C1,d2lce_2485cc2d1b2606bcc62d63c1,d2l_selected_campaign_scope_v1,PASS_CORPUS_EXTRACTED,"Exact source substring, hashes, provenance, and offsets verified.",True,True,ctx_81a329be9d149269cbb9e238,68cad06d41d08c5b835c5557f15f813117d803cef6760e9756aa212597d84ebb,d2l_methodology_corpus_origin_audit,1.0.0
ctx_8220d3cebdb8d8496afc7dec,document,d2l_deep_learning_computation,d2l_deep_learning_computation_parameters_b014,sentence_85718b970d936098b932b9f5,"First, this fully-connected layer
contains two parameters,
corresponding to that layer's
weights and biases, respectively.",44,166,101,107,c22620a96e3fbd97526f13ea9ccf508307d1175ea9bb8d3a5b6dfefb098a3f7f,CORPUS_EXTRACTED,EXACT_SOURCE_SUBSTRING,PRIMARY,C1,d2lce_ad13d119a140210b487eeb9c,d2l_selected_campaign_scope_v1,PASS_CORPUS_EXTRACTED,"Exact source substring, hashes, provenance, and offsets verified.",True,True,ctx_8220d3cebdb8d8496afc7dec,88e76c05bff5caef7aa5ec265d40d4d7619b6d852b19e75954f082dbd8d98d53,d2l_methodology_corpus_origin_audit,1.0.0
ctx_824f6a3ffdf2593aacbb41d4,document,d2l_computer_vision,d2l_computer_vision_rcnn_b006,sentence_1236ddb6cf93abf53b96792a,:numref:`fig_r-cnn` shows the R-CNN model.,0,42,30,35,c22620a96e3fbd97526f13ea9ccf508307d1175ea9bb8d3a5b6dfefb098a3f7f,CORPUS_EXTRACTED,EXACT_SOURCE_SUBSTRING,BACKUP,C1,d2lce_ad0d7cbd5f90ad33075e89aa,d2l_selected_campaign_scope_v1,PASS_CORPUS_EXTRACTED,"Exact source substring, hashes, provenance, and offsets verified.",False,True,ctx_824f6a3ffdf2593aacbb41d4,9ac0bd88c539a354dc645b89547445a166f6862cb38e9cf7de64cd2ab7cf8848,d2l_methodology_corpus_origin_audit,1.0.0
ctx_82a716f88498c45284012fbc,document,d2l_computer_vision,d2l_computer_vision_rcnn_b004,sentence_05362f961844b86ab4f14c8f,"The *R-CNN* first extracts
many (e.g., 2000) *region proposals*
from the input image
(e.g., anchor boxes can also be considered
as region proposals),
labeling their classes and bounding boxes (e.g., offsets).",0,208,5,10,c22620a96e3fbd97526f13ea9ccf508307d1175ea9bb8d3a5b6dfefb098a3f7f,CORPUS_EXTRACTED,EXACT_SOURCE_SUBSTRING,PRIMARY,C1,d2lce_ad0d7cbd5f90ad33075e89aa,d2l_selected_campaign_scope_v1,PASS_CORPUS_EXTRACTED,"Exact source substring, hashes, provenance, and offsets verified.",True,True,ctx_82a716f88498c45284012fbc,91533d7d450fa02bca16ccbb90801462dbea1fc45607a9a28a42ab8b6d7fa571,d2l_methodology_corpus_origin_audit,1.0.0
ctx_83304deb770138c0273a3f19,document,d2l_recurrent_modern,d2l_recurrent_modern_lstm_b038,sentence_95d3eecd0e190204ceeb33f8,"```{.python .input}
#@tab pytorch
def get_lstm_params(vocab_size, num_hiddens, device):
    num_inputs = num_outputs = vocab_size

    def normal(shape):
        return torch.randn(size=shape, device=device)*0.01

    def three():
        return (normal((num_inputs, num_hiddens)),
                normal((num_hiddens, num_hiddens)),
                d2l.zeros(num_hiddens, device=device))

    W_xi, W_hi, b_i = three()  # Input gate parameters
    W_xf, W_hf, b_f = three()  # Forget gate parameters
    W_xo, W_ho, b_o = three()  # Output gate parameters
    W_xc, W_hc, b_c = three()  # Candidate memory cell parameters
    # Output layer parameters
    W_hq = normal((num_hiddens, num_outputs))
    b_q = d2l.zeros(num_outputs, device=device)
    # Attach gradients
    params = [W_xi, W_hi, b_i, W_xf, W_hf, b_f, W_xo, W_ho, b_o, W_xc, W_hc,
              b_c, W_hq, b_q]
    for param in params:
        param.requires_grad_(True)
    return params
```",0,958,534,545,c22620a96e3fbd97526f13ea9ccf508307d1175ea9bb8d3a5b6dfefb098a3f7f,CORPUS_EXTRACTED,EXACT_SOURCE_SUBSTRING,BACKUP,C2,d2lce_c6b4477a845e2e0e0e02f088,d2l_selected_campaign_scope_v1,PASS_CORPUS_EXTRACTED,"Exact source substring, hashes, provenance, and offsets verified.",False,True,ctx_83304deb770138c0273a3f19,e61ab08896ca79abc79f6623a63b975fc92dc22f556cb63bdbea0e7248561595,d2l_methodology_corpus_origin_audit,1.0.0
ctx_8378b0547c4e75e694d743d8,document,d2l_convolutional_neural_networks,d2l_convolutional_neural_networks_conv_layer_b006,sentence_bf69347c7e3dc6963654cd3b,![Two-dimensional cross-correlation operation.,0,46,2,35,c22620a96e3fbd97526f13ea9ccf508307d1175ea9bb8d3a5b6dfefb098a3f7f,CORPUS_EXTRACTED,EXACT_SOURCE_SUBSTRING,BACKUP,C3,d2lce_963a14fc5042969e330bb020,d2l_selected_campaign_scope_v1,PASS_CORPUS_EXTRACTED,"Exact source substring, hashes, provenance, and offsets verified.",False,True,ctx_8378b0547c4e75e694d743d8,69401c3148a574e3c7b0193b205c777233993e7853247a08ef2a2074fda79fa4,d2l_methodology_corpus_origin_audit,1.0.0
ctx_83a38c0d5607709e21e74429,document,d2l_appendix_mathematics_for_deep_learning,d2l_appendix_mathematics_for_deep_learning_statistics_b019,sentence_b36a19bdb1a100aec972c757,### Statistical Bias,0,20,4,20,c22620a96e3fbd97526f13ea9ccf508307d1175ea9bb8d3a5b6dfefb098a3f7f,CORPUS_EXTRACTED,EXACT_SOURCE_SUBSTRING,PRIMARY,C2,d2lce_b5d6207f8142a696435e27e0,d2l_selected_campaign_scope_v1,PASS_CORPUS_EXTRACTED,"Exact source substring, hashes, provenance, and offsets verified.",True,True,ctx_83a38c0d5607709e21e74429,e6d6c2a87ddfe13e1518dcfd4ec2a0af370cd35f7714c77ff1e6f44b37560532,d2l_methodology_corpus_origin_audit,1.0.0
ctx_83aa1ec70a5aa698b67dadb3,document,d2l_convolutional_modern,d2l_convolutional_modern_alexnet_b028,sentence_65ea567aa0b1dda573785112,"Second, AlexNet used the ReLU instead of the sigmoid
as its activation function.",308,388,45,52,c22620a96e3fbd97526f13ea9ccf508307d1175ea9bb8d3a5b6dfefb098a3f7f,CORPUS_EXTRACTED,EXACT_SOURCE_SUBSTRING,BACKUP,C1,d2lce_00f50f89defd8652bb8c429e,d2l_selected_campaign_scope_v1,PASS_CORPUS_EXTRACTED,"Exact source substring, hashes, provenance, and offsets verified.",False,True,ctx_83aa1ec70a5aa698b67dadb3,e870de26e568611d5c60d5e9d60cf4e1b58682dc2a9c5d739cfbe7bc28fbe9f4,d2l_methodology_corpus_origin_audit,1.0.0
ctx_84826f7dac9a86c191985d21,document,d2l_attention_mechanisms,d2l_attention_mechanisms_attention_cues_b013,sentence_8d1b5572ae649734f295acdc,"To bias selection over sensory inputs,
we can simply use
a parameterized fully-connected layer
or even non-parameterized
max or average pooling.",86,230,23,37,c22620a96e3fbd97526f13ea9ccf508307d1175ea9bb8d3a5b6dfefb098a3f7f,CORPUS_EXTRACTED,EXACT_SOURCE_SUBSTRING,BACKUP,C2,d2lce_bc240ce7b3e0abeb18f82a6b,d2l_selected_campaign_scope_v1,PASS_CORPUS_EXTRACTED,"Exact source substring, hashes, provenance, and offsets verified.",False,True,ctx_84826f7dac9a86c191985d21,93bb4153b3a508adb56124ac57e02047b7cfbd1ec9d8c3c4f5da5ace273dd879,d2l_methodology_corpus_origin_audit,1.0.0
ctx_849b80c6ea299773a2e4a5c4,document,d2l_recurrent_modern,d2l_recurrent_modern_gru_b018,sentence_434ee380d490d975299b8a5d,"For all entries of the reset gate $\mathbf{R}_t$ that are close to 0, the candidate hidden state is the result of an MLP with $\mathbf{X}_t$ as the input.",427,581,117,120,c22620a96e3fbd97526f13ea9ccf508307d1175ea9bb8d3a5b6dfefb098a3f7f,CORPUS_EXTRACTED,EXACT_SOURCE_SUBSTRING,BACKUP,C1,d2lce_0ac8f3308547fb001c31e869,d2l_selected_campaign_scope_v1,PASS_CORPUS_EXTRACTED,"Exact source substring, hashes, provenance, and offsets verified.",False,True,ctx_849b80c6ea299773a2e4a5c4,91ff747fc968e0ae6978d23b49f4a235a39b60e22894aecf98f1cedae82e940d,d2l_methodology_corpus_origin_audit,1.0.0
ctx_84ba03c3c9e4d38df60e0aac,document,d2l_recurrent_neural_networks,d2l_recurrent_neural_networks_rnn_b012,sentence_f0e8a17f4d8321f2523a15ef,"Thus, broadcasting (see :numref:`subsec_broadcasting`) is applied during the summation.",230,317,6,18,c22620a96e3fbd97526f13ea9ccf508307d1175ea9bb8d3a5b6dfefb098a3f7f,CORPUS_EXTRACTED,EXACT_SOURCE_SUBSTRING,PRIMARY,C2,d2lce_499fa9391d57e930a19f1b19,d2l_selected_campaign_scope_v1,PASS_CORPUS_EXTRACTED,"Exact source substring, hashes, provenance, and offsets verified.",True,True,ctx_84ba03c3c9e4d38df60e0aac,3c456ebdb641ff281d8c18684b5b5299bb0cfde2696ab30b521b50e3af5ce1d4,d2l_methodology_corpus_origin_audit,1.0.0
ctx_84ca6088137d56c32c100be2,document,d2l_preliminaries,d2l_preliminaries_ndarray_b069,sentence_ad45075d5590d98295d5a1af,"Under certain conditions,
even when shapes differ, we can still [**perform elementwise operations
by invoking the *broadcasting mechanism*.**]
This mechanism works in the following way:
First, expand one or both arrays
by copying elements appropriately
so that after this transformation,
the two tensors have the same shape.",101,425,115,127,c22620a96e3fbd97526f13ea9ccf508307d1175ea9bb8d3a5b6dfefb098a3f7f,CORPUS_EXTRACTED,EXACT_SOURCE_SUBSTRING,PRIMARY,C4,d2lce_499fa9391d57e930a19f1b19,d2l_selected_campaign_scope_v1,PASS_CORPUS_EXTRACTED,"Exact source substring, hashes, provenance, and offsets verified.",True,True,ctx_84ca6088137d56c32c100be2,3e9fa4327c7bff7dff12484f6a90fbe10e275edadcee35b58bd2f757154210ad,d2l_methodology_corpus_origin_audit,1.0.0
ctx_85127e11fd3023a9623643bf,document,d2l_linear_networks,d2l_linear_networks_linear_regression_concise_b045,sentence_316daaef04d2ffbc1b88e0cf,":begin_tab:`tensorflow`
The `MeanSquaredError` class computes the mean squared error (without the $1/2$ factor in :eqref:`eq_mse`).",0,131,66,84,c22620a96e3fbd97526f13ea9ccf508307d1175ea9bb8d3a5b6dfefb098a3f7f,CORPUS_EXTRACTED,EXACT_SOURCE_SUBSTRING,PRIMARY,C3,d2lce_49603071e9c21eb4bcbdf1e7,d2l_selected_campaign_scope_v1,PASS_CORPUS_EXTRACTED,"Exact source substring, hashes, provenance, and offsets verified.",True,True,ctx_85127e11fd3023a9623643bf,5d9b6436329bbf712a2672638ae6e6e4e233060adc56beaf7f3c46b55ad1afc2,d2l_methodology_corpus_origin_audit,1.0.0
ctx_85322039ea0d616c001b09d4,document,d2l_recommender_systems,d2l_recommender_systems_recsys_intro_b006,sentence_68cbb6e3e3a7402febb8cee2,Latent factor models such as matrix factorization are examples of model-based CF.,281,362,29,49,c22620a96e3fbd97526f13ea9ccf508307d1175ea9bb8d3a5b6dfefb098a3f7f,CORPUS_EXTRACTED,EXACT_SOURCE_SUBSTRING,PRIMARY,C1,d2lce_bbf89ef89c96205886255dcf,d2l_selected_campaign_scope_v1,PASS_CORPUS_EXTRACTED,"Exact source substring, hashes, provenance, and offsets verified.",True,True,ctx_85322039ea0d616c001b09d4,7093328914377668b2a380ccdd38b02e6294f65444f6392a70382e2c0bf517e9,d2l_methodology_corpus_origin_audit,1.0.0
ctx_85acded56d4e4fc62d1ebf6b,document,d2l_natural_language_processing_pretraining,d2l_natural_language_processing_pretraining_word_embedding_dataset_b002,sentence_273677414d689607f103485e,"Now that we know the technical details of 
the word2vec models and approximate training methods,
let us walk through their implementations.",0,139,67,87,c22620a96e3fbd97526f13ea9ccf508307d1175ea9bb8d3a5b6dfefb098a3f7f,CORPUS_EXTRACTED,EXACT_SOURCE_SUBSTRING,BACKUP,C2,d2lce_28ab2b419f6b871a62a06060,d2l_selected_campaign_scope_v1,PASS_CORPUS_EXTRACTED,"Exact source substring, hashes, provenance, and offsets verified.",False,True,ctx_85acded56d4e4fc62d1ebf6b,1203bbbd383cb52b989e06dabe77750b0f98c508f7d3b7cfeacb57cfecaf4f5b,d2l_methodology_corpus_origin_audit,1.0.0
ctx_85c155993547287904ebb77e,document,d2l_introduction,d2l_introduction_index_b097,sentence_71c0a96848c7ea21b9125c22,"For text,
we can train models 
to ""fill in the blanks""
by predicting randomly masked words
using their surrounding words (contexts)
in big corpora without any labeling effort :cite:`Devlin.Chang.Lee.ea.2018`!",197,405,122,130,c22620a96e3fbd97526f13ea9ccf508307d1175ea9bb8d3a5b6dfefb098a3f7f,CORPUS_EXTRACTED,EXACT_SOURCE_SUBSTRING,PRIMARY,C1,d2lce_382e4bbab285d56a08249753,d2l_selected_campaign_scope_v1,PASS_CORPUS_EXTRACTED,"Exact source substring, hashes, provenance, and offsets verified.",True,True,ctx_85c155993547287904ebb77e,c54b9d4ecd0c16ce749b6af83d1865e673217482f6eee48a7aa293c9c95d86d6,d2l_methodology_corpus_origin_audit,1.0.0
ctx_85ece440cd707c90543755ee,document,d2l_multilayer_perceptrons,d2l_multilayer_perceptrons_numerical_stability_and_init_b022,sentence_dbee9bdae7b94896facbaff1,"Another problem in neural network design
is the symmetry inherent in their parametrization.",0,91,48,56,c22620a96e3fbd97526f13ea9ccf508307d1175ea9bb8d3a5b6dfefb098a3f7f,CORPUS_EXTRACTED,EXACT_SOURCE_SUBSTRING,PRIMARY,C1,d2lce_00c0e4f7d0d5537d738af8a7,d2l_selected_campaign_scope_v1,PASS_CORPUS_EXTRACTED,"Exact source substring, hashes, provenance, and offsets verified.",True,True,ctx_85ece440cd707c90543755ee,f8e3f621a39e9f7c9dd4d835938b6667b49644a4a09b68070bb4f4537fee6c74,d2l_methodology_corpus_origin_audit,1.0.0
ctx_85f3e69f989b8ba0e6c34543,document,d2l_convolutional_modern,d2l_convolutional_modern_alexnet_b033,sentence_5739ace66d210a66ae4f3bc2,"For example, it does not have the exponentiation operation found in the sigmoid activation function.",169,269,72,99,c22620a96e3fbd97526f13ea9ccf508307d1175ea9bb8d3a5b6dfefb098a3f7f,CORPUS_EXTRACTED,EXACT_SOURCE_SUBSTRING,PRIMARY,C1,d2lce_2485cc2d1b2606bcc62d63c1,d2l_selected_campaign_scope_v1,PASS_CORPUS_EXTRACTED,"Exact source substring, hashes, provenance, and offsets verified.",True,True,ctx_85f3e69f989b8ba0e6c34543,9983f9ea83d814af7338ee3a8b3a651770be17e012a2d9064702d56a90fdb1bf,d2l_methodology_corpus_origin_audit,1.0.0
ctx_85fa1560b684d47c13e4cb02,document,d2l_appendix_mathematics_for_deep_learning,d2l_appendix_mathematics_for_deep_learning_geometry_linear_algebraic_ops_b172,sentence_273ca24b86380f65e1515993,They can be used to define decision planes that are often used as the last step in a classification task.,250,355,85,104,c22620a96e3fbd97526f13ea9ccf508307d1175ea9bb8d3a5b6dfefb098a3f7f,CORPUS_EXTRACTED,EXACT_SOURCE_SUBSTRING,BACKUP,C1,d2lce_d89e6e83e5f07d1fcb18c6aa,d2l_selected_campaign_scope_v1,PASS_CORPUS_EXTRACTED,"Exact source substring, hashes, provenance, and offsets verified.",False,True,ctx_85fa1560b684d47c13e4cb02,5b342f82efc590ab5729688287a414c1e05542adcad013c7eb705ea4216a84fe,d2l_methodology_corpus_origin_audit,1.0.0
ctx_8668691d65db41f7ae5d3e67,document,d2l_optimization,d2l_optimization_convexity_b097,sentence_4f0d47d44cad83cbe2c42ed4,Denote by $\mathcal{B}_p[r] \stackrel{\mathrm{def}}{=} \{\mathbf{x} | \mathbf{x} \in \mathbb{R}^d \text{ and } \|\mathbf{x}\|_p \leq r\}$ the ball of radius $r$ using the $p$-norm.,303,483,175,179,c22620a96e3fbd97526f13ea9ccf508307d1175ea9bb8d3a5b6dfefb098a3f7f,CORPUS_EXTRACTED,EXACT_SOURCE_SUBSTRING,PRIMARY,C1,d2lce_3e633e212e54590ca20bfc99,d2l_selected_campaign_scope_v1,PASS_CORPUS_EXTRACTED,"Exact source substring, hashes, provenance, and offsets verified.",True,True,ctx_8668691d65db41f7ae5d3e67,52006fa1e98a98713b3e6f1716271ec3f0cf41d586e9678da9265f7887052d8a,d2l_methodology_corpus_origin_audit,1.0.0
ctx_868efbddfe140e3e02c5c89d,document,d2l_natural_language_processing_applications,d2l_natural_language_processing_applications_sentiment_analysis_cnn_b019,sentence_cbf2869df2a6bb955dafc5f6,"Note that
multi-input-channel one-dimensional cross-correlations
are equivalent
to 
single-input-channel 
two-dimensional cross-correlations.",0,141,106,140,c22620a96e3fbd97526f13ea9ccf508307d1175ea9bb8d3a5b6dfefb098a3f7f,CORPUS_EXTRACTED,EXACT_SOURCE_SUBSTRING,BACKUP,C2,d2lce_963a14fc5042969e330bb020,d2l_selected_campaign_scope_v1,PASS_CORPUS_EXTRACTED,"Exact source substring, hashes, provenance, and offsets verified.",False,True,ctx_868efbddfe140e3e02c5c89d,2d4f2db50dd89f819a1590f9a89486ee1056d8e3387a291c32379687dce4a7dd,d2l_methodology_corpus_origin_audit,1.0.0
ctx_8710926068d0f1fb4746e134,document,d2l_recurrent_neural_networks,d2l_recurrent_neural_networks_index_b006,sentence_03c632da4ac49a83a03b81b0,After a more formal review of sequence data we introduce practical techniques for preprocessing text data.,132,238,30,43,c22620a96e3fbd97526f13ea9ccf508307d1175ea9bb8d3a5b6dfefb098a3f7f,CORPUS_EXTRACTED,EXACT_SOURCE_SUBSTRING,BACKUP,C2,d2lce_b85d9a7a642afee03175796f,d2l_selected_campaign_scope_v1,PASS_CORPUS_EXTRACTED,"Exact source substring, hashes, provenance, and offsets verified.",False,True,ctx_8710926068d0f1fb4746e134,0148e08cbe37ae5078e675c496c25f5a5f0fb409eeffa6ad51147dc29f8e522b,d2l_methodology_corpus_origin_audit,1.0.0
ctx_876dc1724c5a190419098d85,document,d2l_convolutional_neural_networks,d2l_convolutional_neural_networks_conv_layer_b055,sentence_27dc73c696402faf51057749,* The core computation of a two-dimensional convolutional layer is a two-dimensional cross-correlation operation.,0,113,69,102,c22620a96e3fbd97526f13ea9ccf508307d1175ea9bb8d3a5b6dfefb098a3f7f,CORPUS_EXTRACTED,EXACT_SOURCE_SUBSTRING,PRIMARY,C1,d2lce_963a14fc5042969e330bb020,d2l_selected_campaign_scope_v1,PASS_CORPUS_EXTRACTED,"Exact source substring, hashes, provenance, and offsets verified.",True,True,ctx_876dc1724c5a190419098d85,472b27198c5ef138b3343ebb17e8ea5f934efc8a08e537e4badeff19f75a12eb,d2l_methodology_corpus_origin_audit,1.0.0
ctx_8773b84dd0e7621c8e9964bc,document,d2l_appendix_mathematics_for_deep_learning,d2l_appendix_mathematics_for_deep_learning_statistics_b014,sentence_15c9bbe2fb148188a88cfd9b,"In this section, we introduce three common methods to evaluate and compare estimators: the mean squared error, the standard deviation, and statistical bias.",81,237,91,109,c22620a96e3fbd97526f13ea9ccf508307d1175ea9bb8d3a5b6dfefb098a3f7f,CORPUS_EXTRACTED,EXACT_SOURCE_SUBSTRING,BACKUP,C2,d2lce_49603071e9c21eb4bcbdf1e7,d2l_selected_campaign_scope_v1,PASS_CORPUS_EXTRACTED,"Exact source substring, hashes, provenance, and offsets verified.",False,True,ctx_8773b84dd0e7621c8e9964bc,f66f26b48e9f3dff4261cf5ec9cc5fd22253dc596f1b5f26a412f1dc9e7f51ce,d2l_methodology_corpus_origin_audit,1.0.0
ctx_877769c7d10adbd8a43011a6,document,d2l_multilayer_perceptrons,d2l_multilayer_perceptrons_environment_b020,sentence_ee865343b985a0ad58e8a315,"We may also encounter the related problem of *concept shift*,
which arises when the very definitions of labels can change.",0,122,46,59,c22620a96e3fbd97526f13ea9ccf508307d1175ea9bb8d3a5b6dfefb098a3f7f,CORPUS_EXTRACTED,EXACT_SOURCE_SUBSTRING,PRIMARY,C1,d2lce_6239b2ef1cec1800e3d6f13f,d2l_selected_campaign_scope_v1,PASS_CORPUS_EXTRACTED,"Exact source substring, hashes, provenance, and offsets verified.",True,True,ctx_877769c7d10adbd8a43011a6,1b0add80b2f4e8d050d8de21c405be8f2e938e0522f783396f640b0e3f35cfc2,d2l_methodology_corpus_origin_audit,1.0.0
ctx_878c161653cd7f18ca9484fb,document,d2l_convolutional_modern,d2l_convolutional_modern_batch_norm_b033,sentence_54c8e3411a2c75de2e852488,"```{.python .input}
from d2l import mxnet as d2l
from mxnet import autograd, np, npx, init
from mxnet.gluon import nn
npx.set_np()

def batch_norm(X, gamma, beta, moving_mean, moving_var, eps, momentum):
    # Use `autograd` to determine whether the current mode is training mode or
    # prediction mode
    if not autograd.is_training():
        # If it is prediction mode, directly use the mean and variance
        # obtained by moving average
        X_hat = (X - moving_mean) / np.sqrt(moving_var + eps)
    else:
        assert len(X.shape) in (2, 4)
        if len(X.shape) == 2:
            # When using a fully-connected layer, calculate the mean and
            # variance on the feature dimension
            mean = X.mean(axis=0)
            var = ((X - mean) ** 2).mean(axis=0)
        else:
            # When using a two-dimensional convolutional layer, calculate the
            # mean and variance on the channel dimension (axis=1).",0,950,157,161,c22620a96e3fbd97526f13ea9ccf508307d1175ea9bb8d3a5b6dfefb098a3f7f,CORPUS_EXTRACTED,EXACT_SOURCE_SUBSTRING,PRIMARY,C1,d2lce_20a7e6887718c68fb6b88a05,d2l_selected_campaign_scope_v1,PASS_CORPUS_EXTRACTED,"Exact source substring, hashes, provenance, and offsets verified.",True,True,ctx_878c161653cd7f18ca9484fb,a348e1fe55100dadb26d359f0f67d40f2caddf446345b7ba28a0de135f27a920,d2l_methodology_corpus_origin_audit,1.0.0
ctx_87d3bb237e3e364754aca75a,document,d2l_appendix_mathematics_for_deep_learning,d2l_appendix_mathematics_for_deep_learning_eigendecomposition_b031,sentence_01cf902648a8aa0f6fac4632,"In the next section we will see some nice consequences of this,
but for now we need only know that such a decomposition 
will exist as long as we can find a full collection 
of linearly independent eigenvectors (so that $W$ is invertible).",0,239,177,197,c22620a96e3fbd97526f13ea9ccf508307d1175ea9bb8d3a5b6dfefb098a3f7f,CORPUS_EXTRACTED,EXACT_SOURCE_SUBSTRING,BACKUP,C2,d2lce_e246c0d41c7b8bc2c145f69a,d2l_selected_campaign_scope_v1,PASS_CORPUS_EXTRACTED,"Exact source substring, hashes, provenance, and offsets verified.",False,True,ctx_87d3bb237e3e364754aca75a,f9f1b4112842706ab8b2e95e92e6eff627f2630263ae8dcc07dec374fc8c118f,d2l_methodology_corpus_origin_audit,1.0.0
ctx_87e8e11751488aa4967c115a,document,d2l_computational_performance,d2l_computational_performance_auto_parallelism_b003,sentence_d79cd9d5e4d8c6620dccfe2a,The same applies to a single GPU.,243,276,22,32,c22620a96e3fbd97526f13ea9ccf508307d1175ea9bb8d3a5b6dfefb098a3f7f,CORPUS_EXTRACTED,EXACT_SOURCE_SUBSTRING,BACKUP,C1,d2lce_e014da89e120449f8881dd5b,d2l_selected_campaign_scope_v1,PASS_CORPUS_EXTRACTED,"Exact source substring, hashes, provenance, and offsets verified.",False,True,ctx_87e8e11751488aa4967c115a,d50ae3e75e29bb2c9a6218d2bbaac484d6e5c6742bcb3b7d9fcb65180bd5d4cb,d2l_methodology_corpus_origin_audit,1.0.0
ctx_881a115cc0a3059593925a60,document,d2l_computer_vision,d2l_computer_vision_index_b003,sentence_f03f5163d6f26542beabe713,"Next, we will show how to use *fully convolutional networks* for semantic segmentation of images.",798,895,65,86,c22620a96e3fbd97526f13ea9ccf508307d1175ea9bb8d3a5b6dfefb098a3f7f,CORPUS_EXTRACTED,EXACT_SOURCE_SUBSTRING,PRIMARY,C2,d2lce_2e41378b04489016bfe5707a,d2l_selected_campaign_scope_v1,PASS_CORPUS_EXTRACTED,"Exact source substring, hashes, provenance, and offsets verified.",True,True,ctx_881a115cc0a3059593925a60,aea7ff308449e97f2183fd9df9a9fb9fa97d55c41a56825f3f67e1902b359dd0,d2l_methodology_corpus_origin_audit,1.0.0
ctx_885cc737774521b311183188,document,d2l_computational_performance,d2l_computational_performance_auto_parallelism_b012,sentence_b417546c6ca65392002320f2,"It takes in a `device` argument, the device for which we need to synchronize.",302,379,65,76,c22620a96e3fbd97526f13ea9ccf508307d1175ea9bb8d3a5b6dfefb098a3f7f,CORPUS_EXTRACTED,EXACT_SOURCE_SUBSTRING,PRIMARY,C1,d2lce_1edc567804c90f134219a8f0,d2l_selected_campaign_scope_v1,PASS_CORPUS_EXTRACTED,"Exact source substring, hashes, provenance, and offsets verified.",True,True,ctx_885cc737774521b311183188,b24c24541a7290e0b0940a5fdf29df397b45880a2b11812b9c88d8ef7e8b5e12,d2l_methodology_corpus_origin_audit,1.0.0
ctx_886359a0115580e42e4e3d5b,document,d2l_installation,d2l_installation_index_b019,sentence_095e43f2d673e72f634951bc,"Before installing any deep learning framework, 
please first check whether or not 
you have proper GPUs on your machine
(the GPUs that power the display 
on a standard laptop are not relevant for our purposes).",0,210,135,140,c22620a96e3fbd97526f13ea9ccf508307d1175ea9bb8d3a5b6dfefb098a3f7f,CORPUS_EXTRACTED,EXACT_SOURCE_SUBSTRING,UNSELECTED,C3,d2lce_2b76c0f26436945cdf880aed,d2l_selected_campaign_scope_v1,PASS_CORPUS_EXTRACTED,"Exact source substring, hashes, provenance, and offsets verified.",False,False,ctx_886359a0115580e42e4e3d5b,89447b7b4e0ec3c594ac90ec59e82ee19304e883a32a5c23dbe32e7964a0241d,d2l_methodology_corpus_origin_audit,1.0.0
ctx_88bff3b8804e23bebb2d55a1,document,d2l_computer_vision,d2l_computer_vision_fine_tuning_b024,sentence_5c2b6278171e9865c2b2289c,"During training, we first crop a random area of random size and random aspect ratio from the image,
and then scale this area
to a $224 \times 224$ input image.",0,159,71,83,c22620a96e3fbd97526f13ea9ccf508307d1175ea9bb8d3a5b6dfefb098a3f7f,CORPUS_EXTRACTED,EXACT_SOURCE_SUBSTRING,PRIMARY,C1,d2lce_ddf8557de1cd5ff23b86e10e,d2l_selected_campaign_scope_v1,PASS_CORPUS_EXTRACTED,"Exact source substring, hashes, provenance, and offsets verified.",True,True,ctx_88bff3b8804e23bebb2d55a1,e585c1ea8d23fc170d2969e5441578f52e8811c914203e9ef0bcc0d6cdce3a0e,d2l_methodology_corpus_origin_audit,1.0.0
ctx_88d4ac7e32b65e492b2dbc3a,document,d2l_installation,d2l_installation_index_b036,sentence_7100f0a40cb9caf5c580a105,"If your computer has NVIDIA graphics cards and has installed [CUDA](https://developer.nvidia.com/cuda-downloads),
then you should install a GPU-enabled version.",198,358,62,66,c22620a96e3fbd97526f13ea9ccf508307d1175ea9bb8d3a5b6dfefb098a3f7f,CORPUS_EXTRACTED,EXACT_SOURCE_SUBSTRING,BACKUP,C3,d2lce_ebd36388b50538b928ebbb4a,d2l_selected_campaign_scope_v1,PASS_CORPUS_EXTRACTED,"Exact source substring, hashes, provenance, and offsets verified.",False,True,ctx_88d4ac7e32b65e492b2dbc3a,65291784a1b93f525067867d1d2aca90234b1511b02ba74553944e7ad95a3f7e,d2l_methodology_corpus_origin_audit,1.0.0
ctx_89205c55ccfdb1cec5251eea,document,d2l_appendix_mathematics_for_deep_learning,d2l_appendix_mathematics_for_deep_learning_multivariable_calculus_b116,sentence_0d89db143bf29863a49cd78d,"Suppose that we have some fixed column vector $\boldsymbol{\beta}$, and we want to take the product function $f(\mathbf{x}) = \boldsymbol{\beta}^\top\mathbf{x}$, and understand how the dot product changes when we change $\mathbf{x}$.",31,264,60,64,c22620a96e3fbd97526f13ea9ccf508307d1175ea9bb8d3a5b6dfefb098a3f7f,CORPUS_EXTRACTED,EXACT_SOURCE_SUBSTRING,BACKUP,C1,d2lce_20a7e6887718c68fb6b88a05,d2l_selected_campaign_scope_v1,PASS_CORPUS_EXTRACTED,"Exact source substring, hashes, provenance, and offsets verified.",False,True,ctx_89205c55ccfdb1cec5251eea,d499f41139f2ed6812812af6e1af92b1c96c4b88e016ad89d2386af6ebbfb018,d2l_methodology_corpus_origin_audit,1.0.0
ctx_897ec61828c3518836961df7,document,d2l_multilayer_perceptrons,d2l_multilayer_perceptrons_underfit_overfit_b067,sentence_6278bace11136f15494e73c0,"```{.python .input}
#@tab pytorch
def train(train_features, test_features, train_labels, test_labels,
          num_epochs=400):
    loss = nn.MSELoss(reduction='none')
    input_shape = train_features.shape[-1]
    # Switch off the bias since we already catered for it in the polynomial
    # features
    net = nn.Sequential(nn.Linear(input_shape, 1, bias=False))
    batch_size = min(10, train_labels.shape[0])
    train_iter = d2l.load_array((train_features, train_labels.reshape(-1,1)),
                                batch_size)
    test_iter = d2l.load_array((test_features, test_labels.reshape(-1,1)),
                               batch_size, is_train=False)
    trainer = torch.optim.SGD(net.parameters(), lr=0.01)
    animator = d2l.Animator(xlabel='epoch', ylabel='loss', yscale='log',
                            xlim=[1, num_epochs], ylim=[1e-3, 1e2],
                            legend=['train', 'test'])
    for epoch in range(num_epochs):
        d2l.train_epoch_ch3(net, train_iter, loss, trainer)
        if epoch == 0 or (epoch + 1) % 20 == 0:
            animator.add(epoch + 1, (evaluate_loss(net, train_iter, loss),
                                     evaluate_loss(net, test_iter, loss)))
    print('weight:', net[0].weight.data.numpy())
```",0,1268,218,224,c22620a96e3fbd97526f13ea9ccf508307d1175ea9bb8d3a5b6dfefb098a3f7f,CORPUS_EXTRACTED,EXACT_SOURCE_SUBSTRING,UNSELECTED,NONE,d2lce_91002293cea2184b43995f47,d2l_selected_campaign_scope_v1,PASS_CORPUS_EXTRACTED,"Exact source substring, hashes, provenance, and offsets verified.",False,False,ctx_897ec61828c3518836961df7,754d93c119573a34046988f5f80a5327f0f25a35b95336673bd4f587379b0099,d2l_methodology_corpus_origin_audit,1.0.0
ctx_89f8785f0d47f0a72eb28a8d,document,d2l_recommender_systems,d2l_recommender_systems_seqrec_b020,sentence_ff6999abe1481494f88a8061,"## Model Implementation
The following code implements the Caser model.",0,70,58,63,c22620a96e3fbd97526f13ea9ccf508307d1175ea9bb8d3a5b6dfefb098a3f7f,CORPUS_EXTRACTED,EXACT_SOURCE_SUBSTRING,PRIMARY,C2,d2lce_52085fef12f840d2350b2049,d2l_selected_campaign_scope_v1,PASS_CORPUS_EXTRACTED,"Exact source substring, hashes, provenance, and offsets verified.",True,True,ctx_89f8785f0d47f0a72eb28a8d,d181d3fbe9f59babe127f11a0c985f50700c7e1aa5437658bb2e54919315b03b,d2l_methodology_corpus_origin_audit,1.0.0
ctx_8a0bb471a0a435399c5293f9,document,d2l_attention_mechanisms,d2l_attention_mechanisms_attention_cues_b011,sentence_8ad63badeb83373acafa6f6f,"## Queries, Keys, and Values",0,28,12,16,c22620a96e3fbd97526f13ea9ccf508307d1175ea9bb8d3a5b6dfefb098a3f7f,CORPUS_EXTRACTED,EXACT_SOURCE_SUBSTRING,PRIMARY,C1,d2lce_776fd3328d5e31aeebe484ec,d2l_selected_campaign_scope_v1,PASS_CORPUS_EXTRACTED,"Exact source substring, hashes, provenance, and offsets verified.",True,True,ctx_8a0bb471a0a435399c5293f9,ee42fe8e43d1a23d4a584cc14a1a5fb6a11f598793b6ddf249d3f1b952eb3297,d2l_methodology_corpus_origin_audit,1.0.0
ctx_8a430806097a3e11f597ee65,document,d2l_optimization,d2l_optimization_convexity_b051,sentence_3889de1fbb3d0ed3843b8ad6,"Formally, a twice-differentiable one-dimensional function $f: \mathbb{R} \rightarrow \mathbb{R}$ is convex
if and only if its second derivative $f'' \geq 0$.",0,157,126,143,c22620a96e3fbd97526f13ea9ccf508307d1175ea9bb8d3a5b6dfefb098a3f7f,CORPUS_EXTRACTED,EXACT_SOURCE_SUBSTRING,PRIMARY,C1,d2lce_bee01b92f7b0b02cc1d77bd7,d2l_selected_campaign_scope_v1,PASS_CORPUS_EXTRACTED,"Exact source substring, hashes, provenance, and offsets verified.",True,True,ctx_8a430806097a3e11f597ee65,20dc5364463b2a74474fcae0933c7c25555a2e2dfbad524d470121bf4cad8303,d2l_methodology_corpus_origin_audit,1.0.0
ctx_8a60b064bcb2036082395b15,document,d2l_natural_language_processing_pretraining,d2l_natural_language_processing_pretraining_approx_training_b034,sentence_a6136d42e3a5b589cd260c1f,How can we sample noise words in negative sampling?,3,54,18,29,c22620a96e3fbd97526f13ea9ccf508307d1175ea9bb8d3a5b6dfefb098a3f7f,CORPUS_EXTRACTED,EXACT_SOURCE_SUBSTRING,BACKUP,C2,d2lce_5c270f3b3ebe4f0059649e18,d2l_selected_campaign_scope_v1,PASS_CORPUS_EXTRACTED,"Exact source substring, hashes, provenance, and offsets verified.",False,True,ctx_8a60b064bcb2036082395b15,402ca184f468e683c4f970c16cbe4211ccc6009a9ebeab98bf1ae80f93a3b1db,d2l_methodology_corpus_origin_audit,1.0.0
ctx_8ae5ddde35de799cd4b51696,document,d2l_natural_language_processing_pretraining,d2l_natural_language_processing_pretraining_word2vec_b009,sentence_120717dab0f18c821c479676,"Since supervision comes from the data without labels,
both skip-gram and continuous bag of words
are self-supervised models.",614,738,73,96,c22620a96e3fbd97526f13ea9ccf508307d1175ea9bb8d3a5b6dfefb098a3f7f,CORPUS_EXTRACTED,EXACT_SOURCE_SUBSTRING,BACKUP,C2,d2lce_dc193feb1eeef3a1349d9b74,d2l_selected_campaign_scope_v1,PASS_CORPUS_EXTRACTED,"Exact source substring, hashes, provenance, and offsets verified.",False,True,ctx_8ae5ddde35de799cd4b51696,29e617155714b24fbabe91fe2f9d9c8f6bb871b8eec69c9b1fac47583a21c592,d2l_methodology_corpus_origin_audit,1.0.0
ctx_8b3dbbc201dd9f141734c7f2,document,d2l_natural_language_processing_applications,d2l_natural_language_processing_applications_index_b008,sentence_2b6e699fddc57b8c7f6b0994,"```toc
:maxdepth: 2

sentiment-analysis-and-dataset
sentiment-analysis-rnn
sentiment-analysis-cnn
natural-language-inference-and-dataset
natural-language-inference-attention
finetuning-bert
natural-language-inference-bert
```",0,225,94,97,c22620a96e3fbd97526f13ea9ccf508307d1175ea9bb8d3a5b6dfefb098a3f7f,CORPUS_EXTRACTED,EXACT_SOURCE_SUBSTRING,BACKUP,C2,d2lce_eba859df6c63311dce4a5eb7,d2l_selected_campaign_scope_v1,PASS_CORPUS_EXTRACTED,"Exact source substring, hashes, provenance, and offsets verified.",False,True,ctx_8b3dbbc201dd9f141734c7f2,bd05aa256796ee0f5092cbf3fb9c17279b36df29aecdeafcaadfd1c116b7531b,d2l_methodology_corpus_origin_audit,1.0.0
ctx_8b4f9d8a2db0a1027760532e,document,d2l_preliminaries,d2l_preliminaries_linear_algebra_b043,sentence_23345862ddbac53a26f53b2e,"When we exchange a matrix's rows and columns,
the result is called the *transpose* of the matrix.",37,134,72,81,c22620a96e3fbd97526f13ea9ccf508307d1175ea9bb8d3a5b6dfefb098a3f7f,CORPUS_EXTRACTED,EXACT_SOURCE_SUBSTRING,PRIMARY,C1,d2lce_6b1b75f43b72ec9bace62065,d2l_selected_campaign_scope_v1,PASS_CORPUS_EXTRACTED,"Exact source substring, hashes, provenance, and offsets verified.",True,True,ctx_8b4f9d8a2db0a1027760532e,76249fbb75c055734cd4b65231381297a3656998ba6986033516249d44e47c72,d2l_methodology_corpus_origin_audit,1.0.0
ctx_8b947d5e873543c5099e853b,document,d2l_recurrent_neural_networks,d2l_recurrent_neural_networks_language_models_and_dataset_b045,sentence_712d1e6d9b1dd3e796636875,"![Different offsets lead to different subsequences when splitting up text.](../img/timemachine-5gram.svg)
:label:`fig_timemachine_5gram`",0,136,12,19,c22620a96e3fbd97526f13ea9ccf508307d1175ea9bb8d3a5b6dfefb098a3f7f,CORPUS_EXTRACTED,EXACT_SOURCE_SUBSTRING,BACKUP,C1,d2lce_e749bbd007351d6963f2bbd0,d2l_selected_campaign_scope_v1,PASS_CORPUS_EXTRACTED,"Exact source substring, hashes, provenance, and offsets verified.",False,True,ctx_8b947d5e873543c5099e853b,db79bdd2dfe8e082cee6a1be7966c3f974563ea72859673d57a3cdd5aac3ccee,d2l_methodology_corpus_origin_audit,1.0.0
ctx_8b948684ac54a83a4d0f3076,document,d2l_deep_learning_computation,d2l_deep_learning_computation_model_construction_b028,sentence_cbd995b887bedcca4f6374ba,"We [**instantiate the MLP's layers**]
in the constructor
(**and subsequently invoke these layers**)
on each call to the forward propagation function.",0,149,45,56,c22620a96e3fbd97526f13ea9ccf508307d1175ea9bb8d3a5b6dfefb098a3f7f,CORPUS_EXTRACTED,EXACT_SOURCE_SUBSTRING,PRIMARY,C2,d2lce_7d7b617aacd41c76538d06af,d2l_selected_campaign_scope_v1,PASS_CORPUS_EXTRACTED,"Exact source substring, hashes, provenance, and offsets verified.",True,True,ctx_8b948684ac54a83a4d0f3076,254ebbf4cd1883038ab1aa23f6a7fb9253f1b09d64f93b9c6d3325985324a26b,d2l_methodology_corpus_origin_audit,1.0.0
ctx_8bd905bd87e3d1f74a1769c5,document,d2l_multilayer_perceptrons,d2l_multilayer_perceptrons_mlp_b068,sentence_9b0ba41212bd8b35664369cb,The derivative of the tanh function is:,0,39,22,35,c22620a96e3fbd97526f13ea9ccf508307d1175ea9bb8d3a5b6dfefb098a3f7f,CORPUS_EXTRACTED,EXACT_SOURCE_SUBSTRING,PRIMARY,C1,d2lce_658174b1687c73f5aa1957ab,d2l_selected_campaign_scope_v1,PASS_CORPUS_EXTRACTED,"Exact source substring, hashes, provenance, and offsets verified.",True,True,ctx_8bd905bd87e3d1f74a1769c5,a8f9d791d3c73717996a665af10247c63fb2777a5005b70119f000a1add58d7c,d2l_methodology_corpus_origin_audit,1.0.0
ctx_8c4194ab74302b6b3fccfd63,document,d2l_multilayer_perceptrons,d2l_multilayer_perceptrons_numerical_stability_and_init_b042,sentence_70a581ba0d8d11602b24f6dc,* ReLU activation functions mitigate the vanishing gradient problem.,300,368,2,17,c22620a96e3fbd97526f13ea9ccf508307d1175ea9bb8d3a5b6dfefb098a3f7f,CORPUS_EXTRACTED,EXACT_SOURCE_SUBSTRING,BACKUP,C1,d2lce_42900db05a19228ce33eafe0,d2l_selected_campaign_scope_v1,PASS_CORPUS_EXTRACTED,"Exact source substring, hashes, provenance, and offsets verified.",False,True,ctx_8c4194ab74302b6b3fccfd63,cea98f98cf46b290d53793dc93c214a0158b933a4628b403070ec117b0884b0b,d2l_methodology_corpus_origin_audit,1.0.0
ctx_8cc78c2ac5c8304bb46fbe21,document,d2l_convolutional_modern,d2l_convolutional_modern_batch_norm_b006,sentence_d02e654dc9063142820c0839,"Second, for a typical MLP or CNN, as we train,
the variables (e.g., affine transformation outputs in MLP)
in intermediate layers 
may take values with widely varying magnitudes:
both along the layers from the input to the output, across units in the same layer,
and over time due to our updates to the model parameters.",0,319,68,89,c22620a96e3fbd97526f13ea9ccf508307d1175ea9bb8d3a5b6dfefb098a3f7f,CORPUS_EXTRACTED,EXACT_SOURCE_SUBSTRING,BACKUP,C2,d2lce_539543a2360129e2a2fa1b6d,d2l_selected_campaign_scope_v1,PASS_CORPUS_EXTRACTED,"Exact source substring, hashes, provenance, and offsets verified.",False,True,ctx_8cc78c2ac5c8304bb46fbe21,7107d63442aa5a8339b538ea655b76d54291f94ae30b87d215be5b7704091f82,d2l_methodology_corpus_origin_audit,1.0.0
ctx_8cd3de6c9b491391cc9a6104,document,d2l_multilayer_perceptrons,d2l_multilayer_perceptrons_underfit_overfit_b012,sentence_96ed8159a530167fdc27b845,"In this case, the model that always predicts class 1
will incur an error of $\frac{1}{3}$,
considerably better than our generalization error.",646,787,120,140,c22620a96e3fbd97526f13ea9ccf508307d1175ea9bb8d3a5b6dfefb098a3f7f,CORPUS_EXTRACTED,EXACT_SOURCE_SUBSTRING,BACKUP,C4,d2lce_9199c3ba27076b186a42df23,d2l_selected_campaign_scope_v1,PASS_CORPUS_EXTRACTED,"Exact source substring, hashes, provenance, and offsets verified.",False,True,ctx_8cd3de6c9b491391cc9a6104,718a1e15bd191903affcb74ebe2df169deb245d2fbd75578acc804a3974e99cb,d2l_methodology_corpus_origin_audit,1.0.0
ctx_8ce15c1d9039adf76ce88c55,document,d2l_computer_vision,d2l_computer_vision_fcn_b020,sentence_b2922bb9c52823f0c42e418b,## [**Initializing Transposed Convolutional Layers**],0,53,19,50,c22620a96e3fbd97526f13ea9ccf508307d1175ea9bb8d3a5b6dfefb098a3f7f,CORPUS_EXTRACTED,EXACT_SOURCE_SUBSTRING,BACKUP,C4,d2lce_b63485c15ac13f80b0d98676,d2l_selected_campaign_scope_v1,PASS_CORPUS_EXTRACTED,"Exact source substring, hashes, provenance, and offsets verified.",False,True,ctx_8ce15c1d9039adf76ce88c55,472ede65513e09f25e6ade5a70a115bf5da39c8daace41d5058049b37ceae971,d2l_methodology_corpus_origin_audit,1.0.0
ctx_8ce751d21f2cb72d502c47b8,document,d2l_deep_learning_computation,d2l_deep_learning_computation_model_construction_b013,sentence_88730d52d54239993b8f0316,"Note that each of the two fully-connected layers is an instance of the `Linear` class
which is itself a subclass of `Module`.",342,467,26,48,c22620a96e3fbd97526f13ea9ccf508307d1175ea9bb8d3a5b6dfefb098a3f7f,CORPUS_EXTRACTED,EXACT_SOURCE_SUBSTRING,BACKUP,C1,d2lce_98b37a7bcb47cd2ef2e5f296,d2l_selected_campaign_scope_v1,PASS_CORPUS_EXTRACTED,"Exact source substring, hashes, provenance, and offsets verified.",False,True,ctx_8ce751d21f2cb72d502c47b8,efeb1d1feaa8e3b3885e1ba58969e92522dc02cacffb0d61a41484b201073732,d2l_methodology_corpus_origin_audit,1.0.0
ctx_8cf7fef52d9596f550b824ee,document,d2l_computer_vision,d2l_computer_vision_anchor_b063,sentence_2a16238578194a7be19e8abd,"Below we implement the `offset_inverse` function
that takes in anchors and
offset predictions as inputs and [**applies inverse offset transformations to
return the predicted bounding box coordinates**].",216,418,119,126,c22620a96e3fbd97526f13ea9ccf508307d1175ea9bb8d3a5b6dfefb098a3f7f,CORPUS_EXTRACTED,EXACT_SOURCE_SUBSTRING,PRIMARY,C2,d2lce_98211ac6b2c27c6359ce6dae,d2l_selected_campaign_scope_v1,PASS_CORPUS_EXTRACTED,"Exact source substring, hashes, provenance, and offsets verified.",True,True,ctx_8cf7fef52d9596f550b824ee,085909d1e8014653b9e15594b4e5001f23c90d2908a2277a54178e289a8c240d,d2l_methodology_corpus_origin_audit,1.0.0
ctx_8d01d5c8ba8b22afa8297f86,document,d2l_recurrent_modern,d2l_recurrent_modern_bi_rnn_b048,sentence_8e4b095f9ea2acb1af669d56,"For example, the word ""bank"" has different meanings in contexts “i went to the bank to deposit cash” and “i went to the bank to sit down”.",219,357,55,63,c22620a96e3fbd97526f13ea9ccf508307d1175ea9bb8d3a5b6dfefb098a3f7f,CORPUS_EXTRACTED,EXACT_SOURCE_SUBSTRING,PRIMARY,C1,d2lce_382e4bbab285d56a08249753,d2l_selected_campaign_scope_v1,PASS_CORPUS_EXTRACTED,"Exact source substring, hashes, provenance, and offsets verified.",True,True,ctx_8d01d5c8ba8b22afa8297f86,62b215cd953da8042f3c8aa70ce73388883460961ca9bccae8437e9cd05f1096,d2l_methodology_corpus_origin_audit,1.0.0
ctx_8d54eee9a00c6d0088c74e34,document,d2l_recommender_systems,d2l_recommender_systems_mf_b002,sentence_c8e70647bde1c006e21f6d74,"The first version of matrix factorization model is proposed by Simon Funk in a famous [blog
post](https://sifter.org/~simon/journal/20061211.html) in which he described the idea of factorizing the interaction matrix.",125,341,197,215,c22620a96e3fbd97526f13ea9ccf508307d1175ea9bb8d3a5b6dfefb098a3f7f,CORPUS_EXTRACTED,EXACT_SOURCE_SUBSTRING,PRIMARY,C1,d2lce_c01c503b792019c6e3827ac0,d2l_selected_campaign_scope_v1,PASS_CORPUS_EXTRACTED,"Exact source substring, hashes, provenance, and offsets verified.",True,True,ctx_8d54eee9a00c6d0088c74e34,458fc7b7d92d0709459b52f9ccaf23f4a4c2652a5be2190f1ec1a46ba095738b,d2l_methodology_corpus_origin_audit,1.0.0
ctx_8d6f5ef7a077c6f9eec43e01,document,d2l_appendix_mathematics_for_deep_learning,d2l_appendix_mathematics_for_deep_learning_naive_bayes_b062,sentence_142d2606798d9ac37b9c2c42,"As discussed in that section, we fix this by use the fact that $\log a b = \log a + \log b$, i.e., we switch to summing logarithms.",0,131,102,108,c22620a96e3fbd97526f13ea9ccf508307d1175ea9bb8d3a5b6dfefb098a3f7f,CORPUS_EXTRACTED,EXACT_SOURCE_SUBSTRING,UNSELECTED,NONE,d2lce_91002293cea2184b43995f47,d2l_selected_campaign_scope_v1,PASS_CORPUS_EXTRACTED,"Exact source substring, hashes, provenance, and offsets verified.",False,False,ctx_8d6f5ef7a077c6f9eec43e01,c14fec80e50ae781ea87f9b42c0d0f0ffc079fd1f5be74dca002b5c76b550693,d2l_methodology_corpus_origin_audit,1.0.0
ctx_8d6f6ef23f8bdcf7a45e53a7,document,d2l_computer_vision,d2l_computer_vision_fcn_b002,sentence_b49062f6b6b6784a4a082dab,"Unlike the CNNs that we encountered earlier
for image classification 
or object detection,
a fully convolutional network
transforms 
the height and width of intermediate feature maps
back to those of the input image:
this is achieved by
the transposed convolutional layer
introduced in :numref:`sec_transposed_conv`.",261,577,241,271,c22620a96e3fbd97526f13ea9ccf508307d1175ea9bb8d3a5b6dfefb098a3f7f,CORPUS_EXTRACTED,EXACT_SOURCE_SUBSTRING,PRIMARY,C2,d2lce_b63485c15ac13f80b0d98676,d2l_selected_campaign_scope_v1,PASS_CORPUS_EXTRACTED,"Exact source substring, hashes, provenance, and offsets verified.",True,True,ctx_8d6f6ef23f8bdcf7a45e53a7,953c8692db0ad55441e920a6b80feffcf10bd4b6dee4c1c7668fe9aa86a2081c,d2l_methodology_corpus_origin_audit,1.0.0
ctx_8df7153a3f4e71ce745ec7c3,document,d2l_convolutional_modern,d2l_convolutional_modern_batch_norm_b005,sentence_c099c41f2241cf9bbfc502c1,"Intuitively, this standardization plays nicely with our optimizers
because it puts the parameters *a priori* at a similar scale.",318,446,18,33,c22620a96e3fbd97526f13ea9ccf508307d1175ea9bb8d3a5b6dfefb098a3f7f,CORPUS_EXTRACTED,EXACT_SOURCE_SUBSTRING,BACKUP,C1,d2lce_d53294d467b28b07bf000b10,d2l_selected_campaign_scope_v1,PASS_CORPUS_EXTRACTED,"Exact source substring, hashes, provenance, and offsets verified.",False,True,ctx_8df7153a3f4e71ce745ec7c3,e1747a122e8cef2d594a2018af73fa3697e5ace4cf655094ffe15915ef350362,d2l_methodology_corpus_origin_audit,1.0.0
ctx_8e04ca81f5cd4758904ce28b,document,d2l_appendix_mathematics_for_deep_learning,d2l_appendix_mathematics_for_deep_learning_random_variables_b058,sentence_ad9cc7582bac8012c7792143,"If we have a discrete random variable $X$, which takes the values $x_i$ with probabilities $p_i$, then the mean is given by the weighted average: sum the values times the probability that the random variable takes on that value:",60,288,128,144,c22620a96e3fbd97526f13ea9ccf508307d1175ea9bb8d3a5b6dfefb098a3f7f,CORPUS_EXTRACTED,EXACT_SOURCE_SUBSTRING,PRIMARY,C2,d2lce_a3e7228aef125ec437a840fa,d2l_selected_campaign_scope_v1,PASS_CORPUS_EXTRACTED,"Exact source substring, hashes, provenance, and offsets verified.",True,True,ctx_8e04ca81f5cd4758904ce28b,8f8c72a0536b48093581297067965f2a11fd64b97666b1c6bcfd8fcf0c7f1e0f,d2l_methodology_corpus_origin_audit,1.0.0
ctx_8e23dd2d6763c4ee696bb066,document,d2l_attention_mechanisms,d2l_attention_mechanisms_attention_cues_b014,sentence_b55a324b907b8b68eff4c103,"Therefore,
what sets attention mechanisms
apart from those fully-connected layers
or pooling layers
is the inclusion of the volitional cues.",0,140,85,99,c22620a96e3fbd97526f13ea9ccf508307d1175ea9bb8d3a5b6dfefb098a3f7f,CORPUS_EXTRACTED,EXACT_SOURCE_SUBSTRING,BACKUP,C2,d2lce_2b9f63478b6ef59511a4f930,d2l_selected_campaign_scope_v1,PASS_CORPUS_EXTRACTED,"Exact source substring, hashes, provenance, and offsets verified.",False,True,ctx_8e23dd2d6763c4ee696bb066,7a488f7c09b50c4ae8c0783ca54c4f251b7530b0370b511415db53d39210aa96,d2l_methodology_corpus_origin_audit,1.0.0
ctx_8e344cf296b5641fb066c073,document,d2l_optimization,d2l_optimization_convexity_b007,sentence_7eebdb58841719ababffc9f0,"Before convex analysis,
we need to define *convex sets* and *convex functions*.",0,79,61,77,c22620a96e3fbd97526f13ea9ccf508307d1175ea9bb8d3a5b6dfefb098a3f7f,CORPUS_EXTRACTED,EXACT_SOURCE_SUBSTRING,PRIMARY,C1,d2lce_0a19e86b29b5e64f79a45ddc,d2l_selected_campaign_scope_v1,PASS_CORPUS_EXTRACTED,"Exact source substring, hashes, provenance, and offsets verified.",True,True,ctx_8e344cf296b5641fb066c073,d50923773e09990cc58b5a3d534fe8c866084f42bda5f1c34a4226d17fea2f70,d2l_methodology_corpus_origin_audit,1.0.0
ctx_8e3bb715a8f1e73fa1eb0a44,document,d2l_notation,d2l_notation_index_b002,sentence_d1fbb2f0af63a821fe41aeb5,"As a general rule of thumb, 
the indefinite article ""a"" indicates
that the symbol is a placeholder
and that similarly formatted symbols
can denote other objects of the same type.",163,341,128,135,c22620a96e3fbd97526f13ea9ccf508307d1175ea9bb8d3a5b6dfefb098a3f7f,CORPUS_EXTRACTED,EXACT_SOURCE_SUBSTRING,PRIMARY,C1,d2lce_6f20c5222ebea4830603817b,d2l_selected_campaign_scope_v1,PASS_CORPUS_EXTRACTED,"Exact source substring, hashes, provenance, and offsets verified.",True,True,ctx_8e3bb715a8f1e73fa1eb0a44,363fd1d6fc4b443627e18f5e4e01e5adaf9b33ce6fd738c62bb1da136be69e26,d2l_methodology_corpus_origin_audit,1.0.0
ctx_8e452eff442f6f0cb419316b,document,d2l_convolutional_neural_networks,d2l_convolutional_neural_networks_lenet_b036,sentence_9df664a11e466597dc4bffac,"* In traditional CNNs, the representations encoded by the convolutional blocks are processed by one or more fully-connected layers prior to emitting output.",320,476,72,78,c22620a96e3fbd97526f13ea9ccf508307d1175ea9bb8d3a5b6dfefb098a3f7f,CORPUS_EXTRACTED,EXACT_SOURCE_SUBSTRING,PRIMARY,C1,d2lce_20c658fd4e221ee551790ec2,d2l_selected_campaign_scope_v1,PASS_CORPUS_EXTRACTED,"Exact source substring, hashes, provenance, and offsets verified.",True,True,ctx_8e452eff442f6f0cb419316b,897c8cddc02cc8322b50e49cd9d1f239896e5fdcb9aa0db369477dddff48a8f2,d2l_methodology_corpus_origin_audit,1.0.0
ctx_8e94e3fe2eccae4e18df81ce,document,d2l_computer_vision,d2l_computer_vision_anchor_b066,sentence_53e8aa7f4b6807d2b8557081,"For a predicted bounding box $B$,
the object detection model calculates the predicted likelihood
for each class.",43,155,38,60,c22620a96e3fbd97526f13ea9ccf508307d1175ea9bb8d3a5b6dfefb098a3f7f,CORPUS_EXTRACTED,EXACT_SOURCE_SUBSTRING,BACKUP,C2,d2lce_1cc990a2aa4f03a55ea8c851,d2l_selected_campaign_scope_v1,PASS_CORPUS_EXTRACTED,"Exact source substring, hashes, provenance, and offsets verified.",False,True,ctx_8e94e3fe2eccae4e18df81ce,6a4bd5192d41d403cd31587512bb21714991bc59f9c7f29f68397e6fcf41bfb0,d2l_methodology_corpus_origin_audit,1.0.0
ctx_8ed3baee31960a19edc33212,document,d2l_multilayer_perceptrons,d2l_multilayer_perceptrons_mlp_b003,sentence_683d3d7d6ad311e55c6c3ef4,## Hidden Layers,0,16,3,16,c22620a96e3fbd97526f13ea9ccf508307d1175ea9bb8d3a5b6dfefb098a3f7f,CORPUS_EXTRACTED,EXACT_SOURCE_SUBSTRING,PRIMARY,C4,d2lce_401e038a0835f7c5733a9857,d2l_selected_campaign_scope_v1,PASS_CORPUS_EXTRACTED,"Exact source substring, hashes, provenance, and offsets verified.",True,True,ctx_8ed3baee31960a19edc33212,a4910ebc5da4f71532ae8b2073ba84ab10b3a7ebe5b55fec3274f1b217f16071,d2l_methodology_corpus_origin_audit,1.0.0
ctx_8ee021478cb4ccd5631a27d8,document,d2l_multilayer_perceptrons,d2l_multilayer_perceptrons_mlp_b050,sentence_6c28be2f1495a5a81e29e1f3,"Sigmoids are still widely used as
activation functions on the output units,
when we want to interpret the outputs as probabilities
for binary classification problems
(you can think of the sigmoid as a special case of the softmax).",170,400,142,165,c22620a96e3fbd97526f13ea9ccf508307d1175ea9bb8d3a5b6dfefb098a3f7f,CORPUS_EXTRACTED,EXACT_SOURCE_SUBSTRING,BACKUP,C1,d2lce_7070b47672fcb2311c0527b6,d2l_selected_campaign_scope_v1,PASS_CORPUS_EXTRACTED,"Exact source substring, hashes, provenance, and offsets verified.",False,True,ctx_8ee021478cb4ccd5631a27d8,f119523a4cb2c1e22b39e2c4c5187ef96a314419c297ab4aaccd1464081bdaf1,d2l_methodology_corpus_origin_audit,1.0.0
ctx_8ee1967b4d544ce02f2d1be9,document,d2l_natural_language_processing_pretraining,d2l_natural_language_processing_pretraining_word_embedding_dataset_b036,sentence_7f0fe73e5b161f316b5dc88c,"(index 0 is the
    # excluded unknown token) in the vocabulary
    sampling_weights = [counter[vocab.to_tokens(i)]**0.75
                        for i in range(1, len(vocab))]
    all_negatives, generator = [], RandomGenerator(sampling_weights)
    for contexts in all_contexts:
        negatives = []
        while len(negatives) < len(contexts) * K:
            neg = generator.draw()
            # Noise words cannot be context words
            if neg not in contexts:
                negatives.append(neg)
        all_negatives.append(negatives)
    return all_negatives

all_negatives = get_negatives(all_contexts, vocab, counter, 5)
```",196,840,402,413,c22620a96e3fbd97526f13ea9ccf508307d1175ea9bb8d3a5b6dfefb098a3f7f,CORPUS_EXTRACTED,EXACT_SOURCE_SUBSTRING,PRIMARY,C1,d2lce_5c270f3b3ebe4f0059649e18,d2l_selected_campaign_scope_v1,PASS_CORPUS_EXTRACTED,"Exact source substring, hashes, provenance, and offsets verified.",True,True,ctx_8ee1967b4d544ce02f2d1be9,9f78ad157d4b1154c67665f1f326ab1279e1a41f90e42e2c47ae88592f5d9483,d2l_methodology_corpus_origin_audit,1.0.0
ctx_8f299ed874eca81dd1cb992d,document,d2l_recommender_systems,d2l_recommender_systems_deepfm_b002,sentence_439111af4bf8c065083c6f2d,"What's worse, second-order feature interactions are generally used in factorization machines in practice.",338,443,27,47,c22620a96e3fbd97526f13ea9ccf508307d1175ea9bb8d3a5b6dfefb098a3f7f,CORPUS_EXTRACTED,EXACT_SOURCE_SUBSTRING,BACKUP,C2,d2lce_8de4d36bcb2f1ad2291dd52e,d2l_selected_campaign_scope_v1,PASS_CORPUS_EXTRACTED,"Exact source substring, hashes, provenance, and offsets verified.",False,True,ctx_8f299ed874eca81dd1cb992d,f4dca25a7ee51dc8371b1af71fa522e0aa5313fc85db4083414cce90504a7293,d2l_methodology_corpus_origin_audit,1.0.0
ctx_8f8f50278fcee237079dc232,document,d2l_convolutional_modern,d2l_convolutional_modern_batch_norm_b036,sentence_1fa96965f35b89f840155d8d,"We can now [**create a proper `BatchNorm` layer.**]
Our layer will maintain proper parameters
for scale `gamma` and shift `beta`,
both of which will be updated in the course of training.",0,186,31,40,c22620a96e3fbd97526f13ea9ccf508307d1175ea9bb8d3a5b6dfefb098a3f7f,CORPUS_EXTRACTED,EXACT_SOURCE_SUBSTRING,PRIMARY,C1,d2lce_4abd762bcd34d370b4fe6498,d2l_selected_campaign_scope_v1,PASS_CORPUS_EXTRACTED,"Exact source substring, hashes, provenance, and offsets verified.",True,True,ctx_8f8f50278fcee237079dc232,f5de4a017b5f777064a003df2e16935426ee9aa0d3686143e7f9d40020fd4eec,d2l_methodology_corpus_origin_audit,1.0.0
ctx_8f972d6d8f3c6798bb8a093a,document,d2l_computational_performance,d2l_computational_performance_hardware_b046,sentence_5f5f08f4034454c714f45a58,"For instance, NVIDIA's [Turing](https://devblogs.nvidia.com/nvidia-turing-architecture-in-depth/) T4 GPUs are optimized for inference whereas the V100 GPUs are preferable for training.",715,899,124,133,c22620a96e3fbd97526f13ea9ccf508307d1175ea9bb8d3a5b6dfefb098a3f7f,CORPUS_EXTRACTED,EXACT_SOURCE_SUBSTRING,UNSELECTED,C4,d2lce_1ff0c13e857af8ab6956fc96,d2l_selected_campaign_scope_v1,PASS_CORPUS_EXTRACTED,"Exact source substring, hashes, provenance, and offsets verified.",False,False,ctx_8f972d6d8f3c6798bb8a093a,3281ee1c8790f8e600ab5a9ebeff7225452f73fb882216487329dca0e2949eb8,d2l_methodology_corpus_origin_audit,1.0.0
ctx_8f9b78e1ec3bfbc4e8e8f524,document,d2l_recommender_systems,d2l_recommender_systems_autorec_b002,sentence_7dd92fb006c2aeb8dca5e83f,"In this section, we introduce a nonlinear neural network collaborative filtering model, AutoRec :cite:`Sedhain.Menon.Sanner.ea.2015`.",272,405,57,80,c22620a96e3fbd97526f13ea9ccf508307d1175ea9bb8d3a5b6dfefb098a3f7f,CORPUS_EXTRACTED,EXACT_SOURCE_SUBSTRING,PRIMARY,C3,d2lce_fb9ad6a6ac7e4ba9167913e1,d2l_selected_campaign_scope_v1,PASS_CORPUS_EXTRACTED,"Exact source substring, hashes, provenance, and offsets verified.",True,True,ctx_8f9b78e1ec3bfbc4e8e8f524,a464a7f973dca4ec6d8d30d8141137b167358b39dfb8c0fd583467a5a007d4df,d2l_methodology_corpus_origin_audit,1.0.0
ctx_8fa7f6c2ca736e617dfa8130,document,d2l_optimization,d2l_optimization_index_b005,sentence_98a82f07b6e77ad4091cf7b2,"```toc
:maxdepth: 2

optimization-intro
convexity
gd
sgd
minibatch-sgd
momentum
adagrad
rmsprop
adadelta
adam
lr-scheduler
```",0,126,71,79,c22620a96e3fbd97526f13ea9ccf508307d1175ea9bb8d3a5b6dfefb098a3f7f,CORPUS_EXTRACTED,EXACT_SOURCE_SUBSTRING,PRIMARY,C3,d2lce_addfcc9899bef06c500b6b0e,d2l_selected_campaign_scope_v1,PASS_CORPUS_EXTRACTED,"Exact source substring, hashes, provenance, and offsets verified.",True,True,ctx_8fa7f6c2ca736e617dfa8130,85677d7ad3ec012424b7a889c584b16f11683befc83f27e395c08a0bc739d8bf,d2l_methodology_corpus_origin_audit,1.0.0
ctx_8fbcd8bc50f3f91b245b89ba,document,d2l_natural_language_processing_pretraining,d2l_natural_language_processing_pretraining_subword_embedding_b012,sentence_d7e8df243a537350eeeb56b7,"First, we initialize the vocabulary of symbols as all the English lowercase characters, a special end-of-word symbol `'_'`, and a special unknown symbol `'[UNK]'`.",0,163,39,46,c22620a96e3fbd97526f13ea9ccf508307d1175ea9bb8d3a5b6dfefb098a3f7f,CORPUS_EXTRACTED,EXACT_SOURCE_SUBSTRING,PRIMARY,C2,d2lce_6f20c5222ebea4830603817b,d2l_selected_campaign_scope_v1,PASS_CORPUS_EXTRACTED,"Exact source substring, hashes, provenance, and offsets verified.",True,True,ctx_8fbcd8bc50f3f91b245b89ba,eb6d0acdaf9beee0beebd17fba74f68556c86e4687dea2c8beff1bb55c8417cc,d2l_methodology_corpus_origin_audit,1.0.0
ctx_901801bd834259cc113d20db,document,d2l_optimization,d2l_optimization_convexity_b019,sentence_5eb309e3a54cef8c055b6314,Now that we have convex sets we can introduce *convex functions* $f$.,0,69,47,63,c22620a96e3fbd97526f13ea9ccf508307d1175ea9bb8d3a5b6dfefb098a3f7f,CORPUS_EXTRACTED,EXACT_SOURCE_SUBSTRING,PRIMARY,C1,d2lce_0a19e86b29b5e64f79a45ddc,d2l_selected_campaign_scope_v1,PASS_CORPUS_EXTRACTED,"Exact source substring, hashes, provenance, and offsets verified.",True,True,ctx_901801bd834259cc113d20db,3e6186f4866bd157d5b66ab6262380e0690e5bdf8cd975e6a688aa956e14b96d,d2l_methodology_corpus_origin_audit,1.0.0
ctx_90a09c1c1d26d6c29e8dc76a,document,d2l_multilayer_perceptrons,d2l_multilayer_perceptrons_weight_decay_b016,sentence_ca40932bea8c4db4e7a2d39d,"As before, we update $\mathbf{w}$ based on the amount
by which our estimate differs from the observation.",0,105,93,104,c22620a96e3fbd97526f13ea9ccf508307d1175ea9bb8d3a5b6dfefb098a3f7f,CORPUS_EXTRACTED,EXACT_SOURCE_SUBSTRING,PRIMARY,C3,d2lce_4f85955c4fd10e184dc97d32,d2l_selected_campaign_scope_v1,PASS_CORPUS_EXTRACTED,"Exact source substring, hashes, provenance, and offsets verified.",True,True,ctx_90a09c1c1d26d6c29e8dc76a,835aad9b1bfd3ccd93067e3390b45de7db2a7799bab7c794e14a25642ee7363e,d2l_methodology_corpus_origin_audit,1.0.0
ctx_90c426ac663609212af0b8fc,document,d2l_notation,d2l_notation_index_b002,sentence_d6b061776e1a6046da80aa16,"Note that some of these symbols are placeholders,
while others refer to specific objects.",73,162,24,31,c22620a96e3fbd97526f13ea9ccf508307d1175ea9bb8d3a5b6dfefb098a3f7f,CORPUS_EXTRACTED,EXACT_SOURCE_SUBSTRING,PRIMARY,C1,d2lce_6f20c5222ebea4830603817b,d2l_selected_campaign_scope_v1,PASS_CORPUS_EXTRACTED,"Exact source substring, hashes, provenance, and offsets verified.",True,True,ctx_90c426ac663609212af0b8fc,eb4a39438736c5859eab6198dee2cfccded7ad3611f566d08449fdb6e581f303,d2l_methodology_corpus_origin_audit,1.0.0
ctx_90f232a47692067501676b09,document,d2l_recurrent_modern,d2l_recurrent_modern_gru_b024,sentence_2f09d9804eee556e9b927694,"In this case the information from $\mathbf{X}_t$ is essentially ignored, effectively skipping time step $t$ in the dependency chain.",87,219,115,125,c22620a96e3fbd97526f13ea9ccf508307d1175ea9bb8d3a5b6dfefb098a3f7f,CORPUS_EXTRACTED,EXACT_SOURCE_SUBSTRING,PRIMARY,C2,d2lce_144baca5ccb9be2154705e92,d2l_selected_campaign_scope_v1,PASS_CORPUS_EXTRACTED,"Exact source substring, hashes, provenance, and offsets verified.",True,True,ctx_90f232a47692067501676b09,9c92a902a7dee5cd89faba76ac9eb94fe721f029be99b3b58cc8fce09948567f,d2l_methodology_corpus_origin_audit,1.0.0
ctx_91acf4e9a95c2577a48f754e,document,d2l_recurrent_modern,d2l_recurrent_modern_gru_b008,sentence_48cb513c5f12aabfec93f7ad,"Likewise, an update gate would allow us to control how much of the new state is just a copy of the old state.",300,409,13,24,c22620a96e3fbd97526f13ea9ccf508307d1175ea9bb8d3a5b6dfefb098a3f7f,CORPUS_EXTRACTED,EXACT_SOURCE_SUBSTRING,BACKUP,C3,d2lce_a47c0fa6efae6f5b3c950575,d2l_selected_campaign_scope_v1,PASS_CORPUS_EXTRACTED,"Exact source substring, hashes, provenance, and offsets verified.",False,True,ctx_91acf4e9a95c2577a48f754e,ecd178123ea1bd080042d74e7e6f6997a218cb953cdc101e3e3fd737007f769a,d2l_methodology_corpus_origin_audit,1.0.0
ctx_9238bc67b0ba4c1dae5edfe0,document,d2l_recommender_systems,d2l_recommender_systems_fm_b006,sentence_ce33360c9cc81084a408b8d3,"However, most other feature interactions are hidden in data and difficult to identify.",592,678,20,40,c22620a96e3fbd97526f13ea9ccf508307d1175ea9bb8d3a5b6dfefb098a3f7f,CORPUS_EXTRACTED,EXACT_SOURCE_SUBSTRING,PRIMARY,C2,d2lce_8de4d36bcb2f1ad2291dd52e,d2l_selected_campaign_scope_v1,PASS_CORPUS_EXTRACTED,"Exact source substring, hashes, provenance, and offsets verified.",True,True,ctx_9238bc67b0ba4c1dae5edfe0,c8bbf6ec58a27b006997ad727fb5d09c35c9cd9313d9e4f1d9daf0e2e44ad4f5,d2l_methodology_corpus_origin_audit,1.0.0
ctx_923ebaa50c2bbcd9a6a3ab6c,document,d2l_appendix_mathematics_for_deep_learning,d2l_appendix_mathematics_for_deep_learning_statistics_b085,sentence_08e9ac95d981e599b8c4fe6f,"When estimating the value of a parameter $\theta$, point estimators like $\hat \theta$ are of limited utility since they contain no notion of uncertainty.",0,154,142,153,c22620a96e3fbd97526f13ea9ccf508307d1175ea9bb8d3a5b6dfefb098a3f7f,CORPUS_EXTRACTED,EXACT_SOURCE_SUBSTRING,PRIMARY,C2,d2lce_73dbe839de3f1d00bf1226f0,d2l_selected_campaign_scope_v1,PASS_CORPUS_EXTRACTED,"Exact source substring, hashes, provenance, and offsets verified.",True,True,ctx_923ebaa50c2bbcd9a6a3ab6c,2d47fc6b3615e916d779d8eab7e0d9dff1212837d2677369d8b98d080cac690b,d2l_methodology_corpus_origin_audit,1.0.0
ctx_92458627d052b6a13dbc26f4,document,d2l_convolutional_neural_networks,d2l_convolutional_neural_networks_conv_layer_b037,sentence_190a6fc9794d35acf70b07af,"Next, in each iteration, we will use the squared error
to compare `Y` with the output of the convolutional layer.",212,325,14,23,c22620a96e3fbd97526f13ea9ccf508307d1175ea9bb8d3a5b6dfefb098a3f7f,CORPUS_EXTRACTED,EXACT_SOURCE_SUBSTRING,BACKUP,C1,d2lce_c3c46748b1a49e32c07ca9d7,d2l_selected_campaign_scope_v1,PASS_CORPUS_EXTRACTED,"Exact source substring, hashes, provenance, and offsets verified.",False,True,ctx_92458627d052b6a13dbc26f4,5f31bf8c3741a13eab211123f132d4d527bd5aae3faf37b2c26195ba5fa29e06,d2l_methodology_corpus_origin_audit,1.0.0
ctx_927dfa6b607b0cdb7925b702,document,d2l_computational_performance,d2l_computational_performance_hardware_b046,sentence_dffe732b5c8e01acf09b3bfb,"Moreover, accumulating gradients requires higher precision to avoid numerical underflow (or overflow).",438,540,78,87,c22620a96e3fbd97526f13ea9ccf508307d1175ea9bb8d3a5b6dfefb098a3f7f,CORPUS_EXTRACTED,EXACT_SOURCE_SUBSTRING,PRIMARY,C2,d2lce_9bd5113780f8e8160a24e6ad,d2l_selected_campaign_scope_v1,PASS_CORPUS_EXTRACTED,"Exact source substring, hashes, provenance, and offsets verified.",True,True,ctx_927dfa6b607b0cdb7925b702,b340ead0fc73e75b36935b9b38cc92fbcc5c8a3f8888e4d67975037b07334610,d2l_methodology_corpus_origin_audit,1.0.0
ctx_9282f3ace8d089f60898e962,document,d2l_preliminaries,d2l_preliminaries_calculus_b005,sentence_e00c7fd8152534bcee32ef83,"In deep learning, we *train* models, updating them successively
so that they get better and better as they see more and more data.",0,130,22,27,c22620a96e3fbd97526f13ea9ccf508307d1175ea9bb8d3a5b6dfefb098a3f7f,CORPUS_EXTRACTED,EXACT_SOURCE_SUBSTRING,PRIMARY,C3,d2lce_d1ca2fd5568e11a79b1b3366,d2l_selected_campaign_scope_v1,PASS_CORPUS_EXTRACTED,"Exact source substring, hashes, provenance, and offsets verified.",True,True,ctx_9282f3ace8d089f60898e962,4e871902bdfe570c54b011c33905e8db56dc067d833a7626acde53311e38f852,d2l_methodology_corpus_origin_audit,1.0.0
ctx_929bfbfdad0e6f80c43c25a6,document,d2l_deep_learning_computation,d2l_deep_learning_computation_parameters_b087,sentence_a51a5469520ba2a89ae125d2,Construct an MLP containing a shared parameter layer and train it.,205,271,57,62,c22620a96e3fbd97526f13ea9ccf508307d1175ea9bb8d3a5b6dfefb098a3f7f,CORPUS_EXTRACTED,EXACT_SOURCE_SUBSTRING,PRIMARY,C2,d2lce_d1ca2fd5568e11a79b1b3366,d2l_selected_campaign_scope_v1,PASS_CORPUS_EXTRACTED,"Exact source substring, hashes, provenance, and offsets verified.",True,True,ctx_929bfbfdad0e6f80c43c25a6,788b4fe1c1a1f0f54b0539e10160adc7681e383fbe16888008735e0f53ef19de,d2l_methodology_corpus_origin_audit,1.0.0
ctx_92a3a25f66c701ea53cc38e8,document,d2l_recurrent_modern,d2l_recurrent_modern_seq2seq_b055,sentence_6f04dfec225f4fb387e2b997,"In the end,
the loss for all the tokens
will be multipled by the mask to filter out
irrelevant predictions of padding tokens in the loss.",266,403,110,124,c22620a96e3fbd97526f13ea9ccf508307d1175ea9bb8d3a5b6dfefb098a3f7f,CORPUS_EXTRACTED,EXACT_SOURCE_SUBSTRING,PRIMARY,C3,d2lce_b967af36e17c22a478eaed6d,d2l_selected_campaign_scope_v1,PASS_CORPUS_EXTRACTED,"Exact source substring, hashes, provenance, and offsets verified.",True,True,ctx_92a3a25f66c701ea53cc38e8,53478447e0a11dcfa43e6c8543e3d2a380df3d10f5177db52ba8ad05070ae0f5,d2l_methodology_corpus_origin_audit,1.0.0
ctx_9348532807a8c96895b92b49,document,d2l_appendix_mathematics_for_deep_learning,d2l_appendix_mathematics_for_deep_learning_naive_bayes_b065,sentence_242a0b97685783ec72d94090,"```{.python .input}
#@tab tensorflow
a = 0.1
print('underflow:', a**784)
print('logarithm is normal:', 784*tf.math.log(a).numpy())
```",0,134,52,61,c22620a96e3fbd97526f13ea9ccf508307d1175ea9bb8d3a5b6dfefb098a3f7f,CORPUS_EXTRACTED,EXACT_SOURCE_SUBSTRING,BACKUP,C3,d2lce_9bd5113780f8e8160a24e6ad,d2l_selected_campaign_scope_v1,PASS_CORPUS_EXTRACTED,"Exact source substring, hashes, provenance, and offsets verified.",False,True,ctx_9348532807a8c96895b92b49,99efe3bbe14617adfc6bcf151a2a2ac7df0d63994e0cc74b63ffcf61a0e90029,d2l_methodology_corpus_origin_audit,1.0.0
ctx_938a7ef4c625c0fdaa81a1ed,document,d2l_recurrent_neural_networks,d2l_recurrent_neural_networks_language_models_and_dataset_b018,sentence_130a68b37e8c20f51dd5cef9,"It is quite difficult to adjust such models to additional contexts,
whereas, deep learning based language models are well suited to
take this into account.",246,401,58,66,c22620a96e3fbd97526f13ea9ccf508307d1175ea9bb8d3a5b6dfefb098a3f7f,CORPUS_EXTRACTED,EXACT_SOURCE_SUBSTRING,PRIMARY,C1,d2lce_382e4bbab285d56a08249753,d2l_selected_campaign_scope_v1,PASS_CORPUS_EXTRACTED,"Exact source substring, hashes, provenance, and offsets verified.",True,True,ctx_938a7ef4c625c0fdaa81a1ed,59c72ab28dea52ac67030798f0629d4436f48e32bea975889ffae8802dab99be,d2l_methodology_corpus_origin_audit,1.0.0
ctx_93be4d86c465d785ac0a0ec1,document,d2l_attention_mechanisms,d2l_attention_mechanisms_self_attention_and_positional_encoding_b018,sentence_94a8b62946763f26e742db54,"For now,
we only need to know that
since the sequence length is $n$,
the numbers of input and output channels are both $d$,
the computational complexity of the convolutional layer is $\mathcal{O}(knd^2)$.",142,346,101,109,c22620a96e3fbd97526f13ea9ccf508307d1175ea9bb8d3a5b6dfefb098a3f7f,CORPUS_EXTRACTED,EXACT_SOURCE_SUBSTRING,BACKUP,C1,d2lce_270e1a75bb70807d9c2dd507,d2l_selected_campaign_scope_v1,PASS_CORPUS_EXTRACTED,"Exact source substring, hashes, provenance, and offsets verified.",False,True,ctx_93be4d86c465d785ac0a0ec1,9564c9c16a72d6896988845e19549b5e28bcab6a4134d416596e19ed8180e846,d2l_methodology_corpus_origin_audit,1.0.0
ctx_94ce02b7241c9ce39ca2bbb4,document,d2l_attention_mechanisms,d2l_attention_mechanisms_attention_cues_b015,sentence_51f0ad7dd12913eb59a39972,"![Attention mechanisms bias selection over values (sensory inputs) via attention pooling, which incorporates queries (volitional cues) and keys (nonvolitional cues).](../img/qkv.svg)
:label:`fig_qkv`",0,199,51,65,c22620a96e3fbd97526f13ea9ccf508307d1175ea9bb8d3a5b6dfefb098a3f7f,CORPUS_EXTRACTED,EXACT_SOURCE_SUBSTRING,PRIMARY,C2,d2lce_bc240ce7b3e0abeb18f82a6b,d2l_selected_campaign_scope_v1,PASS_CORPUS_EXTRACTED,"Exact source substring, hashes, provenance, and offsets verified.",True,True,ctx_94ce02b7241c9ce39ca2bbb4,b086106687dd3f0608e00317b197f4915d690563c02af51b2a7295f0f562b87e,d2l_methodology_corpus_origin_audit,1.0.0
ctx_951d5a5b4ee251243063d6b8,document,d2l_computer_vision,d2l_computer_vision_transposed_conv_b002,sentence_3a2e4e58eb5badf77252f62c,"The CNN layers we have seen so far,
such as convolutional layers (:numref:`sec_conv_layer`) and pooling layers (:numref:`sec_pooling`),
typically reduce (downsample) the spatial dimensions (height and width) of the input,
or keep them unchanged.",0,245,170,188,c22620a96e3fbd97526f13ea9ccf508307d1175ea9bb8d3a5b6dfefb098a3f7f,CORPUS_EXTRACTED,EXACT_SOURCE_SUBSTRING,PRIMARY,C1,d2lce_5300144b7f5b4ce29dd12ec6,d2l_selected_campaign_scope_v1,PASS_CORPUS_EXTRACTED,"Exact source substring, hashes, provenance, and offsets verified.",True,True,ctx_951d5a5b4ee251243063d6b8,24837bcfa8bb914ce6621e15a4ebd24053b980e2d4f516c7700a57bd228f33aa,d2l_methodology_corpus_origin_audit,1.0.0
ctx_9539bbe8c2ac486d267b808a,document,d2l_natural_language_processing_pretraining,d2l_natural_language_processing_pretraining_word2vec_b032,sentence_8cf77efb03581702fc05aa42,The *continuous bag of words* (CBOW) model is similar to the skip-gram model.,0,77,5,28,c22620a96e3fbd97526f13ea9ccf508307d1175ea9bb8d3a5b6dfefb098a3f7f,CORPUS_EXTRACTED,EXACT_SOURCE_SUBSTRING,BACKUP,C1,d2lce_dc193feb1eeef3a1349d9b74,d2l_selected_campaign_scope_v1,PASS_CORPUS_EXTRACTED,"Exact source substring, hashes, provenance, and offsets verified.",False,True,ctx_9539bbe8c2ac486d267b808a,afd85cf5c9d4bdd9476bd7b9af7097b721cf27003d3dbe07a7d3d7ab85667335,d2l_methodology_corpus_origin_audit,1.0.0
ctx_957202f18613badf579e7070,document,d2l_natural_language_processing_applications,d2l_natural_language_processing_applications_index_b001,sentence_132cf73d2330ec2bdc56fb73,"# Natural Language Processing: Applications
:label:`chap_nlp_app`",0,65,2,29,c22620a96e3fbd97526f13ea9ccf508307d1175ea9bb8d3a5b6dfefb098a3f7f,CORPUS_EXTRACTED,EXACT_SOURCE_SUBSTRING,PRIMARY,C1,d2lce_609638f74bc5b32d32469bbc,d2l_selected_campaign_scope_v1,PASS_CORPUS_EXTRACTED,"Exact source substring, hashes, provenance, and offsets verified.",True,True,ctx_957202f18613badf579e7070,4c786a60315d5d8f22c6768ea915bdacb38f394055ce0fe536877c2635202215,d2l_methodology_corpus_origin_audit,1.0.0
ctx_9576eca6d7858c451dd930bc,document,d2l_attention_mechanisms,d2l_attention_mechanisms_bahdanau_attention_b034,sentence_76ba03ce4da3a00c24f7e087,"```{.python .input}
#@tab pytorch
# Plus one to include the end-of-sequence token
d2l.show_heatmaps(
    attention_weights[:, :, :, :len(engs[-1].split()) + 1].cpu(),
    xlabel='Key positions', ylabel='Query positions')
```",0,224,183,192,c22620a96e3fbd97526f13ea9ccf508307d1175ea9bb8d3a5b6dfefb098a3f7f,CORPUS_EXTRACTED,EXACT_SOURCE_SUBSTRING,BACKUP,C1,d2lce_06b54fbb7406aced0daac405,d2l_selected_campaign_scope_v1,PASS_CORPUS_EXTRACTED,"Exact source substring, hashes, provenance, and offsets verified.",False,True,ctx_9576eca6d7858c451dd930bc,5c0f43d05f80a769e7f342865e7805d627d8f695e0f80a7f6504dd012a21ecc9,d2l_methodology_corpus_origin_audit,1.0.0
ctx_96aeca71763647a9e736af8b,document,d2l_linear_networks,d2l_linear_networks_softmax_regression_b067,sentence_821a9094fd78e32dd5c7798a,* Softmax regression applies to classification problems.,71,127,32,55,c22620a96e3fbd97526f13ea9ccf508307d1175ea9bb8d3a5b6dfefb098a3f7f,CORPUS_EXTRACTED,EXACT_SOURCE_SUBSTRING,BACKUP,C1,d2lce_7070b47672fcb2311c0527b6,d2l_selected_campaign_scope_v1,PASS_CORPUS_EXTRACTED,"Exact source substring, hashes, provenance, and offsets verified.",False,True,ctx_96aeca71763647a9e736af8b,566baf2a2879c8805fb0610cf7f245656e6e1298657f94b999e58f15d2e01b6a,d2l_methodology_corpus_origin_audit,1.0.0
ctx_96fce7b6560a010f307443f6,document,d2l_computational_performance,d2l_computational_performance_hardware_b023,sentence_a75b0fa795eec68ac447ae8b,By now SSD controllers and firmware have developed algorithms to mitigate this.,330,409,7,10,c22620a96e3fbd97526f13ea9ccf508307d1175ea9bb8d3a5b6dfefb098a3f7f,CORPUS_EXTRACTED,EXACT_SOURCE_SUBSTRING,BACKUP,C2,d2lce_c6d5679eb20ff0719dfc35b2,d2l_selected_campaign_scope_v1,PASS_CORPUS_EXTRACTED,"Exact source substring, hashes, provenance, and offsets verified.",False,True,ctx_96fce7b6560a010f307443f6,6fc9595cb683e3470064271f739ec5e0b3bdcf3899236a144e6d7dcb34556953,d2l_methodology_corpus_origin_audit,1.0.0
ctx_970ad81dffba31509dfed788,document,d2l_appendix_mathematics_for_deep_learning,d2l_appendix_mathematics_for_deep_learning_integral_calculus_b002,sentence_4e0cf1638127a80d17c5140b,"The other pillar, integration, starts out seeming a rather disjoint question, ""What is the area underneath this curve?""  While seemingly unrelated, integration is tightly intertwined with the differentiation via what is known as the *fundamental theorem of calculus*.",88,355,18,29,c22620a96e3fbd97526f13ea9ccf508307d1175ea9bb8d3a5b6dfefb098a3f7f,CORPUS_EXTRACTED,EXACT_SOURCE_SUBSTRING,PRIMARY,C1,d2lce_9372cdb5752db6ba6fa38fbd,d2l_selected_campaign_scope_v1,PASS_CORPUS_EXTRACTED,"Exact source substring, hashes, provenance, and offsets verified.",True,True,ctx_970ad81dffba31509dfed788,20f817a5a033a42b63ba799653bf65aeaa6d6ee1b1c73cad8c63f08467d4c079,d2l_methodology_corpus_origin_audit,1.0.0
ctx_97626c8a07aa5d9bfd5cd128,document,d2l_computational_performance,d2l_computational_performance_multiple_gpus_concise_b007,sentence_0546ad47666330d1edd4c5aa,"```{.python .input}
#@save
def resnet18(num_classes):
    """"""A slightly modified ResNet-18 model.""""""
    def resnet_block(num_channels, num_residuals, first_block=False):
        blk = nn.Sequential()
        for i in range(num_residuals):
            if i == 0 and not first_block:
                blk.add(d2l.Residual(
                    num_channels, use_1x1conv=True, strides=2))
            else:
                blk.add(d2l.Residual(num_channels))
        return blk

    net = nn.Sequential()
    # This model uses a smaller convolution kernel, stride, and padding and
    # removes the maximum pooling layer
    net.add(nn.Conv2D(64, kernel_size=3, strides=1, padding=1),
            nn.BatchNorm(), nn.Activation('relu'))
    net.add(resnet_block(64, 2, first_block=True),
            resnet_block(128, 2),
            resnet_block(256, 2),
            resnet_block(512, 2))
    net.add(nn.GlobalAvgPool2D(), nn.Dense(num_classes))
    return net
```",0,960,696,705,c22620a96e3fbd97526f13ea9ccf508307d1175ea9bb8d3a5b6dfefb098a3f7f,CORPUS_EXTRACTED,EXACT_SOURCE_SUBSTRING,BACKUP,C3,d2lce_4abd762bcd34d370b4fe6498,d2l_selected_campaign_scope_v1,PASS_CORPUS_EXTRACTED,"Exact source substring, hashes, provenance, and offsets verified.",False,True,ctx_97626c8a07aa5d9bfd5cd128,6a923d2f055f5ad0039835a600926fc75b1b41aaeed5231b7269c6a7384c95bc,d2l_methodology_corpus_origin_audit,1.0.0
ctx_97859a8cd0781c52d0d6f199,document,d2l_recurrent_modern,d2l_recurrent_modern_bi_rnn_b029,sentence_a1d0023ec0c859f1fb50727f,Bidirectional RNNs were introduced by :cite:`Schuster.Paliwal.1997`.,0,68,0,18,c22620a96e3fbd97526f13ea9ccf508307d1175ea9bb8d3a5b6dfefb098a3f7f,CORPUS_EXTRACTED,EXACT_SOURCE_SUBSTRING,PRIMARY,C3,d2lce_80f4d6555a6ea1d2e5e881a1,d2l_selected_campaign_scope_v1,PASS_CORPUS_EXTRACTED,"Exact source substring, hashes, provenance, and offsets verified.",True,True,ctx_97859a8cd0781c52d0d6f199,5d09047853c17cb732ccfed5d61017e71c28bbab222fbde86cdcd05fe1422008,d2l_methodology_corpus_origin_audit,1.0.0
ctx_981520000f6c76ee266ec54f,document,d2l_convolutional_modern,d2l_convolutional_modern_densenet_b002,sentence_24a574cc50cf9216d68894d1,*DenseNet* (dense convolutional network) is to some extent the logical extension of this :cite:`Huang.Liu.Van-Der-Maaten.ea.2017`.,92,222,1,9,c22620a96e3fbd97526f13ea9ccf508307d1175ea9bb8d3a5b6dfefb098a3f7f,CORPUS_EXTRACTED,EXACT_SOURCE_SUBSTRING,PRIMARY,C2,d2lce_20dc13bc32661f00e7c68b89,d2l_selected_campaign_scope_v1,PASS_CORPUS_EXTRACTED,"Exact source substring, hashes, provenance, and offsets verified.",True,True,ctx_981520000f6c76ee266ec54f,57e170a118bd6dc90f882c98f258bc684605d7d751289bcd3a7d6ee4dd8113f2,d2l_methodology_corpus_origin_audit,1.0.0
ctx_9833851b704f88b40f938e09,document,d2l_natural_language_processing_pretraining,d2l_natural_language_processing_pretraining_bert_b046,sentence_ff9ea05ed03cad1e57ad126c,"With the ground truth labels `mlm_Y` of the predicted tokens `mlm_Y_hat` under masks,
we can calculate the cross-entropy loss of the masked language model task in BERT pretraining.",0,180,9,21,c22620a96e3fbd97526f13ea9ccf508307d1175ea9bb8d3a5b6dfefb098a3f7f,CORPUS_EXTRACTED,EXACT_SOURCE_SUBSTRING,PRIMARY,C2,d2lce_d0b3a65c5f21e6064395a475,d2l_selected_campaign_scope_v1,PASS_CORPUS_EXTRACTED,"Exact source substring, hashes, provenance, and offsets verified.",True,True,ctx_9833851b704f88b40f938e09,2ce87c4bf8f4d5b314735856b7d3ee5a75338243560dcb7f3e72cbb81ac54f33,d2l_methodology_corpus_origin_audit,1.0.0
ctx_9860b0e4dbe6809813dc296b,document,d2l_optimization,d2l_optimization_sgd_b030,sentence_f53ca332e6c2e1c20757da10,"On the other hand, if we use a polynomial decay where the learning rate decays with the inverse square root of the number of steps, convergence gets better after only 50 steps.",313,489,88,95,c22620a96e3fbd97526f13ea9ccf508307d1175ea9bb8d3a5b6dfefb098a3f7f,CORPUS_EXTRACTED,EXACT_SOURCE_SUBSTRING,BACKUP,C2,d2lce_98211ac6b2c27c6359ce6dae,d2l_selected_campaign_scope_v1,PASS_CORPUS_EXTRACTED,"Exact source substring, hashes, provenance, and offsets verified.",False,True,ctx_9860b0e4dbe6809813dc296b,cf0939bcbcc36cf956c572d3172f46fa6ccbace4b6f09ce166bc3434fa49a6ff,d2l_methodology_corpus_origin_audit,1.0.0
ctx_98e49b6d58da3c32d077b667,document,d2l_appendix_mathematics_for_deep_learning,d2l_appendix_mathematics_for_deep_learning_statistics_b014,sentence_15c9bbe2fb148188a88cfd9b,"In this section, we introduce three common methods to evaluate and compare estimators: the mean squared error, the standard deviation, and statistical bias.",81,237,139,155,c22620a96e3fbd97526f13ea9ccf508307d1175ea9bb8d3a5b6dfefb098a3f7f,CORPUS_EXTRACTED,EXACT_SOURCE_SUBSTRING,BACKUP,C1,d2lce_b5d6207f8142a696435e27e0,d2l_selected_campaign_scope_v1,PASS_CORPUS_EXTRACTED,"Exact source substring, hashes, provenance, and offsets verified.",False,True,ctx_98e49b6d58da3c32d077b667,0c0c2adc871a5ae43f62a3582e8843065c39e079821584ab829a0fd155de66b5,d2l_methodology_corpus_origin_audit,1.0.0
ctx_993688889952b7346efdcaf7,document,d2l_computer_vision,d2l_computer_vision_anchor_b032,sentence_a9f5b25456126eb7b7d09fcd,"During the prediction,
for each image
we generate multiple anchor boxes,
predict classes and offsets for all the anchor boxes,
adjust their positions according to the predicted offsets to obtain the predicted bounding boxes,
and finally only output those 
predicted bounding boxes that satisfy certain criteria.",337,648,93,100,c22620a96e3fbd97526f13ea9ccf508307d1175ea9bb8d3a5b6dfefb098a3f7f,CORPUS_EXTRACTED,EXACT_SOURCE_SUBSTRING,PRIMARY,C2,d2lce_e749bbd007351d6963f2bbd0,d2l_selected_campaign_scope_v1,PASS_CORPUS_EXTRACTED,"Exact source substring, hashes, provenance, and offsets verified.",True,True,ctx_993688889952b7346efdcaf7,c020c432b4da382a9585e4e4e9fdacd7b06582e6b597ec15a9390e00424cd5bc,d2l_methodology_corpus_origin_audit,1.0.0
ctx_9a06089aea8285a7f38f5e36,document,d2l_multilayer_perceptrons,d2l_multilayer_perceptrons_numerical_stability_and_init_b010,sentence_8bddffb294d670f9c278eb0e,### (**Vanishing Gradients**),0,29,7,26,c22620a96e3fbd97526f13ea9ccf508307d1175ea9bb8d3a5b6dfefb098a3f7f,CORPUS_EXTRACTED,EXACT_SOURCE_SUBSTRING,PRIMARY,C1,d2lce_d7976d0b101e65c34c011871,d2l_selected_campaign_scope_v1,PASS_CORPUS_EXTRACTED,"Exact source substring, hashes, provenance, and offsets verified.",True,True,ctx_9a06089aea8285a7f38f5e36,cad03e9ccaa7f8a7f77c570b5015546be61d3eb6bd98659983f6657681cd6917,d2l_methodology_corpus_origin_audit,1.0.0
ctx_9a25a4253bc511ca8268d02a,document,d2l_preliminaries,d2l_preliminaries_linear_algebra_b022,sentence_c0c69e53d0a3344cac8170d5,"### Length, Dimensionality, and Shape",0,37,12,26,c22620a96e3fbd97526f13ea9ccf508307d1175ea9bb8d3a5b6dfefb098a3f7f,CORPUS_EXTRACTED,EXACT_SOURCE_SUBSTRING,PRIMARY,C2,d2lce_f3dedf5fcd54a46940474022,d2l_selected_campaign_scope_v1,PASS_CORPUS_EXTRACTED,"Exact source substring, hashes, provenance, and offsets verified.",True,True,ctx_9a25a4253bc511ca8268d02a,827919b225e536077c854a352144d3b8942ad1a3638071ddada8f890f3f8050a,d2l_methodology_corpus_origin_audit,1.0.0
ctx_9a721a5919d4be82909eca25,document,d2l_recommender_systems,d2l_recommender_systems_mf_b002,sentence_77af6126dc08c3062e7a3c7c,"Although the final score was the result of an ensemble solution (i.e., a combination of many algorithms), the matrix factorization algorithm played a critical role in the final blend.",966,1149,110,130,c22620a96e3fbd97526f13ea9ccf508307d1175ea9bb8d3a5b6dfefb098a3f7f,CORPUS_EXTRACTED,EXACT_SOURCE_SUBSTRING,BACKUP,C2,d2lce_bbf89ef89c96205886255dcf,d2l_selected_campaign_scope_v1,PASS_CORPUS_EXTRACTED,"Exact source substring, hashes, provenance, and offsets verified.",False,True,ctx_9a721a5919d4be82909eca25,74c7e35dfe775e6b45a9e6befbf62ba4ea91e9cb2d60804594fac96c3ec4e38b,d2l_methodology_corpus_origin_audit,1.0.0
ctx_9ad5e74698b23886119deb3e,document,d2l_optimization,d2l_optimization_sgd_b063,sentence_fed4b0fe788b5ee2fd3b2a63,"To see why this is preferable consider the converse, namely that we are sampling $n$ observations from the discrete distribution *with replacement*.",416,564,85,97,c22620a96e3fbd97526f13ea9ccf508307d1175ea9bb8d3a5b6dfefb098a3f7f,CORPUS_EXTRACTED,EXACT_SOURCE_SUBSTRING,BACKUP,C1,d2lce_4f85955c4fd10e184dc97d32,d2l_selected_campaign_scope_v1,PASS_CORPUS_EXTRACTED,"Exact source substring, hashes, provenance, and offsets verified.",False,True,ctx_9ad5e74698b23886119deb3e,fb7302d78442fab5d5884d4aac4009be13f71a385e6b9fdcf9a2ee3e152dede5,d2l_methodology_corpus_origin_audit,1.0.0
ctx_9af45708693a272ccbee02ce,document,d2l_computer_vision,d2l_computer_vision_anchor_b013,sentence_9a9e0d6e5fbccd872bfa6d8b,"```{.python .input}
#@tab pytorch
#@save
def multibox_prior(data, sizes, ratios):
    """"""Generate anchor boxes with different shapes centered on each pixel.""""""
    in_height, in_width = data.shape[-2:]
    device, num_sizes, num_ratios = data.device, len(sizes), len(ratios)
    boxes_per_pixel = (num_sizes + num_ratios - 1)
    size_tensor = d2l.tensor(sizes, device=device)
    ratio_tensor = d2l.tensor(ratios, device=device)
    # Offsets are required to move the anchor to the center of a pixel.",0,501,436,443,c22620a96e3fbd97526f13ea9ccf508307d1175ea9bb8d3a5b6dfefb098a3f7f,CORPUS_EXTRACTED,EXACT_SOURCE_SUBSTRING,PRIMARY,C1,d2lce_e749bbd007351d6963f2bbd0,d2l_selected_campaign_scope_v1,PASS_CORPUS_EXTRACTED,"Exact source substring, hashes, provenance, and offsets verified.",True,True,ctx_9af45708693a272ccbee02ce,f7a46a71bae9718e25ef6b80e2eeadc66c621230762aaab4d7ccad807ee574cb,d2l_methodology_corpus_origin_audit,1.0.0
ctx_9afa421e80e79b49583f6bb8,document,d2l_natural_language_processing_pretraining,d2l_natural_language_processing_pretraining_word2vec_b019,sentence_cb5a6526da0bdc717a0af1b5,"For context window size $m$,
the likelihood function of the skip-gram model
is the probability of generating all context words
given any center word:",253,402,60,75,c22620a96e3fbd97526f13ea9ccf508307d1175ea9bb8d3a5b6dfefb098a3f7f,CORPUS_EXTRACTED,EXACT_SOURCE_SUBSTRING,BACKUP,C2,d2lce_9cee0f2f668259a2568b89f4,d2l_selected_campaign_scope_v1,PASS_CORPUS_EXTRACTED,"Exact source substring, hashes, provenance, and offsets verified.",False,True,ctx_9afa421e80e79b49583f6bb8,fc192d5fb2022954167c7ac1eb8ab8775ad95857bff5fd3c3122ebbc0d0b360f,d2l_methodology_corpus_origin_audit,1.0.0
ctx_9b15a3bec2eb4c48b77389f6,document,d2l_computer_vision,d2l_computer_vision_transposed_conv_b039,sentence_3ef8b3644e75a3eb46bc68a8,"Therefore, 
the transposed convolutional layer
can just exchange the forward propagation function
and the backpropagation function of the convolutional layer:
its forward propagation 
and backpropagation functions
multiply their input vector with 
$\mathbf{W}^\top$ and $\mathbf{W}$, respectively.",555,852,16,46,c22620a96e3fbd97526f13ea9ccf508307d1175ea9bb8d3a5b6dfefb098a3f7f,CORPUS_EXTRACTED,EXACT_SOURCE_SUBSTRING,PRIMARY,C3,d2lce_b63485c15ac13f80b0d98676,d2l_selected_campaign_scope_v1,PASS_CORPUS_EXTRACTED,"Exact source substring, hashes, provenance, and offsets verified.",True,True,ctx_9b15a3bec2eb4c48b77389f6,a966eb0cfeaaa333921c2d3da05abc26f7326021509292f6d88d28008f9e7698,d2l_methodology_corpus_origin_audit,1.0.0
ctx_9b75794de1b3d229a80c72a0,document,d2l_recurrent_modern,d2l_recurrent_modern_lstm_b062,sentence_bade97cf1b5d2b76a35c0ec6,Pay special attention to the training and inference cost.,320,377,12,21,c22620a96e3fbd97526f13ea9ccf508307d1175ea9bb8d3a5b6dfefb098a3f7f,CORPUS_EXTRACTED,EXACT_SOURCE_SUBSTRING,PRIMARY,C1,d2lce_4a5f20bb32b66b1f07d9f37a,d2l_selected_campaign_scope_v1,PASS_CORPUS_EXTRACTED,"Exact source substring, hashes, provenance, and offsets verified.",True,True,ctx_9b75794de1b3d229a80c72a0,3041d994995368251698390e9a350674cd58fd6843a0074951b2f749f28462d8,d2l_methodology_corpus_origin_audit,1.0.0
ctx_9c41d73d1f8f74867815db48,document,d2l_natural_language_processing_pretraining,d2l_natural_language_processing_pretraining_bert_dataset_b002,sentence_843ebe0ec784d11fdd66cfb1,"On the other hand,
the off-the-shelf pretrained BERT model
may not fit for applications from specific domains like medicine.",438,562,37,52,c22620a96e3fbd97526f13ea9ccf508307d1175ea9bb8d3a5b6dfefb098a3f7f,CORPUS_EXTRACTED,EXACT_SOURCE_SUBSTRING,BACKUP,C1,d2lce_e27a9787bb13f8580103adc4,d2l_selected_campaign_scope_v1,PASS_CORPUS_EXTRACTED,"Exact source substring, hashes, provenance, and offsets verified.",False,True,ctx_9c41d73d1f8f74867815db48,6d0c61f8471150572f875f702b01058fb73d80e510efc55bd41bae3d080d058e,d2l_methodology_corpus_origin_audit,1.0.0
ctx_9c7cb530892c541864a886a0,document,d2l_convolutional_modern,d2l_convolutional_modern_alexnet_b022,sentence_cc160b0992ec0f0139ab7abe,"Again, GPUs shine here with buses that are at least 10 times as wide as many CPUs.",1191,1273,28,33,c22620a96e3fbd97526f13ea9ccf508307d1175ea9bb8d3a5b6dfefb098a3f7f,CORPUS_EXTRACTED,EXACT_SOURCE_SUBSTRING,PRIMARY,C2,d2lce_0e100796a86968fbdb5730e8,d2l_selected_campaign_scope_v1,PASS_CORPUS_EXTRACTED,"Exact source substring, hashes, provenance, and offsets verified.",True,True,ctx_9c7cb530892c541864a886a0,3d79cca82bfec5fa0e8d66a0260f2edcbe74e41adb3c87606e78df2d0115a08d,d2l_methodology_corpus_origin_audit,1.0.0
ctx_9cde2630c518ac4fbc4f9a3d,document,d2l_computer_vision,d2l_computer_vision_index_b003,sentence_4369cda53a0ff8035999d508,"Since deep neural networks can effectively represent images in multiple levels, 
such layerwise representations have been successfully 
used in various computer vision tasks such as *object detection*, *semantic segmentation*, and *style transfer*.",392,640,203,224,c22620a96e3fbd97526f13ea9ccf508307d1175ea9bb8d3a5b6dfefb098a3f7f,CORPUS_EXTRACTED,EXACT_SOURCE_SUBSTRING,BACKUP,C2,d2lce_2e41378b04489016bfe5707a,d2l_selected_campaign_scope_v1,PASS_CORPUS_EXTRACTED,"Exact source substring, hashes, provenance, and offsets verified.",False,True,ctx_9cde2630c518ac4fbc4f9a3d,9fa0c5019508a2ee205df495e9a07f660fd493807cd8a6ca1ea642631a65ae3b,d2l_methodology_corpus_origin_audit,1.0.0
ctx_9d1a3070565f618918c563b1,document,d2l_computer_vision,d2l_computer_vision_image_augmentation_b049,sentence_fdf0ac64fa29a0714f241ec0,### Multi-GPU Training,0,22,4,22,c22620a96e3fbd97526f13ea9ccf508307d1175ea9bb8d3a5b6dfefb098a3f7f,CORPUS_EXTRACTED,EXACT_SOURCE_SUBSTRING,PRIMARY,C1,d2lce_6898a7f7f35ca368f75fda48,d2l_selected_campaign_scope_v1,PASS_CORPUS_EXTRACTED,"Exact source substring, hashes, provenance, and offsets verified.",True,True,ctx_9d1a3070565f618918c563b1,e41d8a0546fd0e71cf259f29e66c86bd09cd47ead86099e849f49453e652acf8,d2l_methodology_corpus_origin_audit,1.0.0
ctx_9d639b375fad74fc47d1c470,document,d2l_computational_performance,d2l_computational_performance_hardware_b060,sentence_c4c07f95edf9a089a76d81a0,"(remote CPU)        | 120 ns | TinyMemBench on Broadwell E5-2690v4             |
| Intel Optane random read                   | 305 ns | UCSD Non-Volatile Systems Lab                   |
| Send 4KB over 100 Gbps HPC fabric          |   1 μs | MVAPICH2 over Intel Omni-Path                   |
| Compress 1KB with Google Snappy            |   3 μs |                                                 |
| Send 4KB over 10 Gbps ethernet             |  10 μs |                                                 |
| Write 4KB randomly to NVMe SSD             |  30 μs | DC P3608 NVMe SSD (QOS 99% is 500μs)            |
| Transfer 1MB to/from NVLink GPU            |  30 μs | ~33GB/s on NVIDIA 40GB NVLink                 |
| Transfer 1MB to/from PCI-E GPU             |  80 μs | ~12GB/s on PCIe 3.0 x16 link                  |
| Read 4KB randomly from NVMe SSD            | 120 μs | DC P3608 NVMe SSD (QOS 99%)                     |
| Read 1MB sequentially from NVMe SSD        | 208 μs | ~4.8GB/s DC P3608 NVMe SSD                    |
| Write 4KB randomly to SATA SSD             | 500 μs | DC S3510 SATA SSD (QOS 99.9%)                   |
| Read 4KB randomly from SATA SSD            | 500 μs | DC S3510 SATA SSD (QOS 99.9%)                   |
| Round trip within same datacenter          | 500 μs | One-way ping is ~250μs                          |
| Read 1MB sequentially from SATA SSD        |   2 ms | ~550MB/s DC S3510 SATA SSD                    |
| Read 1MB sequentially from disk            |   5 ms | ~200MB/s server HDD                           |
| Random Disk Access (seek+rotation)         |  10 ms |                                                 |
| Send packet CA->Netherlands->CA            | 150 ms |                                                 |
:label:`table_latency_numbers`",1621,3418,534,537,c22620a96e3fbd97526f13ea9ccf508307d1175ea9bb8d3a5b6dfefb098a3f7f,CORPUS_EXTRACTED,EXACT_SOURCE_SUBSTRING,BACKUP,C2,d2lce_c6d5679eb20ff0719dfc35b2,d2l_selected_campaign_scope_v1,PASS_CORPUS_EXTRACTED,"Exact source substring, hashes, provenance, and offsets verified.",False,True,ctx_9d639b375fad74fc47d1c470,b158b9f34871980ae7f9d8c8118bfaae1b85a64d18e9366d93225b3e78ffb0fc,d2l_methodology_corpus_origin_audit,1.0.0
ctx_9d859bd559e44bb8d2a5c8c9,document,d2l_introduction,d2l_introduction_index_b134,sentence_ef38d43fece9684cca7f6d3a,"One of the key challenges in designing scalable algorithms
  is that the workhorse of deep learning optimization,
  stochastic gradient descent, relies on relatively
  small minibatches of data to be processed.",2987,3197,174,185,c22620a96e3fbd97526f13ea9ccf508307d1175ea9bb8d3a5b6dfefb098a3f7f,CORPUS_EXTRACTED,EXACT_SOURCE_SUBSTRING,PRIMARY,C1,d2lce_04b7107b328dedc7c1f9af65,d2l_selected_campaign_scope_v1,PASS_CORPUS_EXTRACTED,"Exact source substring, hashes, provenance, and offsets verified.",True,True,ctx_9d859bd559e44bb8d2a5c8c9,d56ff73a8cbefd262762aa00b51f953e5ca89ddab8dde86a5a361e8219daa340,d2l_methodology_corpus_origin_audit,1.0.0
ctx_9da76510076ac845d1b3b0b1,document,d2l_recurrent_modern,d2l_recurrent_modern_lstm_b062,sentence_bade97cf1b5d2b76a35c0ec6,Pay special attention to the training and inference cost.,320,377,42,51,c22620a96e3fbd97526f13ea9ccf508307d1175ea9bb8d3a5b6dfefb098a3f7f,CORPUS_EXTRACTED,EXACT_SOURCE_SUBSTRING,UNSELECTED,C4,d2lce_1ff0c13e857af8ab6956fc96,d2l_selected_campaign_scope_v1,PASS_CORPUS_EXTRACTED,"Exact source substring, hashes, provenance, and offsets verified.",False,False,ctx_9da76510076ac845d1b3b0b1,e4946792df1b2bfc52a3edf90937caa25a0edd0e85e62acef4589c8f28b4560d,d2l_methodology_corpus_origin_audit,1.0.0
ctx_9dd2818707ebbd9b97accac9,document,d2l_attention_mechanisms,d2l_attention_mechanisms_attention_cues_b022,sentence_bdf0d1b0c8c18c36c677dbf8,"Its input `matrices` has the shape (number of rows for display, number of columns for display, number of queries, number of keys).",72,202,124,128,c22620a96e3fbd97526f13ea9ccf508307d1175ea9bb8d3a5b6dfefb098a3f7f,CORPUS_EXTRACTED,EXACT_SOURCE_SUBSTRING,BACKUP,C1,d2lce_776fd3328d5e31aeebe484ec,d2l_selected_campaign_scope_v1,PASS_CORPUS_EXTRACTED,"Exact source substring, hashes, provenance, and offsets verified.",False,True,ctx_9dd2818707ebbd9b97accac9,22d7300f7023becdb57528fa8dcae4fd31dd7f1801e10d5265a092c0dadb2853,d2l_methodology_corpus_origin_audit,1.0.0
ctx_9ddb8f2418fda4eee49c9494,document,d2l_introduction,d2l_introduction_index_b132,sentence_6c97a4a20050b15946fd48a2,"This is also one of the reasons why many of the mainstays
of deep learning, such as multilayer perceptrons
:cite:`McCulloch.Pitts.1943`, convolutional neural networks
:cite:`LeCun.Bottou.Bengio.ea.1998`, long short-term memory
:cite:`Hochreiter.Schmidhuber.1997`,
and Q-Learning :cite:`Watkins.Dayan.1992`,
were essentially ""rediscovered"" in the past decade,
after laying comparatively dormant for considerable time.",576,992,137,166,c22620a96e3fbd97526f13ea9ccf508307d1175ea9bb8d3a5b6dfefb098a3f7f,CORPUS_EXTRACTED,EXACT_SOURCE_SUBSTRING,PRIMARY,C1,d2lce_c4e87e5ee47d3e26ba618290,d2l_selected_campaign_scope_v1,PASS_CORPUS_EXTRACTED,"Exact source substring, hashes, provenance, and offsets verified.",True,True,ctx_9ddb8f2418fda4eee49c9494,3ee3c04f6c5c152acbc12e26bdc5256286a0bff431515670b8a435ed0c51dbad,d2l_methodology_corpus_origin_audit,1.0.0
ctx_9ece3b19ead5f1ddd09582aa,document,d2l_recommender_systems,d2l_recommender_systems_ranking_b018,sentence_d47bb26306f57d20b41292c8,"Similar to BPR, it aims to optimize for relevant distance between positive and negative samples instead of absolute outputs, making it well suited to recommender systems.",94,264,11,14,c22620a96e3fbd97526f13ea9ccf508307d1175ea9bb8d3a5b6dfefb098a3f7f,CORPUS_EXTRACTED,EXACT_SOURCE_SUBSTRING,BACKUP,C2,d2lce_0dbb5a3cc045f69a43d09a7a,d2l_selected_campaign_scope_v1,PASS_CORPUS_EXTRACTED,"Exact source substring, hashes, provenance, and offsets verified.",False,True,ctx_9ece3b19ead5f1ddd09582aa,9a6b0bb5f7f0190d7537f960205a5d522b1c4a457f8fc395285d60ffbe3469c6,d2l_methodology_corpus_origin_audit,1.0.0
ctx_9ee09ec62e9e9e56a663ed36,document,d2l_multilayer_perceptrons,d2l_multilayer_perceptrons_mlp_b002,sentence_3cc6a9c28a38d4573d8dbb9a,"In :numref:`chap_linear`, we introduced
softmax regression (:numref:`sec_softmax`),
implementing the algorithm from scratch
(:numref:`sec_softmax_scratch`) and using high-level APIs
(:numref:`sec_softmax_concise`),
and training classifiers to recognize
10 categories of clothing from low-resolution images.",0,306,48,58,c22620a96e3fbd97526f13ea9ccf508307d1175ea9bb8d3a5b6dfefb098a3f7f,CORPUS_EXTRACTED,EXACT_SOURCE_SUBSTRING,PRIMARY,C1,d2lce_3b6a75bdbf023ea1f3ed2cc8,d2l_selected_campaign_scope_v1,PASS_CORPUS_EXTRACTED,"Exact source substring, hashes, provenance, and offsets verified.",True,True,ctx_9ee09ec62e9e9e56a663ed36,05cf9b553c93706aa49ec59170a0e9fdac8a52cae7946e0e1899a6499e6a2982,d2l_methodology_corpus_origin_audit,1.0.0
ctx_9ee60265b7c99b18fa9a46f2,document,d2l_recurrent_modern,d2l_recurrent_modern_lstm_b007,sentence_233f5dae07761e1a4528c1bc,"![Computing the input gate, the forget gate, and the output gate in an LSTM model.](../img/lstm-0.svg)
:label:`lstm_0`",0,118,16,26,c22620a96e3fbd97526f13ea9ccf508307d1175ea9bb8d3a5b6dfefb098a3f7f,CORPUS_EXTRACTED,EXACT_SOURCE_SUBSTRING,PRIMARY,C1,d2lce_c6c1c6e96c39b88a9f94e8d9,d2l_selected_campaign_scope_v1,PASS_CORPUS_EXTRACTED,"Exact source substring, hashes, provenance, and offsets verified.",True,True,ctx_9ee60265b7c99b18fa9a46f2,bf83f81f27a1eb73359700492f280e4ac8bfb224cc3387212aa4a4bd23fd91d9,d2l_methodology_corpus_origin_audit,1.0.0
ctx_9eee0f64aed93d6db84ffda8,document,d2l_preliminaries,d2l_preliminaries_ndarray_b089,sentence_9b1573ddf9d95ed5b5a7a4d1,"In the following example, we demonstrate this with Python's `id()` function,
which gives us the exact address of the referenced object in memory.",227,372,102,109,c22620a96e3fbd97526f13ea9ccf508307d1175ea9bb8d3a5b6dfefb098a3f7f,CORPUS_EXTRACTED,EXACT_SOURCE_SUBSTRING,CONTRASTIVE,C2,d2lce_89406dadb8c277a1b688698c,d2l_selected_campaign_scope_v1,PASS_CORPUS_EXTRACTED,"Exact source substring, hashes, provenance, and offsets verified.",True,True,ctx_9eee0f64aed93d6db84ffda8,554c426448a07547775d6ab096acbdb9a833ac99ba4ca848fb8d6c7aba4a8cc4,d2l_methodology_corpus_origin_audit,1.0.0
ctx_9f1f16a2e87c55fefeca14cc,document,d2l_introduction,d2l_introduction_index_b053,sentence_7d167405c23067f0aa7d9e89,"If you followed that much then you already understand
the high-level idea behind linear regression.",878,977,81,98,c22620a96e3fbd97526f13ea9ccf508307d1175ea9bb8d3a5b6dfefb098a3f7f,CORPUS_EXTRACTED,EXACT_SOURCE_SUBSTRING,BACKUP,C1,d2lce_d8d3db5e12791f4de99286be,d2l_selected_campaign_scope_v1,PASS_CORPUS_EXTRACTED,"Exact source substring, hashes, provenance, and offsets verified.",False,True,ctx_9f1f16a2e87c55fefeca14cc,9f02e8a885423ab30511d9de35233ebd4f1b535a1d6b8f2fc9c6ece22bfde7f6,d2l_methodology_corpus_origin_audit,1.0.0
ctx_9f96534b3ab6f71f9412e1e5,document,d2l_multilayer_perceptrons,d2l_multilayer_perceptrons_mlp_b070,sentence_3aa539bb7db21db2db34db0b,"And as we saw with the sigmoid function,
as the input moves away from 0 in either direction,
the derivative of the tanh function approaches 0.",135,277,115,128,c22620a96e3fbd97526f13ea9ccf508307d1175ea9bb8d3a5b6dfefb098a3f7f,CORPUS_EXTRACTED,EXACT_SOURCE_SUBSTRING,PRIMARY,C3,d2lce_658174b1687c73f5aa1957ab,d2l_selected_campaign_scope_v1,PASS_CORPUS_EXTRACTED,"Exact source substring, hashes, provenance, and offsets verified.",True,True,ctx_9f96534b3ab6f71f9412e1e5,0ab03a3a2dfd7b12895a1fb4e4b532d02b1401d236f6792b853ecf411acd9880,d2l_methodology_corpus_origin_audit,1.0.0
ctx_9fad57a59804035d85ae8028,document,d2l_natural_language_processing_pretraining,d2l_natural_language_processing_pretraining_word_embedding_dataset_b036,sentence_7f0fe73e5b161f316b5dc88c,"(index 0 is the
    # excluded unknown token) in the vocabulary
    sampling_weights = [counter[vocab.to_tokens(i)]**0.75
                        for i in range(1, len(vocab))]
    all_negatives, generator = [], RandomGenerator(sampling_weights)
    for contexts in all_contexts:
        negatives = []
        while len(negatives) < len(contexts) * K:
            neg = generator.draw()
            # Noise words cannot be context words
            if neg not in contexts:
                negatives.append(neg)
        all_negatives.append(negatives)
    return all_negatives

all_negatives = get_negatives(all_contexts, vocab, counter, 5)
```",196,840,31,44,c22620a96e3fbd97526f13ea9ccf508307d1175ea9bb8d3a5b6dfefb098a3f7f,CORPUS_EXTRACTED,EXACT_SOURCE_SUBSTRING,BACKUP,C2,d2lce_9e5c3dd254843c7ec95d4960,d2l_selected_campaign_scope_v1,PASS_CORPUS_EXTRACTED,"Exact source substring, hashes, provenance, and offsets verified.",False,True,ctx_9fad57a59804035d85ae8028,b369765730b4cc0d6e38c4f3e9d75e49f4dfd9aaa36eb4c857fdc596b6e51c69,d2l_methodology_corpus_origin_audit,1.0.0
ctx_9fd1fe552d657e4fbfcf9abd,document,d2l_recurrent_neural_networks,d2l_recurrent_neural_networks_sequence_b023,sentence_467449b36bf28a6c820cac7e,"```{.python .input}
#@tab mxnet, pytorch
tau = 4
features = d2l.zeros((T - tau, tau))
for i in range(tau):
    features[:, i] = x[i: T - tau + i]
labels = d2l.reshape(x[tau:], (-1, 1))
```

```{.python .input}
#@tab tensorflow
tau = 4
features = tf.Variable(d2l.zeros((T - tau, tau)))
for i in range(tau):
    features[:, i].assign(x[i: T - tau + i])
labels = d2l.reshape(x[tau:], (-1, 1))
```

```{.python .input}
#@tab all
batch_size, n_train = 16, 600
# Only the first `n_train` examples are used for training
train_iter = d2l.load_array((features[:n_train], labels[:n_train]),
                            batch_size, is_train=True)
```

Here we [**keep the architecture fairly simple:
just an MLP**] with two fully-connected layers, ReLU activation, and squared loss.",3567,4338,737,752,c22620a96e3fbd97526f13ea9ccf508307d1175ea9bb8d3a5b6dfefb098a3f7f,CORPUS_EXTRACTED,EXACT_SOURCE_SUBSTRING,BACKUP,C1,d2lce_42900db05a19228ce33eafe0,d2l_selected_campaign_scope_v1,PASS_CORPUS_EXTRACTED,"Exact source substring, hashes, provenance, and offsets verified.",False,True,ctx_9fd1fe552d657e4fbfcf9abd,ef1cb71e73e3468854bc92f765adda487fe40b606a1aefc9d0c538eefed59567,d2l_methodology_corpus_origin_audit,1.0.0
ctx_9fe845c8f1250f89a8604169,document,d2l_optimization,d2l_optimization_optimization_intro_b015,sentence_6b88dc775fed29c2dd2bf3c0,### Local Minima,0,16,10,16,c22620a96e3fbd97526f13ea9ccf508307d1175ea9bb8d3a5b6dfefb098a3f7f,CORPUS_EXTRACTED,EXACT_SOURCE_SUBSTRING,PRIMARY,C1,d2lce_455f2de181035ca8388c30b0,d2l_selected_campaign_scope_v1,PASS_CORPUS_EXTRACTED,"Exact source substring, hashes, provenance, and offsets verified.",True,True,ctx_9fe845c8f1250f89a8604169,833720018d8192af1f274361754c6d520100a7422b4f795bdc41bcfd1fd9dffa,d2l_methodology_corpus_origin_audit,1.0.0
ctx_9fe858e4e7de1068d9a9f39a,document,d2l_deep_learning_computation,d2l_deep_learning_computation_index_b003,sentence_d9c5bc2a23a0245a0a85cfa5,"These insights will move you from *end user* to *power user*,
giving you the tools needed to reap the benefits
of a mature deep learning library while retaining the flexibility
to implement more complex models, including those you invent yourself!",710,957,49,54,c22620a96e3fbd97526f13ea9ccf508307d1175ea9bb8d3a5b6dfefb098a3f7f,CORPUS_EXTRACTED,EXACT_SOURCE_SUBSTRING,UNSELECTED,C3,d2lce_2b76c0f26436945cdf880aed,d2l_selected_campaign_scope_v1,PASS_CORPUS_EXTRACTED,"Exact source substring, hashes, provenance, and offsets verified.",False,False,ctx_9fe858e4e7de1068d9a9f39a,e5403b39fe74edaf80656a96ff141844e564a7469ebb8c9c5c6aac47cd6ad938,d2l_methodology_corpus_origin_audit,1.0.0
ctx_9ffc871958a632f807c9d3f7,document,d2l_preliminaries,d2l_preliminaries_linear_algebra_b155,sentence_08e7f1d9d6579fdf2e12ffd3,"## Norms
:label:`subsec_lin-algebra-norms`",0,42,3,8,c22620a96e3fbd97526f13ea9ccf508307d1175ea9bb8d3a5b6dfefb098a3f7f,CORPUS_EXTRACTED,EXACT_SOURCE_SUBSTRING,PRIMARY,C1,d2lce_3e633e212e54590ca20bfc99,d2l_selected_campaign_scope_v1,PASS_CORPUS_EXTRACTED,"Exact source substring, hashes, provenance, and offsets verified.",True,True,ctx_9ffc871958a632f807c9d3f7,6c8dc73d52347a06498e2188016de96b795a037b64a10982e38e7a16e6c7b631,d2l_methodology_corpus_origin_audit,1.0.0
ctx_a062cf75c1abb1a0801f30f6,document,d2l_natural_language_processing_applications,d2l_natural_language_processing_applications_index_b003,sentence_92fddc863c98690924303f63,"For instance, in :numref:`chap_rnn`,
we have relied on RNNs to design language models to generate novella-like text.",167,283,70,85,c22620a96e3fbd97526f13ea9ccf508307d1175ea9bb8d3a5b6dfefb098a3f7f,CORPUS_EXTRACTED,EXACT_SOURCE_SUBSTRING,BACKUP,C1,d2lce_a7105fea7b2b3447548b6d7a,d2l_selected_campaign_scope_v1,PASS_CORPUS_EXTRACTED,"Exact source substring, hashes, provenance, and offsets verified.",False,True,ctx_a062cf75c1abb1a0801f30f6,0a6c8dec38ff5580d147ddd1e5d6fb39707c15666a4b7e0af94c710d23c00168,d2l_methodology_corpus_origin_audit,1.0.0
ctx_a07c31185d557a9cba947172,document,d2l_recommender_systems,d2l_recommender_systems_seqrec_b005,sentence_2782fb7a8705fe01395419b5,The goal of Caser is to recommend item by considering user general tastes as well as short-term intention.,181,287,12,17,c22620a96e3fbd97526f13ea9ccf508307d1175ea9bb8d3a5b6dfefb098a3f7f,CORPUS_EXTRACTED,EXACT_SOURCE_SUBSTRING,BACKUP,C4,d2lce_52085fef12f840d2350b2049,d2l_selected_campaign_scope_v1,PASS_CORPUS_EXTRACTED,"Exact source substring, hashes, provenance, and offsets verified.",False,True,ctx_a07c31185d557a9cba947172,c316e3c242eed87faa84e6909be8255b5ab4bc6f98fb759eaaf556b1ebe57ce3,d2l_methodology_corpus_origin_audit,1.0.0
ctx_a08fef290a47362d440d8409,document,d2l_linear_networks,d2l_linear_networks_softmax_regression_b045,sentence_90891f0ba5affe2b0311ebef,"Since the softmax and the corresponding loss are so common,
it is worth understanding a bit better how it is computed.",0,118,88,91,c22620a96e3fbd97526f13ea9ccf508307d1175ea9bb8d3a5b6dfefb098a3f7f,CORPUS_EXTRACTED,EXACT_SOURCE_SUBSTRING,PRIMARY,C3,d2lce_53c32398310471fac3dacf35,d2l_selected_campaign_scope_v1,PASS_CORPUS_EXTRACTED,"Exact source substring, hashes, provenance, and offsets verified.",True,True,ctx_a08fef290a47362d440d8409,3e67e7286d0874a58b9bbf0916cee7d7a2abeb1c8fe995dfca0b6505d38fc08e,d2l_methodology_corpus_origin_audit,1.0.0
ctx_a0e3164176dc4db7e9acaf04,document,d2l_multilayer_perceptrons,d2l_multilayer_perceptrons_numerical_stability_and_init_b022,sentence_8697e777b49e30d5b8610a17,"In other words, we have permutation symmetry
among the hidden units of each layer.",416,498,36,44,c22620a96e3fbd97526f13ea9ccf508307d1175ea9bb8d3a5b6dfefb098a3f7f,CORPUS_EXTRACTED,EXACT_SOURCE_SUBSTRING,PRIMARY,C1,d2lce_00c0e4f7d0d5537d738af8a7,d2l_selected_campaign_scope_v1,PASS_CORPUS_EXTRACTED,"Exact source substring, hashes, provenance, and offsets verified.",True,True,ctx_a0e3164176dc4db7e9acaf04,e480596ec8ecf45227884aa136ee6b3feeb30a2647e6665b504461ca7bdefae0,d2l_methodology_corpus_origin_audit,1.0.0
ctx_a0f2cf276864d055204f2564,document,d2l_recommender_systems,d2l_recommender_systems_ranking_b010,sentence_7a3b60911f4b3588db343b01,The prior $p(\Theta)$ is a normal distribution with zero mean and variance-covariance matrix $\Sigma_\Theta$.,368,477,52,61,c22620a96e3fbd97526f13ea9ccf508307d1175ea9bb8d3a5b6dfefb098a3f7f,CORPUS_EXTRACTED,EXACT_SOURCE_SUBSTRING,BACKUP,C1,d2lce_eae5d94b4d2b73165c5d8795,d2l_selected_campaign_scope_v1,PASS_CORPUS_EXTRACTED,"Exact source substring, hashes, provenance, and offsets verified.",False,True,ctx_a0f2cf276864d055204f2564,4e3f082ffe0a5ecc1e567b384ef5908942b49b8a123fed5095e1f782eb623d63,d2l_methodology_corpus_origin_audit,1.0.0
ctx_a111db6cfdc3af70e259eae0,document,d2l_convolutional_neural_networks,d2l_convolutional_neural_networks_index_b005,sentence_fd5d6b9c288da77933b0f5fd,"In the next chapter, we will dive into full implementations
of some popular and comparatively recent CNN architectures
whose designs represent most of the techniques
commonly used by modern practitioners.",571,775,101,104,c22620a96e3fbd97526f13ea9ccf508307d1175ea9bb8d3a5b6dfefb098a3f7f,CORPUS_EXTRACTED,EXACT_SOURCE_SUBSTRING,BACKUP,C2,d2lce_eba859df6c63311dce4a5eb7,d2l_selected_campaign_scope_v1,PASS_CORPUS_EXTRACTED,"Exact source substring, hashes, provenance, and offsets verified.",False,True,ctx_a111db6cfdc3af70e259eae0,ac32e12df826c5320bd14702d2e24326923bd434ab4fb5a20615d92e8f2e81e7,d2l_methodology_corpus_origin_audit,1.0.0
ctx_a112ae80926b023797d45e91,document,d2l_generative_adversarial_networks,d2l_generative_adversarial_networks_dcgan_b022,sentence_d6748db1ede7f499b6f6de08,"```{.python .input}
class G_block(nn.Block):
    def __init__(self, channels, kernel_size=4,
                 strides=2, padding=1, **kwargs):
        super(G_block, self).__init__(**kwargs)
        self.conv2d_trans = nn.Conv2DTranspose(
            channels, kernel_size, strides, padding, use_bias=False)
        self.batch_norm = nn.BatchNorm()
        self.activation = nn.Activation('relu')

    def forward(self, X):
        return self.activation(self.batch_norm(self.conv2d_trans(X)))
```",0,497,337,346,c22620a96e3fbd97526f13ea9ccf508307d1175ea9bb8d3a5b6dfefb098a3f7f,CORPUS_EXTRACTED,EXACT_SOURCE_SUBSTRING,BACKUP,C3,d2lce_4abd762bcd34d370b4fe6498,d2l_selected_campaign_scope_v1,PASS_CORPUS_EXTRACTED,"Exact source substring, hashes, provenance, and offsets verified.",False,True,ctx_a112ae80926b023797d45e91,29ada0b205afd1283a08de4fe23a7ad7f1d9b9d4a82bac27a1d25488b5014cd5,d2l_methodology_corpus_origin_audit,1.0.0
ctx_a137b3c09b9f9c51930d5371,document,d2l_attention_mechanisms,d2l_attention_mechanisms_attention_scoring_functions_b029,sentence_6af30fab73067c42cfe42596,"Equivalent to :eqref:`eq_additive-attn`,
the query and the key are concatenated
and fed into an MLP with a single hidden layer
whose number of hidden units is $h$, a hyperparameter.",140,321,114,126,c22620a96e3fbd97526f13ea9ccf508307d1175ea9bb8d3a5b6dfefb098a3f7f,CORPUS_EXTRACTED,EXACT_SOURCE_SUBSTRING,BACKUP,C2,d2lce_401e038a0835f7c5733a9857,d2l_selected_campaign_scope_v1,PASS_CORPUS_EXTRACTED,"Exact source substring, hashes, provenance, and offsets verified.",False,True,ctx_a137b3c09b9f9c51930d5371,53091737cbdb252a59775e7fd619912cf037132825a411e8b98d12fa37d6ead5,d2l_methodology_corpus_origin_audit,1.0.0
ctx_a167d13f629e1ae8dac46d3f,document,d2l_convolutional_modern,d2l_convolutional_modern_batch_norm_b012,sentence_bdb4a9d60ff564245ba22e28,"After applying standardization,
the resulting minibatch
has zero mean and unit variance.",192,280,15,30,c22620a96e3fbd97526f13ea9ccf508307d1175ea9bb8d3a5b6dfefb098a3f7f,CORPUS_EXTRACTED,EXACT_SOURCE_SUBSTRING,PRIMARY,C1,d2lce_d53294d467b28b07bf000b10,d2l_selected_campaign_scope_v1,PASS_CORPUS_EXTRACTED,"Exact source substring, hashes, provenance, and offsets verified.",True,True,ctx_a167d13f629e1ae8dac46d3f,08726b55d90e2d636f9fa63e2c581f945c12dfdd75c4ef8bea7482d0c0067b3a,d2l_methodology_corpus_origin_audit,1.0.0
ctx_a1b6c6ab71183a43fe8f7b93,document,d2l_optimization,d2l_optimization_lr_scheduler_b053,sentence_e9f18ff7e0555260a1126068,### Warmup,0,10,4,10,c22620a96e3fbd97526f13ea9ccf508307d1175ea9bb8d3a5b6dfefb098a3f7f,CORPUS_EXTRACTED,EXACT_SOURCE_SUBSTRING,PRIMARY,C1,d2lce_6f3afd43e74e8d70778dc0c8,d2l_selected_campaign_scope_v1,PASS_CORPUS_EXTRACTED,"Exact source substring, hashes, provenance, and offsets verified.",True,True,ctx_a1b6c6ab71183a43fe8f7b93,5e5256043426bbbc2d6a704207bc8cbd9b59443242b6750a223c995e5c9dfca5,d2l_methodology_corpus_origin_audit,1.0.0
ctx_a1d30a054504f29bcb20b25b,document,d2l_appendix_mathematics_for_deep_learning,d2l_appendix_mathematics_for_deep_learning_geometry_linear_algebraic_ops_b041,sentence_f11e5baf8d21a6b7b707044c,"### Cosine Similarity
In ML contexts where the angle is employed
to measure the closeness of two vectors,
practitioners adopt the term *cosine similarity*
to refer to the portion
$$
\cos(\theta) = \frac{\mathbf{v}\cdot\mathbf{w}}{\|\mathbf{v}\|\|\mathbf{w}\|}.",0,260,28,36,c22620a96e3fbd97526f13ea9ccf508307d1175ea9bb8d3a5b6dfefb098a3f7f,CORPUS_EXTRACTED,EXACT_SOURCE_SUBSTRING,PRIMARY,C3,d2lce_382e4bbab285d56a08249753,d2l_selected_campaign_scope_v1,PASS_CORPUS_EXTRACTED,"Exact source substring, hashes, provenance, and offsets verified.",True,True,ctx_a1d30a054504f29bcb20b25b,6556b0a350aa8d306694947525b95465b05410cbea7d54eaaa16755aa0ead4b0,d2l_methodology_corpus_origin_audit,1.0.0
ctx_a20bb02df73cb967f9453f6c,document,d2l_recurrent_neural_networks,d2l_recurrent_neural_networks_rnn_scratch_b058,sentence_6c7bdd7be5edcf6da13a4905,"By doing so we know that the gradient norm never exceeds $\theta$ and that the
updated gradient is entirely aligned with the original direction of $\mathbf{g}$.",0,160,38,42,c22620a96e3fbd97526f13ea9ccf508307d1175ea9bb8d3a5b6dfefb098a3f7f,CORPUS_EXTRACTED,EXACT_SOURCE_SUBSTRING,PRIMARY,C1,d2lce_3e633e212e54590ca20bfc99,d2l_selected_campaign_scope_v1,PASS_CORPUS_EXTRACTED,"Exact source substring, hashes, provenance, and offsets verified.",True,True,ctx_a20bb02df73cb967f9453f6c,b79c54da6e443e86dc06bc46b1ccd88ff2b3ac450860e2bd78a574c7c0304683,d2l_methodology_corpus_origin_audit,1.0.0
ctx_a212b34897ea9058b36ef4f4,document,d2l_optimization,d2l_optimization_minibatch_sgd_b060,sentence_e2fb7ca26bc68d954ad1433d,A minibatch size of 10 is more efficient than stochastic gradient descent; a minibatch size of 100 even outperforms GD in terms of runtime.,417,556,2,16,c22620a96e3fbd97526f13ea9ccf508307d1175ea9bb8d3a5b6dfefb098a3f7f,CORPUS_EXTRACTED,EXACT_SOURCE_SUBSTRING,PRIMARY,C1,d2lce_152a9bcc9b8b5f6cc5586c54,d2l_selected_campaign_scope_v1,PASS_CORPUS_EXTRACTED,"Exact source substring, hashes, provenance, and offsets verified.",True,True,ctx_a212b34897ea9058b36ef4f4,1dfedb23a277cc5689c7016b2658164b060b3fb091e9ab66cc1095eaaa3c9ba5,d2l_methodology_corpus_origin_audit,1.0.0
ctx_a262d765aa2b98acc9fb0307,document,d2l_recurrent_modern,d2l_recurrent_modern_bi_rnn_b037,sentence_7fcf49b4799559d64c7b563e,"Hence, if we were to use a bidirectional RNN naively we would not get a very good accuracy: during training we have past and future data to estimate the present.",396,557,27,44,c22620a96e3fbd97526f13ea9ccf508307d1175ea9bb8d3a5b6dfefb098a3f7f,CORPUS_EXTRACTED,EXACT_SOURCE_SUBSTRING,BACKUP,C1,d2lce_80f4d6555a6ea1d2e5e881a1,d2l_selected_campaign_scope_v1,PASS_CORPUS_EXTRACTED,"Exact source substring, hashes, provenance, and offsets verified.",False,True,ctx_a262d765aa2b98acc9fb0307,731f6aa7c31c724523cd5f39bc9f94cf536bb272f55987da3082bfe86af97619,d2l_methodology_corpus_origin_audit,1.0.0
ctx_a2831abdb2ca55617b3dda12,document,d2l_natural_language_processing_pretraining,d2l_natural_language_processing_pretraining_word2vec_b050,sentence_72a9a5de89845acc81236618,The technique of mapping words to real vectors is called word embedding.,127,199,57,71,c22620a96e3fbd97526f13ea9ccf508307d1175ea9bb8d3a5b6dfefb098a3f7f,CORPUS_EXTRACTED,EXACT_SOURCE_SUBSTRING,PRIMARY,C1,d2lce_ce222dd206341f61f2986f7a,d2l_selected_campaign_scope_v1,PASS_CORPUS_EXTRACTED,"Exact source substring, hashes, provenance, and offsets verified.",True,True,ctx_a2831abdb2ca55617b3dda12,01910c34756d3f3b2fb8b5063972cb939f208e2f2a51fc7b8ae2800ee0ebfea5,d2l_methodology_corpus_origin_audit,1.0.0
ctx_a28361adfa9c45838015504f,document,d2l_recurrent_modern,d2l_recurrent_modern_seq2seq_b074,sentence_236ec54f6b6783b4e334f6b9,"```{.python .input}
#@save
def predict_seq2seq(net, src_sentence, src_vocab, tgt_vocab, num_steps,
                    device, save_attention_weights=False):
    """"""Predict for sequence to sequence.""""""
    src_tokens = src_vocab[src_sentence.lower().split(' ')] + [
        src_vocab['<eos>']]
    enc_valid_len = np.array([len(src_tokens)], ctx=device)
    src_tokens = d2l.truncate_pad(src_tokens, num_steps, src_vocab['<pad>'])
    # Add the batch axis
    enc_X = np.expand_dims(np.array(src_tokens, ctx=device), axis=0)
    enc_outputs = net.encoder(enc_X, enc_valid_len)
    dec_state = net.decoder.init_state(enc_outputs, enc_valid_len)
    # Add the batch axis
    dec_X = np.expand_dims(np.array([tgt_vocab['<bos>']], ctx=device), axis=0)
    output_seq, attention_weight_seq = [], []
    for _ in range(num_steps):
        Y, dec_state = net.decoder(dec_X, dec_state)
        # We use the token with the highest prediction likelihood as the input
        # of the decoder at the next time step
        dec_X = Y.argmax(axis=2)
        pred = dec_X.squeeze(axis=0).astype('int32').item()
        # Save attention weights (to be covered later)
        if save_attention_weights:
            attention_weight_seq.append(net.decoder.attention_weights)
        # Once the end-of-sequence token is predicted, the generation of the
        # output sequence is complete
        if pred == tgt_vocab['<eos>']:
            break
        output_seq.append(pred)
    return ' '.join(tgt_vocab.to_tokens(output_seq)), attention_weight_seq
```",0,1540,933,943,c22620a96e3fbd97526f13ea9ccf508307d1175ea9bb8d3a5b6dfefb098a3f7f,CORPUS_EXTRACTED,EXACT_SOURCE_SUBSTRING,PRIMARY,C1,d2lce_a1d9f9c783c09cc52dedbe55,d2l_selected_campaign_scope_v1,PASS_CORPUS_EXTRACTED,"Exact source substring, hashes, provenance, and offsets verified.",True,True,ctx_a28361adfa9c45838015504f,fa2c7a22be4153ab7dcf495dd9d8b7cdef7d510c71ff734f32c49e178d281614,d2l_methodology_corpus_origin_audit,1.0.0
ctx_a28b330881ada6423af8128e,document,d2l_multilayer_perceptrons,d2l_multilayer_perceptrons_environment_b020,sentence_2c2cb1c93fbb01b360da0fe3,"It turns out that if we navigate around the United States,
shifting the source of our data by geography,
we will find considerable concept shift regarding
the distribution of names for *soft drinks*
as shown in :numref:`fig_popvssoda`.",379,614,131,144,c22620a96e3fbd97526f13ea9ccf508307d1175ea9bb8d3a5b6dfefb098a3f7f,CORPUS_EXTRACTED,EXACT_SOURCE_SUBSTRING,PRIMARY,C1,d2lce_6239b2ef1cec1800e3d6f13f,d2l_selected_campaign_scope_v1,PASS_CORPUS_EXTRACTED,"Exact source substring, hashes, provenance, and offsets verified.",True,True,ctx_a28b330881ada6423af8128e,472b7e2f5e8b2fcba6b612349e5f72ff816765cabe4bfd36bf44bee0d29f4e4f,d2l_methodology_corpus_origin_audit,1.0.0
ctx_a2d3def650d89773da69782d,document,d2l_attention_mechanisms,d2l_attention_mechanisms_self_attention_and_positional_encoding_b017,sentence_1b1aa3d4cb52172a92318771,"![Comparing CNN (padding tokens are omitted), RNN, and self-attention architectures.](../img/cnn-rnn-self-attention.svg)
:label:`fig_cnn-rnn-self-attention`",0,156,17,31,c22620a96e3fbd97526f13ea9ccf508307d1175ea9bb8d3a5b6dfefb098a3f7f,CORPUS_EXTRACTED,EXACT_SOURCE_SUBSTRING,BACKUP,C3,d2lce_b967af36e17c22a478eaed6d,d2l_selected_campaign_scope_v1,PASS_CORPUS_EXTRACTED,"Exact source substring, hashes, provenance, and offsets verified.",False,True,ctx_a2d3def650d89773da69782d,781d8446f963e12e3655e517a9a71c832607f2e57060bebd9deaf79ecdf78de5,d2l_methodology_corpus_origin_audit,1.0.0
ctx_a2db8ce33d67077666585b97,document,d2l_computational_performance,d2l_computational_performance_async_computation_b015,sentence_f8aa91b12ea7e068e7e3275c,":begin_tab:`mxnet`
Broadly speaking, MXNet has a frontend for direct interactions with users, e.g., via Python, as well as a backend used by the system to perform the computation.",0,179,49,57,c22620a96e3fbd97526f13ea9ccf508307d1175ea9bb8d3a5b6dfefb098a3f7f,CORPUS_EXTRACTED,EXACT_SOURCE_SUBSTRING,PRIMARY,C1,d2lce_24988c975f984ef488776c0b,d2l_selected_campaign_scope_v1,PASS_CORPUS_EXTRACTED,"Exact source substring, hashes, provenance, and offsets verified.",True,True,ctx_a2db8ce33d67077666585b97,27034010d15ba94b2691c0f4f101c074d96a61c0c0be57d9c067498ec489128d,d2l_methodology_corpus_origin_audit,1.0.0
ctx_a3223aad900f9e33b14c8db7,document,d2l_multilayer_perceptrons,d2l_multilayer_perceptrons_mlp_b004,sentence_48cffd99a05596627d6fb189,"This model mapped our inputs directly to our outputs
via a single affine transformation,
followed by a softmax operation.",259,380,66,87,c22620a96e3fbd97526f13ea9ccf508307d1175ea9bb8d3a5b6dfefb098a3f7f,CORPUS_EXTRACTED,EXACT_SOURCE_SUBSTRING,BACKUP,C2,d2lce_539543a2360129e2a2fa1b6d,d2l_selected_campaign_scope_v1,PASS_CORPUS_EXTRACTED,"Exact source substring, hashes, provenance, and offsets verified.",False,True,ctx_a3223aad900f9e33b14c8db7,79d03cda58c7f4551fa76983f002f4d4c083e92e6a27b109658e67366ed93479,d2l_methodology_corpus_origin_audit,1.0.0
ctx_a3264cf3bd2a35a74a627146,document,d2l_multilayer_perceptrons,d2l_multilayer_perceptrons_dropout_b010,sentence_14808c8e255d05cd0c9caa3d,"Additionally, as we saw when discussing weight decay
($L_2$ regularization) in :numref:`sec_weight_decay`,
the (inverse) norm of the parameters also
represents a useful measure of simplicity.",425,616,112,119,c22620a96e3fbd97526f13ea9ccf508307d1175ea9bb8d3a5b6dfefb098a3f7f,CORPUS_EXTRACTED,EXACT_SOURCE_SUBSTRING,BACKUP,C2,d2lce_98211ac6b2c27c6359ce6dae,d2l_selected_campaign_scope_v1,PASS_CORPUS_EXTRACTED,"Exact source substring, hashes, provenance, and offsets verified.",False,True,ctx_a3264cf3bd2a35a74a627146,57ab7ec7610d71a9f87147003b981faa401770b151900c5326db544a240c8a0b,d2l_methodology_corpus_origin_audit,1.0.0
ctx_a33fa21e3115491f18e2796d,document,d2l_convolutional_modern,d2l_convolutional_modern_vgg_b012,sentence_81629386660a806f1e7eff8e,## [**VGG Network**],0,20,6,17,c22620a96e3fbd97526f13ea9ccf508307d1175ea9bb8d3a5b6dfefb098a3f7f,CORPUS_EXTRACTED,EXACT_SOURCE_SUBSTRING,PRIMARY,C1,d2lce_7be1455c48134d411f51fe7c,d2l_selected_campaign_scope_v1,PASS_CORPUS_EXTRACTED,"Exact source substring, hashes, provenance, and offsets verified.",True,True,ctx_a33fa21e3115491f18e2796d,e2f562f350131f2e9158b52ea97f0f6cf3afc75b649492986b319f9e40255b1e,d2l_methodology_corpus_origin_audit,1.0.0
ctx_a37d035d836b9e4a6c867c99,document,d2l_multilayer_perceptrons,d2l_multilayer_perceptrons_environment_b020,sentence_98ec65e474e660b9c4a13b13,"Diagnostic criteria for mental illness,
what passes for fashionable, and job titles,
are all subject to considerable
amounts of concept shift.",236,378,128,141,c22620a96e3fbd97526f13ea9ccf508307d1175ea9bb8d3a5b6dfefb098a3f7f,CORPUS_EXTRACTED,EXACT_SOURCE_SUBSTRING,PRIMARY,C1,d2lce_6239b2ef1cec1800e3d6f13f,d2l_selected_campaign_scope_v1,PASS_CORPUS_EXTRACTED,"Exact source substring, hashes, provenance, and offsets verified.",True,True,ctx_a37d035d836b9e4a6c867c99,7c1f94e555cc38aab676b68bf6a780208708cac432e15056c09a18948a0e4b4a,d2l_methodology_corpus_origin_audit,1.0.0
ctx_a3b09c164d6fc85a35c1c018,document,d2l_appendix_mathematics_for_deep_learning,d2l_appendix_mathematics_for_deep_learning_statistics_b015,sentence_11a03925daf16b0cf05b8b90,### Mean Squared Error,0,22,4,22,c22620a96e3fbd97526f13ea9ccf508307d1175ea9bb8d3a5b6dfefb098a3f7f,CORPUS_EXTRACTED,EXACT_SOURCE_SUBSTRING,PRIMARY,C2,d2lce_49603071e9c21eb4bcbdf1e7,d2l_selected_campaign_scope_v1,PASS_CORPUS_EXTRACTED,"Exact source substring, hashes, provenance, and offsets verified.",True,True,ctx_a3b09c164d6fc85a35c1c018,11b6c89cf94986a7eb9f114b51c91945685c41991000d39067d7f4bde4a9a35c,d2l_methodology_corpus_origin_audit,1.0.0
ctx_a3cd664e61e3be597eb099e5,document,d2l_convolutional_modern,d2l_convolutional_modern_densenet_b009,sentence_7cb6a54aae6130fc8746a168,![The main difference between ResNet (left) and DenseNet (right) in cross-layer connections: use of addition and use of concatenation.,0,134,48,56,c22620a96e3fbd97526f13ea9ccf508307d1175ea9bb8d3a5b6dfefb098a3f7f,CORPUS_EXTRACTED,EXACT_SOURCE_SUBSTRING,PRIMARY,C3,d2lce_20dc13bc32661f00e7c68b89,d2l_selected_campaign_scope_v1,PASS_CORPUS_EXTRACTED,"Exact source substring, hashes, provenance, and offsets verified.",True,True,ctx_a3cd664e61e3be597eb099e5,a0a6175aa2a63d5406f8e8448c4766f7e7538404a9cab116f2941c580efd0b6a,d2l_methodology_corpus_origin_audit,1.0.0
ctx_a3dea1caaff77f50a3d722b3,document,d2l_attention_mechanisms,d2l_attention_mechanisms_attention_cues_b004,sentence_70f09baaf921393fe589d2ea,"Fortunately,
our ancestors had learned from experience (also known as data)
that *not all sensory inputs are created equal*.",229,353,90,104,c22620a96e3fbd97526f13ea9ccf508307d1175ea9bb8d3a5b6dfefb098a3f7f,CORPUS_EXTRACTED,EXACT_SOURCE_SUBSTRING,BACKUP,C1,d2lce_bc240ce7b3e0abeb18f82a6b,d2l_selected_campaign_scope_v1,PASS_CORPUS_EXTRACTED,"Exact source substring, hashes, provenance, and offsets verified.",False,True,ctx_a3dea1caaff77f50a3d722b3,b1b0af427e73d294cd3ed71c1065a7117b8fbeeac55a6f95afb74b12f33a2c29,d2l_methodology_corpus_origin_audit,1.0.0
ctx_a40d24f872fa062513992a23,document,d2l_natural_language_processing_applications,d2l_natural_language_processing_applications_natural_language_inference_and_dataset_b014,sentence_dadb033ae4de0fa13717a8c1,> Hypothesis: The musicians are famous.,0,39,2,12,c22620a96e3fbd97526f13ea9ccf508307d1175ea9bb8d3a5b6dfefb098a3f7f,CORPUS_EXTRACTED,EXACT_SOURCE_SUBSTRING,PRIMARY,C2,d2lce_dbb300a90e4b0f8b815b5e12,d2l_selected_campaign_scope_v1,PASS_CORPUS_EXTRACTED,"Exact source substring, hashes, provenance, and offsets verified.",True,True,ctx_a40d24f872fa062513992a23,7177bf644d2f624c21d6e73a1a81e849af91767c32b9238ce085da9af7f1dc4e,d2l_methodology_corpus_origin_audit,1.0.0
ctx_a472d799fb6e0d324456f48d,document,d2l_recommender_systems,d2l_recommender_systems_deepfm_b005,sentence_fb5f3c4779a2c88b3c04d899,The FM component is the same as the 2-way factorization machines which is used to model the low-order feature interactions.,102,225,102,122,c22620a96e3fbd97526f13ea9ccf508307d1175ea9bb8d3a5b6dfefb098a3f7f,CORPUS_EXTRACTED,EXACT_SOURCE_SUBSTRING,PRIMARY,C2,d2lce_8de4d36bcb2f1ad2291dd52e,d2l_selected_campaign_scope_v1,PASS_CORPUS_EXTRACTED,"Exact source substring, hashes, provenance, and offsets verified.",True,True,ctx_a472d799fb6e0d324456f48d,ea2dc6db372e248e2ef3422800fcb7ce34c85db3b5eae23bd8add2be747ca70b,d2l_methodology_corpus_origin_audit,1.0.0
ctx_a47529e99ab8712183c51ba6,document,d2l_recurrent_modern,d2l_recurrent_modern_index_b003,sentence_73b66b1306ad234096bbaf52,"Although we have applied implementation tricks
such as gradient clipping,
this issue can be alleviated further
with more sophisticated designs of sequence models.",80,242,55,72,c22620a96e3fbd97526f13ea9ccf508307d1175ea9bb8d3a5b6dfefb098a3f7f,CORPUS_EXTRACTED,EXACT_SOURCE_SUBSTRING,PRIMARY,C2,d2lce_8d226b48ba7ec1493faa4ec8,d2l_selected_campaign_scope_v1,PASS_CORPUS_EXTRACTED,"Exact source substring, hashes, provenance, and offsets verified.",True,True,ctx_a47529e99ab8712183c51ba6,fda7d28c30a0235dee1f528c4b048389e1ccfd2264963727948d83bc8d52d22d,d2l_methodology_corpus_origin_audit,1.0.0
ctx_a4c83a54ae7da02ba9f87078,document,d2l_recurrent_neural_networks,d2l_recurrent_neural_networks_sequence_b012,sentence_307268292b413d3575962924,"In order to achieve this, our trader could use a regression model such as the one that we trained in :numref:`sec_linear_concise`.",0,130,49,59,c22620a96e3fbd97526f13ea9ccf508307d1175ea9bb8d3a5b6dfefb098a3f7f,CORPUS_EXTRACTED,EXACT_SOURCE_SUBSTRING,PRIMARY,C1,d2lce_3b6a75bdbf023ea1f3ed2cc8,d2l_selected_campaign_scope_v1,PASS_CORPUS_EXTRACTED,"Exact source substring, hashes, provenance, and offsets verified.",True,True,ctx_a4c83a54ae7da02ba9f87078,24b997c9cb8a924061355b65daf6c6e5e2a91f444ca4ea88faf45cc81c45eedb,d2l_methodology_corpus_origin_audit,1.0.0
ctx_a512a07140b183f0582a2fa1,document,d2l_optimization,d2l_optimization_lr_scheduler_b003,sentence_22501893dac7b20607030026,"This goes under the moniker of *warmup*, i.e., how rapidly we start moving towards the solution initially.",1069,1175,32,38,c22620a96e3fbd97526f13ea9ccf508307d1175ea9bb8d3a5b6dfefb098a3f7f,CORPUS_EXTRACTED,EXACT_SOURCE_SUBSTRING,BACKUP,C1,d2lce_6f3afd43e74e8d70778dc0c8,d2l_selected_campaign_scope_v1,PASS_CORPUS_EXTRACTED,"Exact source substring, hashes, provenance, and offsets verified.",False,True,ctx_a512a07140b183f0582a2fa1,7c03cb3ed1def82236b3d4e3a1982e83baf3ca851e0c22311877a21ff670747a,d2l_methodology_corpus_origin_audit,1.0.0
ctx_a548badbf36a46c4f9452839,document,d2l_preliminaries,d2l_preliminaries_linear_algebra_b011,sentence_157199781ed5147360a98494,"For example, if we were training a model to predict
the risk that a loan defaults,
we might associate each applicant with a vector
whose components correspond to their income,
length of employment, number of previous defaults, and other factors.",248,493,56,60,c22620a96e3fbd97526f13ea9ccf508307d1175ea9bb8d3a5b6dfefb098a3f7f,CORPUS_EXTRACTED,EXACT_SOURCE_SUBSTRING,PRIMARY,C1,d2lce_c9e2beab505998c5b3b560b5,d2l_selected_campaign_scope_v1,PASS_CORPUS_EXTRACTED,"Exact source substring, hashes, provenance, and offsets verified.",True,True,ctx_a548badbf36a46c4f9452839,c2a174c5141bbfe6b0b4adbde2385b59a786b27af851cb824829e36d099164a2,d2l_methodology_corpus_origin_audit,1.0.0
ctx_a57ada1779c485390423ba15,document,d2l_convolutional_neural_networks,d2l_convolutional_neural_networks_lenet_b008,sentence_30459325a6bbedbb7af414ec,"Each convolutional layer uses a $5\times 5$ kernel
and a sigmoid activation function.",251,336,57,84,c22620a96e3fbd97526f13ea9ccf508307d1175ea9bb8d3a5b6dfefb098a3f7f,CORPUS_EXTRACTED,EXACT_SOURCE_SUBSTRING,BACKUP,C1,d2lce_2485cc2d1b2606bcc62d63c1,d2l_selected_campaign_scope_v1,PASS_CORPUS_EXTRACTED,"Exact source substring, hashes, provenance, and offsets verified.",False,True,ctx_a57ada1779c485390423ba15,89d5160c61730a14b7e988420c97cfeec8e8fdb99b1fe0c509eeddcaf772be02,d2l_methodology_corpus_origin_audit,1.0.0
ctx_a57f35de660fe1e76b9815a6,document,d2l_multilayer_perceptrons,d2l_multilayer_perceptrons_mlp_b064,sentence_3239d846633183383808593e,We plot the tanh function below.,0,32,12,25,c22620a96e3fbd97526f13ea9ccf508307d1175ea9bb8d3a5b6dfefb098a3f7f,CORPUS_EXTRACTED,EXACT_SOURCE_SUBSTRING,BACKUP,C2,d2lce_658174b1687c73f5aa1957ab,d2l_selected_campaign_scope_v1,PASS_CORPUS_EXTRACTED,"Exact source substring, hashes, provenance, and offsets verified.",False,True,ctx_a57f35de660fe1e76b9815a6,9987609d2a68dedb0ef950935a29ae0db7ab94986ec039ca9a183ebad083dacd,d2l_methodology_corpus_origin_audit,1.0.0
ctx_a5a1f0f18709f7fa8442aea2,document,d2l_appendix_mathematics_for_deep_learning,d2l_appendix_mathematics_for_deep_learning_statistics_b050,sentence_f1cd0baa58accba32b69fd9b,"We refer the default statement as the *null hypothesis* $H_0$, which we try to reject using the observed data.",107,217,39,54,c22620a96e3fbd97526f13ea9ccf508307d1175ea9bb8d3a5b6dfefb098a3f7f,CORPUS_EXTRACTED,EXACT_SOURCE_SUBSTRING,PRIMARY,C1,d2lce_11e1c294000ac67785408dcd,d2l_selected_campaign_scope_v1,PASS_CORPUS_EXTRACTED,"Exact source substring, hashes, provenance, and offsets verified.",True,True,ctx_a5a1f0f18709f7fa8442aea2,3fb19aa39d2136b65914361843178769f124a73d2969ccf6b65ea77cdbb39e4f,d2l_methodology_corpus_origin_audit,1.0.0
ctx_a65e2f61252cb7f76af3a6db,document,d2l_recommender_systems,d2l_recommender_systems_mf_b002,sentence_c8e70647bde1c006e21f6d74,"The first version of matrix factorization model is proposed by Simon Funk in a famous [blog
post](https://sifter.org/~simon/journal/20061211.html) in which he described the idea of factorizing the interaction matrix.",125,341,21,41,c22620a96e3fbd97526f13ea9ccf508307d1175ea9bb8d3a5b6dfefb098a3f7f,CORPUS_EXTRACTED,EXACT_SOURCE_SUBSTRING,PRIMARY,C3,d2lce_bbf89ef89c96205886255dcf,d2l_selected_campaign_scope_v1,PASS_CORPUS_EXTRACTED,"Exact source substring, hashes, provenance, and offsets verified.",True,True,ctx_a65e2f61252cb7f76af3a6db,4de8f7195872411b6ec5ce49f5442f9548fb051628bafbeae54a071cbb2533c3,d2l_methodology_corpus_origin_audit,1.0.0
ctx_a696a38512dc75f186238bd7,document,d2l_recurrent_neural_networks,d2l_recurrent_neural_networks_index_b003,sentence_26f015b302db8152b781b1ab,"Likewise, image frames in a video, the audio signal in a conversation, and the browsing behavior on a website, all follow sequential order.",375,514,122,132,c22620a96e3fbd97526f13ea9ccf508307d1175ea9bb8d3a5b6dfefb098a3f7f,CORPUS_EXTRACTED,EXACT_SOURCE_SUBSTRING,UNSELECTED,NONE,d2lce_40a50503f2fdc79aa0a549fc,d2l_selected_campaign_scope_v1,PASS_CORPUS_EXTRACTED,"Exact source substring, hashes, provenance, and offsets verified.",False,False,ctx_a696a38512dc75f186238bd7,528405dd112289c15f6513cb841e175447e67be7e373a9958cbd13622a4241e1,d2l_methodology_corpus_origin_audit,1.0.0
ctx_a703c64944c46d8745b2290e,document,d2l_natural_language_processing_pretraining,d2l_natural_language_processing_pretraining_index_b005,sentence_e56343ceb6ad1f1e7d8e0138,"Thus, many more recent pretraining models adapt representation of the same token
to different contexts.",479,582,94,102,c22620a96e3fbd97526f13ea9ccf508307d1175ea9bb8d3a5b6dfefb098a3f7f,CORPUS_EXTRACTED,EXACT_SOURCE_SUBSTRING,PRIMARY,C1,d2lce_382e4bbab285d56a08249753,d2l_selected_campaign_scope_v1,PASS_CORPUS_EXTRACTED,"Exact source substring, hashes, provenance, and offsets verified.",True,True,ctx_a703c64944c46d8745b2290e,e22cdf1654db38d320d4849474239e6ceb3a985e5b26dac8460125a59a42e3f4,d2l_methodology_corpus_origin_audit,1.0.0
ctx_a70641e48916c52b08510cd2,document,d2l_computer_vision,d2l_computer_vision_ssd_b011,sentence_1d2b127bd5d6dc7b918b7720,"In this way,
there can be a one-to-one correspondence
between outputs and inputs
at the same spatial dimensions (width and height)
of feature maps.",118,265,93,111,c22620a96e3fbd97526f13ea9ccf508307d1175ea9bb8d3a5b6dfefb098a3f7f,CORPUS_EXTRACTED,EXACT_SOURCE_SUBSTRING,PRIMARY,C2,d2lce_5300144b7f5b4ce29dd12ec6,d2l_selected_campaign_scope_v1,PASS_CORPUS_EXTRACTED,"Exact source substring, hashes, provenance, and offsets verified.",True,True,ctx_a70641e48916c52b08510cd2,01b98f003c0fdf1e0f25e57c1e8b2f147adbe1a3a358475deea603bbd7ad4c93,d2l_methodology_corpus_origin_audit,1.0.0
ctx_a70b42d220709405815636f8,document,d2l_convolutional_modern,d2l_convolutional_modern_batch_norm_b039,sentence_f93e61997ff95f848668d9e8,"```{.python .input}
#@tab pytorch
class BatchNorm(nn.Module):
    # `num_features`: the number of outputs for a fully-connected layer
    # or the number of output channels for a convolutional layer.",0,199,40,49,c22620a96e3fbd97526f13ea9ccf508307d1175ea9bb8d3a5b6dfefb098a3f7f,CORPUS_EXTRACTED,EXACT_SOURCE_SUBSTRING,PRIMARY,C2,d2lce_4abd762bcd34d370b4fe6498,d2l_selected_campaign_scope_v1,PASS_CORPUS_EXTRACTED,"Exact source substring, hashes, provenance, and offsets verified.",True,True,ctx_a70b42d220709405815636f8,610c1fbcdb6d37037139f424220e2e11011eaa4b0342e88691c43a97bd61f9ad,d2l_methodology_corpus_origin_audit,1.0.0
ctx_a72845dbe0a8b9e092650e9b,document,d2l_natural_language_processing_pretraining,d2l_natural_language_processing_pretraining_bert_b040,sentence_a3d58028c7e9317940ff3066,"In forward inference, it takes two inputs:
the encoded result of `BERTEncoder` and the token positions for prediction.",179,297,93,102,c22620a96e3fbd97526f13ea9ccf508307d1175ea9bb8d3a5b6dfefb098a3f7f,CORPUS_EXTRACTED,EXACT_SOURCE_SUBSTRING,PRIMARY,C1,d2lce_06b54fbb7406aced0daac405,d2l_selected_campaign_scope_v1,PASS_CORPUS_EXTRACTED,"Exact source substring, hashes, provenance, and offsets verified.",True,True,ctx_a72845dbe0a8b9e092650e9b,2cd661ad509b2f999fde3b12f8e7ac3639a0fc5f0132a07bee4b35cafcbb6fc8,d2l_methodology_corpus_origin_audit,1.0.0
ctx_a7783902acdf15b7a77e6d41,document,d2l_preliminaries,d2l_preliminaries_linear_algebra_b057,sentence_4d82b6d795f372ac864e5dd3,"For example, along the outermost axis of a tensor,
we can access or enumerate minibatches of data examples,
or just data examples if no minibatch exists.",666,819,78,89,c22620a96e3fbd97526f13ea9ccf508307d1175ea9bb8d3a5b6dfefb098a3f7f,CORPUS_EXTRACTED,EXACT_SOURCE_SUBSTRING,BACKUP,C1,d2lce_04b7107b328dedc7c1f9af65,d2l_selected_campaign_scope_v1,PASS_CORPUS_EXTRACTED,"Exact source substring, hashes, provenance, and offsets verified.",False,True,ctx_a7783902acdf15b7a77e6d41,2055db119d38fcb758fddec5a4c29c338f10a009131010d1056e8cbdf20c9288,d2l_methodology_corpus_origin_audit,1.0.0
ctx_a78f591991c49716e5760863,document,d2l_recurrent_modern,d2l_recurrent_modern_bi_rnn_b038,sentence_8c4394f6cf99d167b4a34519,"Hence, gradients will have a very long dependency chain.",287,343,39,49,c22620a96e3fbd97526f13ea9ccf508307d1175ea9bb8d3a5b6dfefb098a3f7f,CORPUS_EXTRACTED,EXACT_SOURCE_SUBSTRING,BACKUP,C2,d2lce_144baca5ccb9be2154705e92,d2l_selected_campaign_scope_v1,PASS_CORPUS_EXTRACTED,"Exact source substring, hashes, provenance, and offsets verified.",False,True,ctx_a78f591991c49716e5760863,d954053f0d2b017ebd19d6518559fd650a90f98fde64e733be099f6475159f6d,d2l_methodology_corpus_origin_audit,1.0.0
ctx_a790a4f33d4d1ca57797120f,document,d2l_computational_performance,d2l_computational_performance_parameterserver_b006,sentence_6cf6f133bdf5728f744f1b65,"Right: a variant of multi-GPU training: (1) we compute loss and gradient, (2) all gradients are aggregated on one GPU, (3) parameter update happens and the parameters are re-distributed to all GPUs.](../img/ps.svg)
:label:`fig_parameterserver`",29,272,20,38,c22620a96e3fbd97526f13ea9ccf508307d1175ea9bb8d3a5b6dfefb098a3f7f,CORPUS_EXTRACTED,EXACT_SOURCE_SUBSTRING,BACKUP,C4,d2lce_6898a7f7f35ca368f75fda48,d2l_selected_campaign_scope_v1,PASS_CORPUS_EXTRACTED,"Exact source substring, hashes, provenance, and offsets verified.",False,True,ctx_a790a4f33d4d1ca57797120f,4b17de8ca8f8d3bff679a155f6ffbadc9bdc353e5f663e380043f9c864555e50,d2l_methodology_corpus_origin_audit,1.0.0
ctx_a7b6edbe0047f5e1d803d9a2,document,d2l_optimization,d2l_optimization_optimization_intro_b004,sentence_2650f82549744e16d8d03767,"However, the goal of deep learning (or more broadly, statistical inference) is to
reduce the generalization error.",672,786,53,74,c22620a96e3fbd97526f13ea9ccf508307d1175ea9bb8d3a5b6dfefb098a3f7f,CORPUS_EXTRACTED,EXACT_SOURCE_SUBSTRING,PRIMARY,C1,d2lce_1ff0c13e857af8ab6956fc96,d2l_selected_campaign_scope_v1,PASS_CORPUS_EXTRACTED,"Exact source substring, hashes, provenance, and offsets verified.",True,True,ctx_a7b6edbe0047f5e1d803d9a2,e94dd532d6b09dac8aceec6be1bb2ee0b5930e7edadc9ff842f1bcfb02734c35,d2l_methodology_corpus_origin_audit,1.0.0
ctx_a7c81a70b68bbf602ecfbeab,document,d2l_recurrent_modern,d2l_recurrent_modern_lstm_b018,sentence_5eee1983829a0a9512ac9b20,"Similarly,
in LSTMs we have two dedicated gates for such purposes: the input gate $\mathbf{I}_t$ governs how much we take new data into account via $\tilde{\mathbf{C}}_t$ and the forget gate $\mathbf{F}_t$ addresses how much of the old memory cell content $\mathbf{C}_{t-1} \in \mathbb{R}^{n \times h}$ we retain.",75,388,71,81,c22620a96e3fbd97526f13ea9ccf508307d1175ea9bb8d3a5b6dfefb098a3f7f,CORPUS_EXTRACTED,EXACT_SOURCE_SUBSTRING,BACKUP,C1,d2lce_c6c1c6e96c39b88a9f94e8d9,d2l_selected_campaign_scope_v1,PASS_CORPUS_EXTRACTED,"Exact source substring, hashes, provenance, and offsets verified.",False,True,ctx_a7c81a70b68bbf602ecfbeab,24fd43c2522e165017e876160b9e73b881a395befb959f7efcee9523622e1157,d2l_methodology_corpus_origin_audit,1.0.0
ctx_a80a0f96555a881e8a2d64e2,document,d2l_computer_vision,d2l_computer_vision_ssd_b002,sentence_2f2624ed2b721154419d7fd4,"Now we are ready to use such background
knowledge to design an object detection model:
single shot multibox detection
(SSD) :cite:`Liu.Anguelov.Erhan.ea.2016`.",174,333,63,85,c22620a96e3fbd97526f13ea9ccf508307d1175ea9bb8d3a5b6dfefb098a3f7f,CORPUS_EXTRACTED,EXACT_SOURCE_SUBSTRING,PRIMARY,C2,d2lce_1cc990a2aa4f03a55ea8c851,d2l_selected_campaign_scope_v1,PASS_CORPUS_EXTRACTED,"Exact source substring, hashes, provenance, and offsets verified.",True,True,ctx_a80a0f96555a881e8a2d64e2,843159be3ab6af95aa6fbc6003819a1999516ce294071cbf4b71443ef9c73162,d2l_methodology_corpus_origin_audit,1.0.0
ctx_a81307e03098966ed96b74bf,document,d2l_convolutional_neural_networks,d2l_convolutional_neural_networks_why_conv_b018,sentence_6976023e7d6c5a1d8826d942,"This is only possible if $\mathsf{V}$ and $\mathbf{U}$ do not actually depend on $(i, j)$,
i.e., we have $[\mathsf{V}]_{i, j, a, b} = [\mathbf{V}]_{a, b}$ and $\mathbf{U}$ is a constant, say $u$.",206,401,177,185,c22620a96e3fbd97526f13ea9ccf508307d1175ea9bb8d3a5b6dfefb098a3f7f,CORPUS_EXTRACTED,EXACT_SOURCE_SUBSTRING,PRIMARY,C1,d2lce_46e81052dcb25b16e429062a,d2l_selected_campaign_scope_v1,PASS_CORPUS_EXTRACTED,"Exact source substring, hashes, provenance, and offsets verified.",True,True,ctx_a81307e03098966ed96b74bf,8a9fdb003649927b8899134fab7a951bd57dde79f3a118d8f7a1ba0bea426878,d2l_methodology_corpus_origin_audit,1.0.0
ctx_a8b86db91ddc0d9b0d2daffc,document,d2l_computer_vision,d2l_computer_vision_semantic_segmentation_and_dataset_b002,sentence_f8eb01f6d4125f331e9da1fa,"Different from object detection,
semantic segmentation
recognizes and understands
what are in images in pixel level:
its labeling and prediction of semantic regions are
in pixel level.",318,502,33,54,c22620a96e3fbd97526f13ea9ccf508307d1175ea9bb8d3a5b6dfefb098a3f7f,CORPUS_EXTRACTED,EXACT_SOURCE_SUBSTRING,BACKUP,C1,d2lce_2e41378b04489016bfe5707a,d2l_selected_campaign_scope_v1,PASS_CORPUS_EXTRACTED,"Exact source substring, hashes, provenance, and offsets verified.",False,True,ctx_a8b86db91ddc0d9b0d2daffc,7417a361f5f6901d8ba1c2f1751ab1bb8354baf04f936fbef77b1b1743d08aec,d2l_methodology_corpus_origin_audit,1.0.0
ctx_a8d97fb4a07460b132bbdf0d,document,d2l_recommender_systems,d2l_recommender_systems_autorec_b003,sentence_7f300d1775a086ff94da7876,"In AutoRec, instead of explicitly embedding users/items into low-dimensional space, it uses the column/row of the interaction matrix as the input, then reconstructs the interaction matrix in the output layer.",320,528,114,132,c22620a96e3fbd97526f13ea9ccf508307d1175ea9bb8d3a5b6dfefb098a3f7f,CORPUS_EXTRACTED,EXACT_SOURCE_SUBSTRING,BACKUP,C1,d2lce_c01c503b792019c6e3827ac0,d2l_selected_campaign_scope_v1,PASS_CORPUS_EXTRACTED,"Exact source substring, hashes, provenance, and offsets verified.",False,True,ctx_a8d97fb4a07460b132bbdf0d,b17c05058bd50cd588146a69afda1cabb24e5fa1950fc10dfd6b7d121c7c7012,d2l_methodology_corpus_origin_audit,1.0.0
ctx_a9050a3dc5a8ccd5afb793f7,document,d2l_linear_networks,d2l_linear_networks_linear_regression_b012,sentence_c92b0ae109bc793e79712a07,"Models whose output prediction
is determined by the affine transformation of input features
are *linear models*,
where the affine transformation is specified by the chosen weights and bias.",194,383,52,73,c22620a96e3fbd97526f13ea9ccf508307d1175ea9bb8d3a5b6dfefb098a3f7f,CORPUS_EXTRACTED,EXACT_SOURCE_SUBSTRING,PRIMARY,C4,d2lce_539543a2360129e2a2fa1b6d,d2l_selected_campaign_scope_v1,PASS_CORPUS_EXTRACTED,"Exact source substring, hashes, provenance, and offsets verified.",True,True,ctx_a9050a3dc5a8ccd5afb793f7,32abb196d126b60654ef1524ac79d36bdd5923c498e0914e309d20048d5dcf69,d2l_methodology_corpus_origin_audit,1.0.0
ctx_a91676d4a36f289125221b76,document,d2l_computer_vision,d2l_computer_vision_anchor_b002,sentence_da34d0e85903343edd50346f,"We will design an object detection model
based on anchor boxes in :numref:`sec_ssd`.",524,608,18,40,c22620a96e3fbd97526f13ea9ccf508307d1175ea9bb8d3a5b6dfefb098a3f7f,CORPUS_EXTRACTED,EXACT_SOURCE_SUBSTRING,BACKUP,C2,d2lce_1cc990a2aa4f03a55ea8c851,d2l_selected_campaign_scope_v1,PASS_CORPUS_EXTRACTED,"Exact source substring, hashes, provenance, and offsets verified.",False,True,ctx_a91676d4a36f289125221b76,f682a9c6f7a33be99eb593047e2fb784d1cf28971fc7a68ca7cae75e26e8308a,d2l_methodology_corpus_origin_audit,1.0.0
ctx_a91d32742b0c4bd9260a1334,document,d2l_attention_mechanisms,d2l_attention_mechanisms_attention_cues_b015,sentence_51f0ad7dd12913eb59a39972,"![Attention mechanisms bias selection over values (sensory inputs) via attention pooling, which incorporates queries (volitional cues) and keys (nonvolitional cues).](../img/qkv.svg)
:label:`fig_qkv`",0,199,139,143,c22620a96e3fbd97526f13ea9ccf508307d1175ea9bb8d3a5b6dfefb098a3f7f,CORPUS_EXTRACTED,EXACT_SOURCE_SUBSTRING,PRIMARY,C1,d2lce_776fd3328d5e31aeebe484ec,d2l_selected_campaign_scope_v1,PASS_CORPUS_EXTRACTED,"Exact source substring, hashes, provenance, and offsets verified.",True,True,ctx_a91d32742b0c4bd9260a1334,b5760a511aa4b24f0033630cf8b49f3922e047e771d1b68a66780fe934752a60,d2l_methodology_corpus_origin_audit,1.0.0
ctx_a9382217a06a988f0ecb9234,document,d2l_appendix_mathematics_for_deep_learning,d2l_appendix_mathematics_for_deep_learning_statistics_b017,sentence_dd0e7d43657450abd46aa963,"$$\mathrm{MSE} (\hat{\theta}_n, \theta) = E[(\hat{\theta}_n - \theta)^2].$$
:eqlabel:`eq_mse_est`",0,97,10,13,c22620a96e3fbd97526f13ea9ccf508307d1175ea9bb8d3a5b6dfefb098a3f7f,CORPUS_EXTRACTED,EXACT_SOURCE_SUBSTRING,PRIMARY,C1,d2lce_ceb82e896665f8c0cd942ed6,d2l_selected_campaign_scope_v1,PASS_CORPUS_EXTRACTED,"Exact source substring, hashes, provenance, and offsets verified.",True,True,ctx_a9382217a06a988f0ecb9234,956aaf63cddc15e3fd45b5ea41b9b1b005e2db8bf7ca929d1ba31d05e94f4b9c,d2l_methodology_corpus_origin_audit,1.0.0
ctx_a988c294df2c935abfa24586,document,d2l_natural_language_processing_pretraining,d2l_natural_language_processing_pretraining_word_embedding_dataset_b011,sentence_d211d5dde775eea482bebb05,"Thus, when training word embedding models, 
high-frequency words can be *subsampled* :cite:`Mikolov.Sutskever.Chen.ea.2013`.",531,655,20,34,c22620a96e3fbd97526f13ea9ccf508307d1175ea9bb8d3a5b6dfefb098a3f7f,CORPUS_EXTRACTED,EXACT_SOURCE_SUBSTRING,BACKUP,C2,d2lce_ce222dd206341f61f2986f7a,d2l_selected_campaign_scope_v1,PASS_CORPUS_EXTRACTED,"Exact source substring, hashes, provenance, and offsets verified.",False,True,ctx_a988c294df2c935abfa24586,fafcbb0824cfed666da4e0a29ea5b0a7992b514f1a2f1b0aa4dd04bdee58184e,d2l_methodology_corpus_origin_audit,1.0.0
ctx_a99932a01269042b25d04a4b,document,d2l_appendix_mathematics_for_deep_learning,d2l_appendix_mathematics_for_deep_learning_random_variables_b066,sentence_0d64550ae7d1bc98f149552e,"The second one has a much larger degree of fluctuation, and thus represents a much larger risk.",297,392,90,94,c22620a96e3fbd97526f13ea9ccf508307d1175ea9bb8d3a5b6dfefb098a3f7f,CORPUS_EXTRACTED,EXACT_SOURCE_SUBSTRING,PRIMARY,C1,d2lce_c9e2beab505998c5b3b560b5,d2l_selected_campaign_scope_v1,PASS_CORPUS_EXTRACTED,"Exact source substring, hashes, provenance, and offsets verified.",True,True,ctx_a99932a01269042b25d04a4b,bc94e16c0c32051e41d58733baeecfbe2eb48d743ff8a84bf7298ab4c2a637ea,d2l_methodology_corpus_origin_audit,1.0.0
ctx_a9a2e6cdf046a082edaa6d37,document,d2l_preliminaries,d2l_preliminaries_probability_b042,sentence_d17011da3939e69e5c1f5d1d,In these cases we quantify the likelihood that we see a value as a *density*.,806,883,31,41,c22620a96e3fbd97526f13ea9ccf508307d1175ea9bb8d3a5b6dfefb098a3f7f,CORPUS_EXTRACTED,EXACT_SOURCE_SUBSTRING,PRIMARY,C2,d2lce_a1d9f9c783c09cc52dedbe55,d2l_selected_campaign_scope_v1,PASS_CORPUS_EXTRACTED,"Exact source substring, hashes, provenance, and offsets verified.",True,True,ctx_a9a2e6cdf046a082edaa6d37,2a87849673a872d2d051334c642a6906581f54e1dd37427e17978a945b002356,d2l_methodology_corpus_origin_audit,1.0.0
ctx_a9b72a28dee34e2910a4ca47,document,d2l_recommender_systems,d2l_recommender_systems_mf_b002,sentence_50b4683c4f00087873426f03,"In this section, we will dive into the details of the matrix factorization model and its implementation.",1295,1399,54,74,c22620a96e3fbd97526f13ea9ccf508307d1175ea9bb8d3a5b6dfefb098a3f7f,CORPUS_EXTRACTED,EXACT_SOURCE_SUBSTRING,PRIMARY,C2,d2lce_bbf89ef89c96205886255dcf,d2l_selected_campaign_scope_v1,PASS_CORPUS_EXTRACTED,"Exact source substring, hashes, provenance, and offsets verified.",True,True,ctx_a9b72a28dee34e2910a4ca47,ea88345fe9ad13a1234061b867340dbdefc91d00334e1b1e8d99013837e34017,d2l_methodology_corpus_origin_audit,1.0.0
ctx_a9e253f896a3bbfcfaf951f0,document,d2l_appendix_mathematics_for_deep_learning,d2l_appendix_mathematics_for_deep_learning_multivariable_calculus_b044,sentence_24e7df5ed1304d382d016c34,"The only possible location of minima are at $x = -1, 0, 2$, where the function takes the values $-5,0, -32$ respectively, and thus we can conclude that we minimize our function when $x = 2$.",0,190,30,36,c22620a96e3fbd97526f13ea9ccf508307d1175ea9bb8d3a5b6dfefb098a3f7f,CORPUS_EXTRACTED,EXACT_SOURCE_SUBSTRING,BACKUP,C1,d2lce_455f2de181035ca8388c30b0,d2l_selected_campaign_scope_v1,PASS_CORPUS_EXTRACTED,"Exact source substring, hashes, provenance, and offsets verified.",False,True,ctx_a9e253f896a3bbfcfaf951f0,65aabdea2b451020c6436e27a7579fabc6bcb9e02874e5cf14f861f19d819dde,d2l_methodology_corpus_origin_audit,1.0.0
ctx_aa0eae6611908af9c05e40d3,document,d2l_computational_performance,d2l_computational_performance_hardware_b023,sentence_f6eba6c4ba7e116cd097c697,Consequently bit-wise random writes on SSD have very poor performance.,122,192,39,42,c22620a96e3fbd97526f13ea9ccf508307d1175ea9bb8d3a5b6dfefb098a3f7f,CORPUS_EXTRACTED,EXACT_SOURCE_SUBSTRING,BACKUP,C2,d2lce_c6d5679eb20ff0719dfc35b2,d2l_selected_campaign_scope_v1,PASS_CORPUS_EXTRACTED,"Exact source substring, hashes, provenance, and offsets verified.",False,True,ctx_aa0eae6611908af9c05e40d3,a592cf38b3d7f618fc3a7441e7521b6efa664d86eca47ac315073d21780bca19,d2l_methodology_corpus_origin_audit,1.0.0
ctx_aa3b7268d2031526ca7948bd,document,d2l_appendix_mathematics_for_deep_learning,d2l_appendix_mathematics_for_deep_learning_multivariable_calculus_b154,sentence_47631d1cd82f50ff4298110b,This computation is important in an area called matrix factorization.,0,69,48,68,c22620a96e3fbd97526f13ea9ccf508307d1175ea9bb8d3a5b6dfefb098a3f7f,CORPUS_EXTRACTED,EXACT_SOURCE_SUBSTRING,BACKUP,C2,d2lce_bbf89ef89c96205886255dcf,d2l_selected_campaign_scope_v1,PASS_CORPUS_EXTRACTED,"Exact source substring, hashes, provenance, and offsets verified.",False,True,ctx_aa3b7268d2031526ca7948bd,3849dffdf7c657efeaadf36d69283263486a0774d1eedfc9fd4497b3ac1f9748,d2l_methodology_corpus_origin_audit,1.0.0
ctx_aa597eb85dc276f00236d01e,document,d2l_multilayer_perceptrons,d2l_multilayer_perceptrons_environment_b068,sentence_fba2b2c390c737178ee9ba4a,"The *confusion matrix*, $\mathbf{C}$, is simply a $k \times k$ matrix,
where each column corresponds to the label category (ground truth)
and each row corresponds to our model's predicted category.",240,437,124,136,c22620a96e3fbd97526f13ea9ccf508307d1175ea9bb8d3a5b6dfefb098a3f7f,CORPUS_EXTRACTED,EXACT_SOURCE_SUBSTRING,BACKUP,C2,d2lce_d0b3a65c5f21e6064395a475,d2l_selected_campaign_scope_v1,PASS_CORPUS_EXTRACTED,"Exact source substring, hashes, provenance, and offsets verified.",False,True,ctx_aa597eb85dc276f00236d01e,bfbaf225c016b0ba0a27e5c31ef757a1eb4547ec50f001284dbb8274590735c7,d2l_methodology_corpus_origin_audit,1.0.0
ctx_aa5c3843ce520012c58d91a8,document,d2l_recommender_systems,d2l_recommender_systems_ctr_b018,sentence_3a7d055971f1b35275c3b215,* Click-through rate prediction is usually converted to a binary classification problem.,146,234,58,79,c22620a96e3fbd97526f13ea9ccf508307d1175ea9bb8d3a5b6dfefb098a3f7f,CORPUS_EXTRACTED,EXACT_SOURCE_SUBSTRING,PRIMARY,C2,d2lce_bb2aa6e567ff5ce9563e209b,d2l_selected_campaign_scope_v1,PASS_CORPUS_EXTRACTED,"Exact source substring, hashes, provenance, and offsets verified.",True,True,ctx_aa5c3843ce520012c58d91a8,349bbd538f79ad5ed7f6481051aa78a1f9279616d835555a1c7737ac909420cc,d2l_methodology_corpus_origin_audit,1.0.0
ctx_aa9bf66af57b4d0277adf479,document,d2l_linear_networks,d2l_linear_networks_linear_regression_b076,sentence_03ae04a98853f9ea82372fde,"One way to motivate linear regression with the mean squared error loss function (or simply squared loss)
is to formally assume that observations arise from noisy observations,
where the noise is normally distributed as follows:",0,227,47,65,c22620a96e3fbd97526f13ea9ccf508307d1175ea9bb8d3a5b6dfefb098a3f7f,CORPUS_EXTRACTED,EXACT_SOURCE_SUBSTRING,PRIMARY,C1,d2lce_49603071e9c21eb4bcbdf1e7,d2l_selected_campaign_scope_v1,PASS_CORPUS_EXTRACTED,"Exact source substring, hashes, provenance, and offsets verified.",True,True,ctx_aa9bf66af57b4d0277adf479,8acc919d8821f474fc0d1a837fcafdbec71beecc29977f57fae3cd1dd274c6fe,d2l_methodology_corpus_origin_audit,1.0.0
ctx_aae65f26294db8e10b63b72f,document,d2l_recommender_systems,d2l_recommender_systems_deepfm_b003,sentence_4dcaafebb27c795e29102ff9,Deep neural networks are powerful in feature representation learning and have the potential to learn sophisticated feature interactions.,54,190,115,135,c22620a96e3fbd97526f13ea9ccf508307d1175ea9bb8d3a5b6dfefb098a3f7f,CORPUS_EXTRACTED,EXACT_SOURCE_SUBSTRING,BACKUP,C2,d2lce_8de4d36bcb2f1ad2291dd52e,d2l_selected_campaign_scope_v1,PASS_CORPUS_EXTRACTED,"Exact source substring, hashes, provenance, and offsets verified.",False,True,ctx_aae65f26294db8e10b63b72f,9384dc036f1ca2819d88624f317157effe0fb5c29d979cc27ffe74f1bedd8f14,d2l_methodology_corpus_origin_audit,1.0.0
ctx_ab1437837560228b5ab996d0,document,d2l_optimization,d2l_optimization_convexity_b007,sentence_7eebdb58841719ababffc9f0,"Before convex analysis,
we need to define *convex sets* and *convex functions*.",0,79,43,54,c22620a96e3fbd97526f13ea9ccf508307d1175ea9bb8d3a5b6dfefb098a3f7f,CORPUS_EXTRACTED,EXACT_SOURCE_SUBSTRING,PRIMARY,C1,d2lce_9c874642b8c028465cfbb71e,d2l_selected_campaign_scope_v1,PASS_CORPUS_EXTRACTED,"Exact source substring, hashes, provenance, and offsets verified.",True,True,ctx_ab1437837560228b5ab996d0,6cd4971fcda9420f5b40b572f8cad79322bc3751a6754dd853bfe8800c23a9b8,d2l_methodology_corpus_origin_audit,1.0.0
ctx_ab61947a37276da02a409618,document,d2l_linear_networks,d2l_linear_networks_linear_regression_b049,sentence_93f6b2cd44c188a5b7d9f0dc,"Given the learned linear regression model
$\hat{\mathbf{w}}^\top \mathbf{x} + \hat{b}$,
we can now estimate the price of a new house
(not contained in the training data)
given its area $x_1$ and age $x_2$.",0,205,155,168,c22620a96e3fbd97526f13ea9ccf508307d1175ea9bb8d3a5b6dfefb098a3f7f,CORPUS_EXTRACTED,EXACT_SOURCE_SUBSTRING,PRIMARY,C2,d2lce_d30763678be8999b747cf0ee,d2l_selected_campaign_scope_v1,PASS_CORPUS_EXTRACTED,"Exact source substring, hashes, provenance, and offsets verified.",True,True,ctx_ab61947a37276da02a409618,a8f0f8bda37541de6ebf588ae1b8817530691561f16cada065d3ab6fd32b81ca,d2l_methodology_corpus_origin_audit,1.0.0
ctx_aba6fee7580baba0771a58d2,document,d2l_attention_mechanisms,d2l_attention_mechanisms_attention_cues_b018,sentence_2ddf5d1d8c89de42de5a31cc,"Average pooling
can be treated as a weighted average of inputs,
where weights are uniform.",0,90,36,52,c22620a96e3fbd97526f13ea9ccf508307d1175ea9bb8d3a5b6dfefb098a3f7f,CORPUS_EXTRACTED,EXACT_SOURCE_SUBSTRING,PRIMARY,C3,d2lce_a3e7228aef125ec437a840fa,d2l_selected_campaign_scope_v1,PASS_CORPUS_EXTRACTED,"Exact source substring, hashes, provenance, and offsets verified.",True,True,ctx_aba6fee7580baba0771a58d2,b17d65b99f861e45fae50089b631351ef3b8a763564b9b0deabaf61345bce7e1,d2l_methodology_corpus_origin_audit,1.0.0
ctx_abcdc959b15b58506d6056ee,document,d2l_computational_performance,d2l_computational_performance_hardware_b009,sentence_566098f4302d863cfffab396,It consists of multiple lanes that are directly attached to the CPU.,130,198,24,29,c22620a96e3fbd97526f13ea9ccf508307d1175ea9bb8d3a5b6dfefb098a3f7f,CORPUS_EXTRACTED,EXACT_SOURCE_SUBSTRING,BACKUP,C4,d2lce_54e0621e7c3812cb511231dc,d2l_selected_campaign_scope_v1,PASS_CORPUS_EXTRACTED,"Exact source substring, hashes, provenance, and offsets verified.",False,True,ctx_abcdc959b15b58506d6056ee,7e4e94e56469e3e8d904dad902f96c08f591345d1059ed28ad4de9949bbfc84d,d2l_methodology_corpus_origin_audit,1.0.0
ctx_abe99fc2cabdf28c0c793b55,document,d2l_optimization,d2l_optimization_optimization_intro_b030,sentence_42f6feb3bbbd872176954296,For high-dimensional problems the likelihood that at least *some* of the eigenvalues are negative is quite high.,0,112,34,44,c22620a96e3fbd97526f13ea9ccf508307d1175ea9bb8d3a5b6dfefb098a3f7f,CORPUS_EXTRACTED,EXACT_SOURCE_SUBSTRING,BACKUP,C2,d2lce_a1d9f9c783c09cc52dedbe55,d2l_selected_campaign_scope_v1,PASS_CORPUS_EXTRACTED,"Exact source substring, hashes, provenance, and offsets verified.",False,True,ctx_abe99fc2cabdf28c0c793b55,95af1bd287d856999f232dae05b8c19665c932e68bde2dcc34baab658bc55455,d2l_methodology_corpus_origin_audit,1.0.0
ctx_ac1bebe3f69e61f23a9f9382,document,d2l_optimization,d2l_optimization_gd_b002,sentence_ddfd8b859df9a75ad61683e8,"For instance, the optimization problem might diverge due to an overly large learning rate.",248,338,76,89,c22620a96e3fbd97526f13ea9ccf508307d1175ea9bb8d3a5b6dfefb098a3f7f,CORPUS_EXTRACTED,EXACT_SOURCE_SUBSTRING,PRIMARY,C2,d2lce_cc4cb853eff638abcbdf7691,d2l_selected_campaign_scope_v1,PASS_CORPUS_EXTRACTED,"Exact source substring, hashes, provenance, and offsets verified.",True,True,ctx_ac1bebe3f69e61f23a9f9382,1f813c0bd536596c0757b39c5d9863bf4c58d92ccf65b4ddcdab7ce71e1b18b4,d2l_methodology_corpus_origin_audit,1.0.0
ctx_ac295765755512cf5030affb,document,d2l_computer_vision,d2l_computer_vision_ssd_b031,sentence_387c54b7d88101498514d12d,"More concretely,
each downsampling block consists of 
two $3\times3$ convolutional layers with padding of 1
followed by a $2\times2$ maximum pooling layer with stride of 2.",249,421,133,154,c22620a96e3fbd97526f13ea9ccf508307d1175ea9bb8d3a5b6dfefb098a3f7f,CORPUS_EXTRACTED,EXACT_SOURCE_SUBSTRING,PRIMARY,C2,d2lce_c343a692fe9bdfdabefe7687,d2l_selected_campaign_scope_v1,PASS_CORPUS_EXTRACTED,"Exact source substring, hashes, provenance, and offsets verified.",True,True,ctx_ac295765755512cf5030affb,dae6b5e7fda76e644508e3427597455e6f0e87661b31cfffb1e9d0fcb841ad25,d2l_methodology_corpus_origin_audit,1.0.0
ctx_ac378e36b0f6cf28b40354ae,document,d2l_recurrent_neural_networks,d2l_recurrent_neural_networks_text_preprocessing_b012,sentence_645fea2df683b9c837289bca,"```{.python .input}
#@tab all
def tokenize(lines, token='word'):  #@save
    """"""Split text lines into word or character tokens.""""""
    if token == 'word':
        return [line.split() for line in lines]
    elif token == 'char':
        return [list(line) for line in lines]
    else:
        print('ERROR: unknown token type: ' + token)

tokens = tokenize(lines)
for i in range(11):
    print(tokens[i])
```",0,408,307,320,c22620a96e3fbd97526f13ea9ccf508307d1175ea9bb8d3a5b6dfefb098a3f7f,CORPUS_EXTRACTED,EXACT_SOURCE_SUBSTRING,UNSELECTED,NONE,d2lce_9e5c3dd254843c7ec95d4960,d2l_selected_campaign_scope_v1,PASS_CORPUS_EXTRACTED,"Exact source substring, hashes, provenance, and offsets verified.",False,False,ctx_ac378e36b0f6cf28b40354ae,4637a1d69c0817301091abbd900dcc5eb525a5a91ef080eba4b9f10dc17e4144,d2l_methodology_corpus_origin_audit,1.0.0
ctx_ac57e9818b2139850b558ce7,document,d2l_optimization,d2l_optimization_optimization_intro_b004,sentence_2650f82549744e16d8d03767,"However, the goal of deep learning (or more broadly, statistical inference) is to
reduce the generalization error.",672,786,93,107,c22620a96e3fbd97526f13ea9ccf508307d1175ea9bb8d3a5b6dfefb098a3f7f,CORPUS_EXTRACTED,EXACT_SOURCE_SUBSTRING,BACKUP,C3,d2lce_22496a6fabe26e046ad5d5ac,d2l_selected_campaign_scope_v1,PASS_CORPUS_EXTRACTED,"Exact source substring, hashes, provenance, and offsets verified.",False,True,ctx_ac57e9818b2139850b558ce7,b43299038393c36e8271c2ec153fb560b9dbed44df1604f02b30426d6266099e,d2l_methodology_corpus_origin_audit,1.0.0
ctx_ad04343cea039cb88b7c242b,document,d2l_preliminaries,d2l_preliminaries_probability_b059,sentence_134d3dfadd498f6c0b45f563,"In contrast, the position of a light switch and the brightness in the room are not (they are not perfectly deterministic, though, since we could always have a broken light bulb, power failure, or a broken switch).",523,736,37,43,c22620a96e3fbd97526f13ea9ccf508307d1175ea9bb8d3a5b6dfefb098a3f7f,CORPUS_EXTRACTED,EXACT_SOURCE_SUBSTRING,UNSELECTED,NONE,d2lce_91002293cea2184b43995f47,d2l_selected_campaign_scope_v1,PASS_CORPUS_EXTRACTED,"Exact source substring, hashes, provenance, and offsets verified.",False,False,ctx_ad04343cea039cb88b7c242b,f74e3958ac04e08fecf7469698e8188354e8a76ff538b4a7b8d7c3bffe99c749,d2l_methodology_corpus_origin_audit,1.0.0
ctx_ad827e72cc1bfa17dfbdadef,document,d2l_preliminaries,d2l_preliminaries_linear_algebra_b032,sentence_03c325de561f2d23147eef5b,"Note that the word ""dimension"" tends to get overloaded
in these contexts and this tends to confuse people.",0,106,64,72,c22620a96e3fbd97526f13ea9ccf508307d1175ea9bb8d3a5b6dfefb098a3f7f,CORPUS_EXTRACTED,EXACT_SOURCE_SUBSTRING,BACKUP,C1,d2lce_382e4bbab285d56a08249753,d2l_selected_campaign_scope_v1,PASS_CORPUS_EXTRACTED,"Exact source substring, hashes, provenance, and offsets verified.",False,True,ctx_ad827e72cc1bfa17dfbdadef,e3655aa70d5c43882ff561f13624d7bbc9ca4ab8ad08a8a86640d94feb07e389,d2l_methodology_corpus_origin_audit,1.0.0
ctx_adfc32dfad2c16e59d906c41,document,d2l_multilayer_perceptrons,d2l_multilayer_perceptrons_mlp_b002,sentence_08f9d5f587629dc06032c399,"Along the way, we learned how to wrangle data,
coerce our outputs into a valid probability distribution,
apply an appropriate loss function,
and minimize it with respect to our model's parameters.",307,503,91,103,c22620a96e3fbd97526f13ea9ccf508307d1175ea9bb8d3a5b6dfefb098a3f7f,CORPUS_EXTRACTED,EXACT_SOURCE_SUBSTRING,BACKUP,C3,d2lce_c47822c187c02e12aa499ec6,d2l_selected_campaign_scope_v1,PASS_CORPUS_EXTRACTED,"Exact source substring, hashes, provenance, and offsets verified.",False,True,ctx_adfc32dfad2c16e59d906c41,bc4828680341c3b3b0a35c81b81ec01fb91cf650d04eb43cf6d69c550cc429d5,d2l_methodology_corpus_origin_audit,1.0.0
ctx_ae21d86ceba363f31d12fca3,document,d2l_preface,d2l_preface_index_b022,sentence_bf72dc8151fca388a6abaa77,"Next, :numref:`chap_cnn` and :numref:`chap_modern_cnn`,
introduce convolutional neural networks (CNNs), 
powerful tools that form the backbone 
of most modern computer vision systems.",247,430,66,95,c22620a96e3fbd97526f13ea9ccf508307d1175ea9bb8d3a5b6dfefb098a3f7f,CORPUS_EXTRACTED,EXACT_SOURCE_SUBSTRING,PRIMARY,C1,d2lce_c4e87e5ee47d3e26ba618290,d2l_selected_campaign_scope_v1,PASS_CORPUS_EXTRACTED,"Exact source substring, hashes, provenance, and offsets verified.",True,True,ctx_ae21d86ceba363f31d12fca3,149e35f5004e67b716976a9d4f2913315010bd193e8e945fb8dd6c587afab3d8,d2l_methodology_corpus_origin_audit,1.0.0
ctx_ae395d237a3a9a8e71e5f2ac,document,d2l_computer_vision,d2l_computer_vision_anchor_b002,sentence_ad41a3ee7af54c1b65477e62,"Object detection algorithms usually
sample a large number of regions in the input image, determine whether these regions contain
objects of interest, and adjust the boundaries
of the regions so as to predict the
*ground-truth bounding boxes*
of the objects more accurately.",0,273,213,225,c22620a96e3fbd97526f13ea9ccf508307d1175ea9bb8d3a5b6dfefb098a3f7f,CORPUS_EXTRACTED,EXACT_SOURCE_SUBSTRING,PRIMARY,C3,d2lce_d0b3a65c5f21e6064395a475,d2l_selected_campaign_scope_v1,PASS_CORPUS_EXTRACTED,"Exact source substring, hashes, provenance, and offsets verified.",True,True,ctx_ae395d237a3a9a8e71e5f2ac,94c9e014a59147400fdf0d64c693850d6dbe807aaf2b6c41d313cd5a0ccf2adb,d2l_methodology_corpus_origin_audit,1.0.0
ctx_ae46b94d1a1ad441b6292470,document,d2l_computer_vision,d2l_computer_vision_anchor_b032,sentence_571f6710b34507f3e982869c,"In order to train an object detection model,
we need *class* and *offset* labels for each anchor box,
where the former is
the class of the object relevant to the anchor box
and the latter is the offset
of the ground-truth bounding box relative to the anchor box.",74,336,21,43,c22620a96e3fbd97526f13ea9ccf508307d1175ea9bb8d3a5b6dfefb098a3f7f,CORPUS_EXTRACTED,EXACT_SOURCE_SUBSTRING,PRIMARY,C1,d2lce_1cc990a2aa4f03a55ea8c851,d2l_selected_campaign_scope_v1,PASS_CORPUS_EXTRACTED,"Exact source substring, hashes, provenance, and offsets verified.",True,True,ctx_ae46b94d1a1ad441b6292470,dcf63e70b951ed62a683bba77c9f0714b2ccaf443b8f71d4b75b2815e539a902,d2l_methodology_corpus_origin_audit,1.0.0
ctx_aeabd68e0656c4863b7b2e43,document,d2l_computational_performance,d2l_computational_performance_hardware_b022,sentence_5c2e8d30a166679f44041ec4,"Indeed, they come with the following caveats, due to the way SSDs are designed.",387,466,61,65,c22620a96e3fbd97526f13ea9ccf508307d1175ea9bb8d3a5b6dfefb098a3f7f,CORPUS_EXTRACTED,EXACT_SOURCE_SUBSTRING,PRIMARY,C2,d2lce_355f5686f2178281893eb6cb,d2l_selected_campaign_scope_v1,PASS_CORPUS_EXTRACTED,"Exact source substring, hashes, provenance, and offsets verified.",True,True,ctx_aeabd68e0656c4863b7b2e43,726cea42d0af2d6a3d1a4648dcdbd8fa1f11d2572ca188e3e92bd49f68475841,d2l_methodology_corpus_origin_audit,1.0.0
ctx_af2c71ffd6f18dbe3bbd7f68,document,d2l_preliminaries,d2l_preliminaries_probability_b042,sentence_da952125f5755a70bcc8b4c0,Given the world population of humans the probability is virtually 0.,609,677,16,26,c22620a96e3fbd97526f13ea9ccf508307d1175ea9bb8d3a5b6dfefb098a3f7f,CORPUS_EXTRACTED,EXACT_SOURCE_SUBSTRING,PRIMARY,C3,d2lce_b0fd0234a2a3049734e8011c,d2l_selected_campaign_scope_v1,PASS_CORPUS_EXTRACTED,"Exact source substring, hashes, provenance, and offsets verified.",True,True,ctx_af2c71ffd6f18dbe3bbd7f68,ac0c06fdf9ae47188c9ef930dee9780d19dcb7bc393be11351a053ff3688eec9,d2l_methodology_corpus_origin_audit,1.0.0
ctx_af5947b3e3bdba373bbe46b5,document,d2l_attention_mechanisms,d2l_attention_mechanisms_self_attention_and_positional_encoding_b027,sentence_5877e6e829ef463d5fb89870,"```{.python .input}
#@save
class PositionalEncoding(nn.Block):
    """"""Positional encoding.""""""
    def __init__(self, num_hiddens, dropout, max_len=1000):
        super(PositionalEncoding, self).__init__()
        self.dropout = nn.Dropout(dropout)
        # Create a long enough `P`
        self.P = d2l.zeros((1, max_len, num_hiddens))
        X = d2l.arange(max_len).reshape(-1, 1) / np.power(
            10000, np.arange(0, num_hiddens, 2) / num_hiddens)
        self.P[:, :, 0::2] = np.sin(X)
        self.P[:, :, 1::2] = np.cos(X)

    def forward(self, X):
        X = X + self.P[:, :X.shape[1], :].as_in_ctx(X.ctx)
        return self.dropout(X)
```",0,657,389,394,c22620a96e3fbd97526f13ea9ccf508307d1175ea9bb8d3a5b6dfefb098a3f7f,CORPUS_EXTRACTED,EXACT_SOURCE_SUBSTRING,UNSELECTED,C3,d2lce_2b76c0f26436945cdf880aed,d2l_selected_campaign_scope_v1,PASS_CORPUS_EXTRACTED,"Exact source substring, hashes, provenance, and offsets verified.",False,False,ctx_af5947b3e3bdba373bbe46b5,9fa66b7a2a4647ec7952a8155b6c33c1d7e6c07a08b1017b30b31df98903f62d,d2l_methodology_corpus_origin_audit,1.0.0
ctx_af69401169f9749c9e888c35,document,d2l_recurrent_neural_networks,d2l_recurrent_neural_networks_rnn_scratch_b051,sentence_7eed5adcafab3dd1d0048eef,"Generally speaking,
when solving an optimization problem,
we take update steps for the model parameter,
say in the vector form
$\mathbf{x}$,
in the direction of the negative gradient $\mathbf{g}$ on a minibatch.",0,211,87,102,c22620a96e3fbd97526f13ea9ccf508307d1175ea9bb8d3a5b6dfefb098a3f7f,CORPUS_EXTRACTED,EXACT_SOURCE_SUBSTRING,PRIMARY,C1,d2lce_ed44d125cc1110c1c39f7b3e,d2l_selected_campaign_scope_v1,PASS_CORPUS_EXTRACTED,"Exact source substring, hashes, provenance, and offsets verified.",True,True,ctx_af69401169f9749c9e888c35,84b77f5c8ec14fc585f0f4c5a1d648cd1c35283794a33200ea6a848c2ad91fc5,d2l_methodology_corpus_origin_audit,1.0.0
ctx_af8ee08c589d3eaf854b7001,document,d2l_natural_language_processing_pretraining,d2l_natural_language_processing_pretraining_subword_embedding_b011,sentence_344369b3a259bc8eb9c28052,"In the end, we can use such symbols as subwords to segment words.",396,461,28,35,c22620a96e3fbd97526f13ea9ccf508307d1175ea9bb8d3a5b6dfefb098a3f7f,CORPUS_EXTRACTED,EXACT_SOURCE_SUBSTRING,BACKUP,C2,d2lce_6f20c5222ebea4830603817b,d2l_selected_campaign_scope_v1,PASS_CORPUS_EXTRACTED,"Exact source substring, hashes, provenance, and offsets verified.",False,True,ctx_af8ee08c589d3eaf854b7001,3b00d11ce33523e1d9976458642bb4273c7b1591f91a5d00447b9571f3060dff,d2l_methodology_corpus_origin_audit,1.0.0
ctx_aff4cfc9f37da2ffa5e529e9,document,d2l_recurrent_modern,d2l_recurrent_modern_index_b002,sentence_445ae39d6156508dc13f8a31,"For demonstration,
we implemented RNN-based
language models on text data.",78,151,44,59,c22620a96e3fbd97526f13ea9ccf508307d1175ea9bb8d3a5b6dfefb098a3f7f,CORPUS_EXTRACTED,EXACT_SOURCE_SUBSTRING,BACKUP,C1,d2lce_a7105fea7b2b3447548b6d7a,d2l_selected_campaign_scope_v1,PASS_CORPUS_EXTRACTED,"Exact source substring, hashes, provenance, and offsets verified.",False,True,ctx_aff4cfc9f37da2ffa5e529e9,bd2def975e29c5e462c1eaebe6a8dd6e9f04cb9c292693250a5e392be60f2ad9,d2l_methodology_corpus_origin_audit,1.0.0
ctx_aff8a66e4ec4b4cda7dbdf1b,document,d2l_attention_mechanisms,d2l_attention_mechanisms_attention_scoring_functions_b003,sentence_ae0a25035b727e474a4ef2a5,"Denoting an attention scoring function by $a$,
:numref:`fig_attention_output`
illustrates how the output of attention pooling
can be computed as a weighted sum of values.",123,293,12,38,c22620a96e3fbd97526f13ea9ccf508307d1175ea9bb8d3a5b6dfefb098a3f7f,CORPUS_EXTRACTED,EXACT_SOURCE_SUBSTRING,PRIMARY,C1,d2lce_18c3da2d5bdd6d05a83982fa,d2l_selected_campaign_scope_v1,PASS_CORPUS_EXTRACTED,"Exact source substring, hashes, provenance, and offsets verified.",True,True,ctx_aff8a66e4ec4b4cda7dbdf1b,50f4d61cebe76da3b90991e9b685c3164d63da02399f4b52d5284eee1cb3bc00,d2l_methodology_corpus_origin_audit,1.0.0
ctx_b035055ba332f55c6df9256e,document,d2l_optimization,d2l_optimization_optimization_intro_b008,sentence_d8154ec577f747c76aa5d479,Suppose that we have only a finite amount of training data.,382,441,45,58,c22620a96e3fbd97526f13ea9ccf508307d1175ea9bb8d3a5b6dfefb098a3f7f,CORPUS_EXTRACTED,EXACT_SOURCE_SUBSTRING,BACKUP,C2,d2lce_d30763678be8999b747cf0ee,d2l_selected_campaign_scope_v1,PASS_CORPUS_EXTRACTED,"Exact source substring, hashes, provenance, and offsets verified.",False,True,ctx_b035055ba332f55c6df9256e,4e31d4d04324ea59ac027470d3c9e6cf5a33c2404670f96990ffe46c6e655784,d2l_methodology_corpus_origin_audit,1.0.0
ctx_b0979095fea4bcd28cf2ac0f,document,d2l_recurrent_neural_networks,d2l_recurrent_neural_networks_rnn_scratch_b014,sentence_904fe63a6a933828195cc132,"The `one_hot` function transforms such a minibatch into a three-dimensional tensor with the last dimension equals to the vocabulary size (`len(vocab)`).**)
We often transpose the input so that we will obtain an
output of shape
(number of time steps, batch size, vocabulary size).",100,379,165,174,c22620a96e3fbd97526f13ea9ccf508307d1175ea9bb8d3a5b6dfefb098a3f7f,CORPUS_EXTRACTED,EXACT_SOURCE_SUBSTRING,PRIMARY,C1,d2lce_6b1b75f43b72ec9bace62065,d2l_selected_campaign_scope_v1,PASS_CORPUS_EXTRACTED,"Exact source substring, hashes, provenance, and offsets verified.",True,True,ctx_b0979095fea4bcd28cf2ac0f,83115caf0210e5e61d40a0080c1ec62bca232fdaa7f807a6a071e20419b3c4a1,d2l_methodology_corpus_origin_audit,1.0.0
ctx_b12e31c5344ac1b417f474e4,document,d2l_optimization,d2l_optimization_optimization_intro_b030,sentence_591ffec0bfe4e931e208a8da,"In short, convex functions are those where the eigenvalues of the Hessian are never negative.",267,360,10,26,c22620a96e3fbd97526f13ea9ccf508307d1175ea9bb8d3a5b6dfefb098a3f7f,CORPUS_EXTRACTED,EXACT_SOURCE_SUBSTRING,PRIMARY,C1,d2lce_0a19e86b29b5e64f79a45ddc,d2l_selected_campaign_scope_v1,PASS_CORPUS_EXTRACTED,"Exact source substring, hashes, provenance, and offsets verified.",True,True,ctx_b12e31c5344ac1b417f474e4,c1706a78c2907d1f75ca8564a1d1d0492e392885c23b2147aaa77973fd00a5ae,d2l_methodology_corpus_origin_audit,1.0.0
ctx_b138719571716898b8d88624,document,d2l_recommender_systems,d2l_recommender_systems_mf_b005,sentence_8fa4b60dd00b5279b63ddc16,"Let $\mathbf{R} \in \mathbb{R}^{m \times n}$ denote the interaction matrix with $m$ users and $n$ items, and the values of $\mathbf{R}$ represent explicit ratings.",0,163,56,74,c22620a96e3fbd97526f13ea9ccf508307d1175ea9bb8d3a5b6dfefb098a3f7f,CORPUS_EXTRACTED,EXACT_SOURCE_SUBSTRING,PRIMARY,C1,d2lce_c01c503b792019c6e3827ac0,d2l_selected_campaign_scope_v1,PASS_CORPUS_EXTRACTED,"Exact source substring, hashes, provenance, and offsets verified.",True,True,ctx_b138719571716898b8d88624,0992524a8f653387a726ebacd9a33c6828c8eb9db6c170fb8e6f9dc0667d27d5,d2l_methodology_corpus_origin_audit,1.0.0
ctx_b148bf8074b973465bfd0498,document,d2l_computer_vision,d2l_computer_vision_neural_style_b024,sentence_0481121647565cd8115371a1,"In order to extract the content features and style features of the image, we can select the output of certain layers in the VGG network.",0,136,124,135,c22620a96e3fbd97526f13ea9ccf508307d1175ea9bb8d3a5b6dfefb098a3f7f,CORPUS_EXTRACTED,EXACT_SOURCE_SUBSTRING,PRIMARY,C2,d2lce_7be1455c48134d411f51fe7c,d2l_selected_campaign_scope_v1,PASS_CORPUS_EXTRACTED,"Exact source substring, hashes, provenance, and offsets verified.",True,True,ctx_b148bf8074b973465bfd0498,f535e556c9a407c0de1701129b8fb5569d82a08f9c35e4d8e9a42e84e9d9907c,d2l_methodology_corpus_origin_audit,1.0.0
ctx_b163c5e1230dbed8d61eda33,document,d2l_optimization,d2l_optimization_adagrad_b004,sentence_e9818fe4c531422aaf199a92,"However, it is also common in other areas such as computational advertising and personalized collaborative filtering.",427,544,93,116,c22620a96e3fbd97526f13ea9ccf508307d1175ea9bb8d3a5b6dfefb098a3f7f,CORPUS_EXTRACTED,EXACT_SOURCE_SUBSTRING,BACKUP,C3,d2lce_fb9ad6a6ac7e4ba9167913e1,d2l_selected_campaign_scope_v1,PASS_CORPUS_EXTRACTED,"Exact source substring, hashes, provenance, and offsets verified.",False,True,ctx_b163c5e1230dbed8d61eda33,70aa0bf9966a3859db1e66f3a37ee1b139cf61ae4d53e5688848851ae407855a,d2l_methodology_corpus_origin_audit,1.0.0
ctx_b1671787eb98927f1ad13a78,document,d2l_recurrent_modern,d2l_recurrent_modern_gru_b009,sentence_5124ba81bbc32751cf3a0de2,"The outputs of two gates
are given by two fully-connected layers
with a sigmoid activation function.",215,315,72,79,c22620a96e3fbd97526f13ea9ccf508307d1175ea9bb8d3a5b6dfefb098a3f7f,CORPUS_EXTRACTED,EXACT_SOURCE_SUBSTRING,PRIMARY,C1,d2lce_00f50f89defd8652bb8c429e,d2l_selected_campaign_scope_v1,PASS_CORPUS_EXTRACTED,"Exact source substring, hashes, provenance, and offsets verified.",True,True,ctx_b1671787eb98927f1ad13a78,c5be7a546df5329303cc26fdd2b17656a54f49b5c5648a1eb5bbd32b7a022adf,d2l_methodology_corpus_origin_audit,1.0.0
ctx_b19abb42c07be4849d43a0c0,document,d2l_computational_performance,d2l_computational_performance_async_computation_b012,sentence_8e2b9cdb5362e7ca91d50fc7,"Forcing PyTorch to finish all computation prior to returning shows
what happened previously: computation is being executed by the backend
while the frontend returns control to Python.",370,553,148,156,c22620a96e3fbd97526f13ea9ccf508307d1175ea9bb8d3a5b6dfefb098a3f7f,CORPUS_EXTRACTED,EXACT_SOURCE_SUBSTRING,PRIMARY,C1,d2lce_24988c975f984ef488776c0b,d2l_selected_campaign_scope_v1,PASS_CORPUS_EXTRACTED,"Exact source substring, hashes, provenance, and offsets verified.",True,True,ctx_b19abb42c07be4849d43a0c0,b4d8887170a8e9662dd7dec9e1ec02a36fb20651217bc1a5cb2cd450d9f2b023,d2l_methodology_corpus_origin_audit,1.0.0
ctx_b1a8388ce3ee8e26151f7cfb,document,d2l_convolutional_modern,d2l_convolutional_modern_googlenet_b002,sentence_a764ac4f7da44309f3a540f9,"One focus of the paper was to address the question
of which sized convolution kernels are best.",173,268,30,37,c22620a96e3fbd97526f13ea9ccf508307d1175ea9bb8d3a5b6dfefb098a3f7f,CORPUS_EXTRACTED,EXACT_SOURCE_SUBSTRING,PRIMARY,C1,d2lce_89406dadb8c277a1b688698c,d2l_selected_campaign_scope_v1,PASS_CORPUS_EXTRACTED,"Exact source substring, hashes, provenance, and offsets verified.",True,True,ctx_b1a8388ce3ee8e26151f7cfb,a0692587fc9bbbe8c66a852d0185e7488c642f18a316afe6da9712f7bb751362,d2l_methodology_corpus_origin_audit,1.0.0
ctx_b24d7938abbc76287221b851,document,d2l_attention_mechanisms,d2l_attention_mechanisms_attention_cues_b008,sentence_0a772e3666225735ece48236,"![Using the nonvolitional cue based on saliency (red cup, non-paper), attention is involuntarily directed to the coffee.](../img/eye-coffee.svg)
:width:`400px`
:label:`fig_eye-coffee`",0,183,12,29,c22620a96e3fbd97526f13ea9ccf508307d1175ea9bb8d3a5b6dfefb098a3f7f,CORPUS_EXTRACTED,EXACT_SOURCE_SUBSTRING,PRIMARY,C4,d2lce_abae8f75b732ffe9c8a965c0,d2l_selected_campaign_scope_v1,PASS_CORPUS_EXTRACTED,"Exact source substring, hashes, provenance, and offsets verified.",True,True,ctx_b24d7938abbc76287221b851,0c1ff38ea0dbc9da2012a717040e7868c61ce0b8d2b840f88d76646e9810c623,d2l_methodology_corpus_origin_audit,1.0.0
ctx_b25612872c99360702920048,document,d2l_notation,d2l_notation_index_b008,sentence_ccd68dd16a68a1e6a6cf0b7b,"* $f(\cdot)$: a function
* $\log(\cdot)$: the natural logarithm (base $e$)
* $\log_2(\cdot)$: logarithm with base $2$
* $\exp(\cdot)$: the exponential function
* $\mathbf{1}(\cdot)$: the indicator function, evaluates to $1$ if the boolean argument is true and $0$ otherwise
* $\mathbf{1}_{\mathcal{X}}(z)$: the set-membership indicator function, evaluates to $1$ if the element $z$ belongs to the set $\mathcal{X}$ and $0$ otherwise
* $\mathbf{(\cdot)}^\top$: transpose of a vector or a matrix
* $\mathbf{X}^{-1}$: inverse of matrix $\mathbf{X}$
* $\odot$: Hadamard (elementwise) product
* $[\cdot, \cdot]$: concatenation
* $\|\cdot\|_p$: $L_p$ norm
* $\|\cdot\|$: $L_2$ norm
* $\langle \mathbf{x}, \mathbf{y} \rangle$: dot product of vectors $\mathbf{x}$ and $\mathbf{y}$
* $\sum$: summation over a collection of elements
* $\prod$: product over a collection of elements
* $\stackrel{\mathrm{def}}{=}$: an equality asserted as a definition of the symbol on the left-hand side",0,976,515,522,c22620a96e3fbd97526f13ea9ccf508307d1175ea9bb8d3a5b6dfefb098a3f7f,CORPUS_EXTRACTED,EXACT_SOURCE_SUBSTRING,PRIMARY,C1,d2lce_98211ac6b2c27c6359ce6dae,d2l_selected_campaign_scope_v1,PASS_CORPUS_EXTRACTED,"Exact source substring, hashes, provenance, and offsets verified.",True,True,ctx_b25612872c99360702920048,b134a5fa191bf8b6b10e5aed4ca66a06b0b3dd645e5fc777b87b1a6d6ce38ee8,d2l_methodology_corpus_origin_audit,1.0.0
ctx_b28630d61d9d7f640c9a5483,document,d2l_introduction,d2l_introduction_index_b079,sentence_eac8f1f995f2adcc9e757c10,"Moreover, current purchase habits are often a result
of the recommendation algorithm currently in place,
but learning algorithms do not always take this detail into account.",416,589,95,103,c22620a96e3fbd97526f13ea9ccf508307d1175ea9bb8d3a5b6dfefb098a3f7f,CORPUS_EXTRACTED,EXACT_SOURCE_SUBSTRING,BACKUP,C4,d2lce_2684090fd4500122fec2a334,d2l_selected_campaign_scope_v1,PASS_CORPUS_EXTRACTED,"Exact source substring, hashes, provenance, and offsets verified.",False,True,ctx_b28630d61d9d7f640c9a5483,eb925f0f46d9126599b209582b31a00fbc224b7cfd8268f5ca23972055d13c19,d2l_methodology_corpus_origin_audit,1.0.0
ctx_b2d863a949f46400d0a77de1,document,d2l_optimization,d2l_optimization_optimization_intro_b008,sentence_98204dcedd6d4f05c1295236,"As described
in :numref:`subsec_empirical-risk-and-risk`,
the empirical risk
is an average loss
on the training dataset
while the risk is the expected loss 
on the entire population of data.",101,291,171,181,c22620a96e3fbd97526f13ea9ccf508307d1175ea9bb8d3a5b6dfefb098a3f7f,CORPUS_EXTRACTED,EXACT_SOURCE_SUBSTRING,PRIMARY,C2,d2lce_b0fd0234a2a3049734e8011c,d2l_selected_campaign_scope_v1,PASS_CORPUS_EXTRACTED,"Exact source substring, hashes, provenance, and offsets verified.",True,True,ctx_b2d863a949f46400d0a77de1,40c7fb8cc676b0f526d395599d477a6050407bf52586f3cc46c711b629293418,d2l_methodology_corpus_origin_audit,1.0.0
ctx_b2ecc4429423fc36a19369d3,document,d2l_recurrent_modern,d2l_recurrent_modern_lstm_b037,sentence_82a449631f50a21335913618,"```{.python .input}
def get_lstm_params(vocab_size, num_hiddens, device):
    num_inputs = num_outputs = vocab_size

    def normal(shape):
        return np.random.normal(scale=0.01, size=shape, ctx=device)

    def three():
        return (normal((num_inputs, num_hiddens)),
                normal((num_hiddens, num_hiddens)),
                np.zeros(num_hiddens, ctx=device))

    W_xi, W_hi, b_i = three()  # Input gate parameters
    W_xf, W_hf, b_f = three()  # Forget gate parameters
    W_xo, W_ho, b_o = three()  # Output gate parameters
    W_xc, W_hc, b_c = three()  # Candidate memory cell parameters
    # Output layer parameters
    W_hq = normal((num_hiddens, num_outputs))
    b_q = np.zeros(num_outputs, ctx=device)
    # Attach gradients
    params = [W_xi, W_hi, b_i, W_xf, W_hf, b_f, W_xo, W_ho, b_o, W_xc, W_hc,
              b_c, W_hq, b_q]
    for param in params:
        param.attach_grad()
    return params
```",0,938,414,424,c22620a96e3fbd97526f13ea9ccf508307d1175ea9bb8d3a5b6dfefb098a3f7f,CORPUS_EXTRACTED,EXACT_SOURCE_SUBSTRING,BACKUP,C1,d2lce_c6c1c6e96c39b88a9f94e8d9,d2l_selected_campaign_scope_v1,PASS_CORPUS_EXTRACTED,"Exact source substring, hashes, provenance, and offsets verified.",False,True,ctx_b2ecc4429423fc36a19369d3,32f1aaefe0f456d8a2c122d9a3946300e9da695e81c5cf287cdbf7293d8b36bd,d2l_methodology_corpus_origin_audit,1.0.0
ctx_b36e02e023df099b64aa3633,document,d2l_natural_language_processing_pretraining,d2l_natural_language_processing_pretraining_bert_b022,sentence_3407f042de84201ef5c3a917,"Common in the transformer encoder,
positional embeddings are added at every position of the BERT input sequence.",72,184,35,56,c22620a96e3fbd97526f13ea9ccf508307d1175ea9bb8d3a5b6dfefb098a3f7f,CORPUS_EXTRACTED,EXACT_SOURCE_SUBSTRING,PRIMARY,C1,d2lce_d96258f97579b9b414c21815,d2l_selected_campaign_scope_v1,PASS_CORPUS_EXTRACTED,"Exact source substring, hashes, provenance, and offsets verified.",True,True,ctx_b36e02e023df099b64aa3633,45c9fbb194824787f8a682872274927fe6bd7f3fe561406d8808729a8e978255,d2l_methodology_corpus_origin_audit,1.0.0
ctx_b400985b05d02328a55f0c52,document,d2l_recommender_systems,d2l_recommender_systems_seqrec_b021,sentence_d6c3cc690e394aff5da8633b,"```{.python .input  n=4}
class Caser(nn.Block):
    def __init__(self, num_factors, num_users, num_items, L=5, d=16,
                 d_prime=4, drop_ratio=0.05, **kwargs):
        super(Caser, self).__init__(**kwargs)
        self.P = nn.Embedding(num_users, num_factors)
        self.Q = nn.Embedding(num_items, num_factors)
        self.d_prime, self.d = d_prime, d
        # Vertical convolution layer
        self.conv_v = nn.Conv2D(d_prime, (L, 1), in_channels=1)
        # Horizontal convolution layer
        h = [i + 1 for i in range(L)]
        self.conv_h, self.max_pool = nn.Sequential(), nn.Sequential()
        for i in h:
            self.conv_h.add(nn.Conv2D(d, (i, num_factors), in_channels=1))
            self.max_pool.add(nn.MaxPool1D(L - i + 1))
        # Fully-connected layer
        self.fc1_dim_v, self.fc1_dim_h = d_prime * num_factors, d * len(h)
        self.fc = nn.Dense(in_units=d_prime * num_factors + d * L,
                           activation='relu', units=num_factors)
        self.Q_prime = nn.Embedding(num_items, num_factors * 2)
        self.b = nn.Embedding(num_items, 1)
        self.dropout = nn.Dropout(drop_ratio)

    def forward(self, user_id, seq, item_id):
        item_embs = np.expand_dims(self.Q(seq), 1)
        user_emb = self.P(user_id)
        out, out_h, out_v, out_hs = None, None, None, []
        if self.d_prime:
            out_v = self.conv_v(item_embs)
            out_v = out_v.reshape(out_v.shape[0], self.fc1_dim_v)
        if self.d:
            for conv, maxp in zip(self.conv_h, self.max_pool):
                conv_out = np.squeeze(npx.relu(conv(item_embs)), axis=3)
                t = maxp(conv_out)
                pool_out = np.squeeze(t, axis=2)
                out_hs.append(pool_out)
            out_h = np.concatenate(out_hs, axis=1)
        out = np.concatenate([out_v, out_h], axis=1)
        z = self.fc(self.dropout(out))
        x = np.concatenate([z, user_emb], axis=1)
        q_prime_i = np.squeeze(self.Q_prime(item_id))
        b = np.squeeze(self.b(item_id))
        res = (x * q_prime_i).sum(1) + b
        return res
```",0,2113,31,36,c22620a96e3fbd97526f13ea9ccf508307d1175ea9bb8d3a5b6dfefb098a3f7f,CORPUS_EXTRACTED,EXACT_SOURCE_SUBSTRING,PRIMARY,C4,d2lce_52085fef12f840d2350b2049,d2l_selected_campaign_scope_v1,PASS_CORPUS_EXTRACTED,"Exact source substring, hashes, provenance, and offsets verified.",True,True,ctx_b400985b05d02328a55f0c52,13f84e8637575225d01791446e8f0eb47a7f78048f09fd428a7329fc862ae1f8,d2l_methodology_corpus_origin_audit,1.0.0
ctx_b4043b79b40224019aa27e38,document,d2l_appendix_mathematics_for_deep_learning,d2l_appendix_mathematics_for_deep_learning_random_variables_b106,sentence_0d24772a876b5cf0884f867d,"This has all been in terms of discrete random variables, but the case of continuous random variables is similar.",0,112,30,55,c22620a96e3fbd97526f13ea9ccf508307d1175ea9bb8d3a5b6dfefb098a3f7f,CORPUS_EXTRACTED,EXACT_SOURCE_SUBSTRING,PRIMARY,C5,d2lce_e1a7c8e04c91b48272b3b5ee,d2l_selected_campaign_scope_v1,PASS_CORPUS_EXTRACTED,"Exact source substring, hashes, provenance, and offsets verified.",True,True,ctx_b4043b79b40224019aa27e38,2620782404d7fb766be74704a2a9d7604960e2b7ef4230cf315944b0271817be,d2l_methodology_corpus_origin_audit,1.0.0
ctx_b44942e2470ad6fe760cd183,document,d2l_computational_performance,d2l_computational_performance_hardware_b007,sentence_9e834d90db4b1f4a89287905,"* Durable storage, such as a magnetic hard disk drive, a solid state drive, in many cases connected using the PCIe bus.",746,865,115,118,c22620a96e3fbd97526f13ea9ccf508307d1175ea9bb8d3a5b6dfefb098a3f7f,CORPUS_EXTRACTED,EXACT_SOURCE_SUBSTRING,PRIMARY,C1,d2lce_0e100796a86968fbdb5730e8,d2l_selected_campaign_scope_v1,PASS_CORPUS_EXTRACTED,"Exact source substring, hashes, provenance, and offsets verified.",True,True,ctx_b44942e2470ad6fe760cd183,4aad4502b5f8780a840fd5d5cf69dc4c0fd4074b42b3a115a3fe6120bd3dabc5,d2l_methodology_corpus_origin_audit,1.0.0
ctx_b4869503275a2fafa7ed121c,document,d2l_recommender_systems,d2l_recommender_systems_neumf_b010,sentence_723b414b17ff6a978252f8eb,"Afterwards, the ouputs are projected with matrix $\mathbf{h}$ and a sigmoid activation function.",195,291,68,95,c22620a96e3fbd97526f13ea9ccf508307d1175ea9bb8d3a5b6dfefb098a3f7f,CORPUS_EXTRACTED,EXACT_SOURCE_SUBSTRING,BACKUP,C1,d2lce_2485cc2d1b2606bcc62d63c1,d2l_selected_campaign_scope_v1,PASS_CORPUS_EXTRACTED,"Exact source substring, hashes, provenance, and offsets verified.",False,True,ctx_b4869503275a2fafa7ed121c,0e1497de6764ee8b0dea82d4b842ca2d2f837f9bfb10699d9852e70b063ab5a9,d2l_methodology_corpus_origin_audit,1.0.0
ctx_b48760685d8ba1fd7b94cf59,document,d2l_computer_vision,d2l_computer_vision_anchor_b021,sentence_bf50f8556dc771e6812b02b0,"As you can see, the blue anchor box with a scale of 0.75 and an aspect ratio of 1 well
surrounds the dog in the image.",357,475,64,76,c22620a96e3fbd97526f13ea9ccf508307d1175ea9bb8d3a5b6dfefb098a3f7f,CORPUS_EXTRACTED,EXACT_SOURCE_SUBSTRING,BACKUP,C1,d2lce_ddf8557de1cd5ff23b86e10e,d2l_selected_campaign_scope_v1,PASS_CORPUS_EXTRACTED,"Exact source substring, hashes, provenance, and offsets verified.",False,True,ctx_b48760685d8ba1fd7b94cf59,6e5050c106a84760caca3c97c6c68b7910c69f0899effe64b593e63a33111983,d2l_methodology_corpus_origin_audit,1.0.0
ctx_b5380097a093ff4bebcff9db,document,d2l_natural_language_processing_applications,d2l_natural_language_processing_applications_natural_language_inference_and_dataset_b015,sentence_4d8e53ac459d6b2eae056999,"It enjoys wide applications ranging from
information retrieval to open-domain question answering.",88,185,78,96,c22620a96e3fbd97526f13ea9ccf508307d1175ea9bb8d3a5b6dfefb098a3f7f,CORPUS_EXTRACTED,EXACT_SOURCE_SUBSTRING,BACKUP,C1,d2lce_41109297e6bf8f44d9bb9178,d2l_selected_campaign_scope_v1,PASS_CORPUS_EXTRACTED,"Exact source substring, hashes, provenance, and offsets verified.",False,True,ctx_b5380097a093ff4bebcff9db,54f3af0e36bed84d634ebecfd58c7f3a8035ba9260b21943224a21e1b342b331,d2l_methodology_corpus_origin_audit,1.0.0
ctx_b5ad8a4aa3e90970b3a0f97a,document,d2l_attention_mechanisms,d2l_attention_mechanisms_attention_cues_b015,sentence_51f0ad7dd12913eb59a39972,"![Attention mechanisms bias selection over values (sensory inputs) via attention pooling, which incorporates queries (volitional cues) and keys (nonvolitional cues).](../img/qkv.svg)
:label:`fig_qkv`",0,199,145,163,c22620a96e3fbd97526f13ea9ccf508307d1175ea9bb8d3a5b6dfefb098a3f7f,CORPUS_EXTRACTED,EXACT_SOURCE_SUBSTRING,BACKUP,C4,d2lce_abae8f75b732ffe9c8a965c0,d2l_selected_campaign_scope_v1,PASS_CORPUS_EXTRACTED,"Exact source substring, hashes, provenance, and offsets verified.",False,True,ctx_b5ad8a4aa3e90970b3a0f97a,bb9ef5d189579a315386a07cf2550c37cc74b76fc83a6de63f5b1760650e6bf0,d2l_methodology_corpus_origin_audit,1.0.0
ctx_b600daa6c4d490532e107adf,document,d2l_deep_learning_computation,d2l_deep_learning_computation_model_construction_b002,sentence_e0bb5bc235085459094bd251,"When we worked through softmax regression,
a single layer was itself the model.",669,748,31,41,c22620a96e3fbd97526f13ea9ccf508307d1175ea9bb8d3a5b6dfefb098a3f7f,CORPUS_EXTRACTED,EXACT_SOURCE_SUBSTRING,BACKUP,C1,d2lce_3b6a75bdbf023ea1f3ed2cc8,d2l_selected_campaign_scope_v1,PASS_CORPUS_EXTRACTED,"Exact source substring, hashes, provenance, and offsets verified.",False,True,ctx_b600daa6c4d490532e107adf,b8c5046293a8256763d92946ff82dd0aa26e76c6ecff846770f1b1e3c4908778,d2l_methodology_corpus_origin_audit,1.0.0
ctx_b6036c566fcf4ded24d31bee,document,d2l_recurrent_neural_networks,d2l_recurrent_neural_networks_sequence_b004,sentence_1358aa871b30fd6f34ba82fd,"Of course, sequence data are not just about movie ratings.",146,204,11,24,c22620a96e3fbd97526f13ea9ccf508307d1175ea9bb8d3a5b6dfefb098a3f7f,CORPUS_EXTRACTED,EXACT_SOURCE_SUBSTRING,PRIMARY,C3,d2lce_b85d9a7a642afee03175796f,d2l_selected_campaign_scope_v1,PASS_CORPUS_EXTRACTED,"Exact source substring, hashes, provenance, and offsets verified.",True,True,ctx_b6036c566fcf4ded24d31bee,55a43df6e64738afcc77b081a7e4d68b22eaacaea13e8aea8fb28999b570960d,d2l_methodology_corpus_origin_audit,1.0.0
ctx_b614df5afd99a56025590e12,document,d2l_appendix_mathematics_for_deep_learning,d2l_appendix_mathematics_for_deep_learning_geometry_linear_algebraic_ops_b092,sentence_4067d7c2da831b1bd626ea6b,If there is no linear dependence we say the vectors are *linearly independent*.,280,359,57,77,c22620a96e3fbd97526f13ea9ccf508307d1175ea9bb8d3a5b6dfefb098a3f7f,CORPUS_EXTRACTED,EXACT_SOURCE_SUBSTRING,PRIMARY,C1,d2lce_e246c0d41c7b8bc2c145f69a,d2l_selected_campaign_scope_v1,PASS_CORPUS_EXTRACTED,"Exact source substring, hashes, provenance, and offsets verified.",True,True,ctx_b614df5afd99a56025590e12,ba992a37840f0101928cee4b37434f751889a006b047f1499972c889ba727b11,d2l_methodology_corpus_origin_audit,1.0.0
ctx_b618fd3842fb14f923c5d936,document,d2l_convolutional_neural_networks,d2l_convolutional_neural_networks_why_conv_b042,sentence_d0d403d9bf5632ad80ec20dc,There are still many operations that we need to address.,0,56,48,55,c22620a96e3fbd97526f13ea9ccf508307d1175ea9bb8d3a5b6dfefb098a3f7f,CORPUS_EXTRACTED,EXACT_SOURCE_SUBSTRING,BACKUP,C1,d2lce_89406dadb8c277a1b688698c,d2l_selected_campaign_scope_v1,PASS_CORPUS_EXTRACTED,"Exact source substring, hashes, provenance, and offsets verified.",False,True,ctx_b618fd3842fb14f923c5d936,1f781f35bbf204cd865fb2543501d03060e97ba9c7ad95aa8b92153223aaccef,d2l_methodology_corpus_origin_audit,1.0.0
ctx_b623c596d3c134838c86f0ba,document,d2l_attention_mechanisms,d2l_attention_mechanisms_self_attention_and_positional_encoding_b017,sentence_1b1aa3d4cb52172a92318771,"![Comparing CNN (padding tokens are omitted), RNN, and self-attention architectures.](../img/cnn-rnn-self-attention.svg)
:label:`fig_cnn-rnn-self-attention`",0,156,12,15,c22620a96e3fbd97526f13ea9ccf508307d1175ea9bb8d3a5b6dfefb098a3f7f,CORPUS_EXTRACTED,EXACT_SOURCE_SUBSTRING,BACKUP,C2,d2lce_eba859df6c63311dce4a5eb7,d2l_selected_campaign_scope_v1,PASS_CORPUS_EXTRACTED,"Exact source substring, hashes, provenance, and offsets verified.",False,True,ctx_b623c596d3c134838c86f0ba,d430838c76d29044f5564cc014a24dd4ad2da6d037f7446fe23d2b1c606cbe5b,d2l_methodology_corpus_origin_audit,1.0.0
ctx_b6400546a59e2de8affe4df3,document,d2l_linear_networks,d2l_linear_networks_linear_regression_b001,sentence_b7521617f83f086c94a85841,"# Linear Regression
:label:`sec_linear_regression`",0,50,2,19,c22620a96e3fbd97526f13ea9ccf508307d1175ea9bb8d3a5b6dfefb098a3f7f,CORPUS_EXTRACTED,EXACT_SOURCE_SUBSTRING,BACKUP,C1,d2lce_d8d3db5e12791f4de99286be,d2l_selected_campaign_scope_v1,PASS_CORPUS_EXTRACTED,"Exact source substring, hashes, provenance, and offsets verified.",False,True,ctx_b6400546a59e2de8affe4df3,f8365cfd9acee6f4409db96821c0d38765f994a3c1bd09a690fea8109c684e7f,d2l_methodology_corpus_origin_audit,1.0.0
ctx_b6b456326d86e2b5df1c872c,document,d2l_multilayer_perceptrons,d2l_multilayer_perceptrons_mlp_b009,sentence_1c7666e6b5b5e96431861124,"And yet despite the apparent absurdity of linearity here,
as compared with our previous examples,
it is less obvious that we could address the problem
with a simple preprocessing fix.",0,183,131,138,c22620a96e3fbd97526f13ea9ccf508307d1175ea9bb8d3a5b6dfefb098a3f7f,CORPUS_EXTRACTED,EXACT_SOURCE_SUBSTRING,BACKUP,C1,d2lce_89406dadb8c277a1b688698c,d2l_selected_campaign_scope_v1,PASS_CORPUS_EXTRACTED,"Exact source substring, hashes, provenance, and offsets verified.",False,True,ctx_b6b456326d86e2b5df1c872c,0a02b628f9f8aaedacbe73c6149317f0d685d659f1f4bf2b797467ac5dfa3005,d2l_methodology_corpus_origin_audit,1.0.0
ctx_b71e137a4385ced462547be2,document,d2l_computer_vision,d2l_computer_vision_rcnn_b001,sentence_527681c6f8f4925ef8d2e011,"# Region-based CNNs (R-CNNs)
:label:`sec_rcnn`",0,46,21,27,c22620a96e3fbd97526f13ea9ccf508307d1175ea9bb8d3a5b6dfefb098a3f7f,CORPUS_EXTRACTED,EXACT_SOURCE_SUBSTRING,PRIMARY,C1,d2lce_ad0d7cbd5f90ad33075e89aa,d2l_selected_campaign_scope_v1,PASS_CORPUS_EXTRACTED,"Exact source substring, hashes, provenance, and offsets verified.",True,True,ctx_b71e137a4385ced462547be2,56ad7d59494381bff6a5c29bac15eb702e16eb2ed87b6e99742b1510f86933f4,d2l_methodology_corpus_origin_audit,1.0.0
ctx_b75db9e35adbaaf1637e9f5b,document,d2l_computational_performance,d2l_computational_performance_multiple_gpus_b045,sentence_a56bc536d461fb7dd9888741,Now we can implement [**multi-GPU training on a single minibatch**].,0,68,24,42,c22620a96e3fbd97526f13ea9ccf508307d1175ea9bb8d3a5b6dfefb098a3f7f,CORPUS_EXTRACTED,EXACT_SOURCE_SUBSTRING,PRIMARY,C3,d2lce_6898a7f7f35ca368f75fda48,d2l_selected_campaign_scope_v1,PASS_CORPUS_EXTRACTED,"Exact source substring, hashes, provenance, and offsets verified.",True,True,ctx_b75db9e35adbaaf1637e9f5b,def18f15c74698823d5fcb570d7a124df3baa134b3be3f80610efd416fe28dd2,d2l_methodology_corpus_origin_audit,1.0.0
ctx_b7c61fc74173e5004c850c59,document,d2l_introduction,d2l_introduction_index_b058,sentence_a5bf53f3daed100d0d815e2a,"The magnitude of the probability for the predicted class
conveys one notion of uncertainty.",664,755,79,90,c22620a96e3fbd97526f13ea9ccf508307d1175ea9bb8d3a5b6dfefb098a3f7f,CORPUS_EXTRACTED,EXACT_SOURCE_SUBSTRING,PRIMARY,C2,d2lce_73dbe839de3f1d00bf1226f0,d2l_selected_campaign_scope_v1,PASS_CORPUS_EXTRACTED,"Exact source substring, hashes, provenance, and offsets verified.",True,True,ctx_b7c61fc74173e5004c850c59,7f178a7e1bb309206837ceef04e0c05da937439050a7922e1c8a43b349e93de8,d2l_methodology_corpus_origin_audit,1.0.0
ctx_b827a98a327b101be2d2365a,document,d2l_recurrent_modern,d2l_recurrent_modern_seq2seq_b068,sentence_5d351c2e24796408a36d75c1,"Now we can [**create and train an RNN encoder-decoder model**]
for sequence to sequence learning on the machine translation dataset.",0,132,34,53,c22620a96e3fbd97526f13ea9ccf508307d1175ea9bb8d3a5b6dfefb098a3f7f,CORPUS_EXTRACTED,EXACT_SOURCE_SUBSTRING,PRIMARY,C1,d2lce_43488a3e1f15598ac9b1b6bc,d2l_selected_campaign_scope_v1,PASS_CORPUS_EXTRACTED,"Exact source substring, hashes, provenance, and offsets verified.",True,True,ctx_b827a98a327b101be2d2365a,7d7c12fbc1319305d740ca01bcfeaeae970b0c5ecb0afc6efdcc7f0878e882f6,d2l_methodology_corpus_origin_audit,1.0.0
ctx_b86239fbecdd4400667164fa,document,d2l_natural_language_processing_pretraining,d2l_natural_language_processing_pretraining_bert_b026,sentence_8fa151a77d33daae158b9241,"```{.python .input}
#@tab pytorch
#@save
class BERTEncoder(nn.Module):
    """"""BERT encoder.""""""
    def __init__(self, vocab_size, num_hiddens, norm_shape, ffn_num_input,
                 ffn_num_hiddens, num_heads, num_layers, dropout,
                 max_len=1000, key_size=768, query_size=768, value_size=768,
                 **kwargs):
        super(BERTEncoder, self).__init__(**kwargs)
        self.token_embedding = nn.Embedding(vocab_size, num_hiddens)
        self.segment_embedding = nn.Embedding(2, num_hiddens)
        self.blks = nn.Sequential()
        for i in range(num_layers):
            self.blks.add_module(f""{i}"", d2l.EncoderBlock(
                key_size, query_size, value_size, num_hiddens, norm_shape,
                ffn_num_input, ffn_num_hiddens, num_heads, dropout, True))
        # In BERT, positional embeddings are learnable, thus we create a
        # parameter of positional embeddings that are long enough
        self.pos_embedding = nn.Parameter(torch.randn(1, max_len,
                                                      num_hiddens))

    def forward(self, tokens, segments, valid_lens):
        # Shape of `X` remains unchanged in the following code snippet:
        # (batch size, max sequence length, `num_hiddens`)
        X = self.token_embedding(tokens) + self.segment_embedding(segments)
        X = X + self.pos_embedding.data[:, :X.shape[1], :]
        for blk in self.blks:
            X = blk(X, valid_lens)
        return X
```",0,1483,824,845,c22620a96e3fbd97526f13ea9ccf508307d1175ea9bb8d3a5b6dfefb098a3f7f,CORPUS_EXTRACTED,EXACT_SOURCE_SUBSTRING,PRIMARY,C3,d2lce_d96258f97579b9b414c21815,d2l_selected_campaign_scope_v1,PASS_CORPUS_EXTRACTED,"Exact source substring, hashes, provenance, and offsets verified.",True,True,ctx_b86239fbecdd4400667164fa,3adc27bc18c12f4bc9ae6e76bff0a19a3fcd82c0512288853f679465f86b293b,d2l_methodology_corpus_origin_audit,1.0.0
ctx_b89311738d29fd53e93c2b6b,document,d2l_multilayer_perceptrons,d2l_multilayer_perceptrons_underfit_overfit_b008,sentence_0348ff810a1939b66f208bd7,"In order to discuss this phenomenon more formally,
we need to differentiate between training error and generalization error.",0,124,103,123,c22620a96e3fbd97526f13ea9ccf508307d1175ea9bb8d3a5b6dfefb098a3f7f,CORPUS_EXTRACTED,EXACT_SOURCE_SUBSTRING,PRIMARY,C2,d2lce_9199c3ba27076b186a42df23,d2l_selected_campaign_scope_v1,PASS_CORPUS_EXTRACTED,"Exact source substring, hashes, provenance, and offsets verified.",True,True,ctx_b89311738d29fd53e93c2b6b,bdd9597439ff8e425c91726a35f4342a967e1804b52d4a54f73b4b5485d8d0a9,d2l_methodology_corpus_origin_audit,1.0.0
ctx_b8a70afb7e97de94755c1439,document,d2l_optimization,d2l_optimization_convexity_b015,sentence_9232ce7a8892d384583d5149,"Hence the line segment is not in $\mathcal{X} \cup \mathcal{Y}$ either, thus proving that in general unions of convex sets need not be convex.",518,660,111,122,c22620a96e3fbd97526f13ea9ccf508307d1175ea9bb8d3a5b6dfefb098a3f7f,CORPUS_EXTRACTED,EXACT_SOURCE_SUBSTRING,BACKUP,C2,d2lce_9c874642b8c028465cfbb71e,d2l_selected_campaign_scope_v1,PASS_CORPUS_EXTRACTED,"Exact source substring, hashes, provenance, and offsets verified.",False,True,ctx_b8a70afb7e97de94755c1439,c4796d5f2837c3a76399a013a7b158cced46dd2e718e5e8dbb841986e5c34840,d2l_methodology_corpus_origin_audit,1.0.0
ctx_b8d101968126191ff892ca33,document,d2l_convolutional_modern,d2l_convolutional_modern_densenet_b001,sentence_435d3eca0f3954e5faa452b5,# Densely Connected Networks (DenseNet),0,39,30,38,c22620a96e3fbd97526f13ea9ccf508307d1175ea9bb8d3a5b6dfefb098a3f7f,CORPUS_EXTRACTED,EXACT_SOURCE_SUBSTRING,BACKUP,C1,d2lce_20dc13bc32661f00e7c68b89,d2l_selected_campaign_scope_v1,PASS_CORPUS_EXTRACTED,"Exact source substring, hashes, provenance, and offsets verified.",False,True,ctx_b8d101968126191ff892ca33,85a1c17f82d7ee58739773d65295abe39a61391102394e601ad11287c45d19c6,d2l_methodology_corpus_origin_audit,1.0.0
ctx_b91f8656a74c323310072798,document,d2l_convolutional_modern,d2l_convolutional_modern_alexnet_b009,sentence_29771ffb8bc86db8a29dd1ac,And up until 2012 the representation was calculated mechanically.,113,178,22,36,c22620a96e3fbd97526f13ea9ccf508307d1175ea9bb8d3a5b6dfefb098a3f7f,CORPUS_EXTRACTED,EXACT_SOURCE_SUBSTRING,BACKUP,C1,d2lce_f33d434f8362f23d43285427,d2l_selected_campaign_scope_v1,PASS_CORPUS_EXTRACTED,"Exact source substring, hashes, provenance, and offsets verified.",False,True,ctx_b91f8656a74c323310072798,034ac5c75a3ad10951376f72191413de82d8a76b5bd5de137d7633a0a6c348f4,d2l_methodology_corpus_origin_audit,1.0.0
ctx_b9233db2688cfcdeb5ffd609,document,d2l_computational_performance,d2l_computational_performance_hardware_b056,sentence_9ee49d0ee13ffcf720bc89b7,"Processors only have a limited number of them: AMD's EPYC 3 has 128 lanes, Intel's Xeon has up to 48 lanes per chip; on desktop-grade CPUs the numbers are 20 (Ryzen 9) and 16 (Core i9) respectively.",223,421,68,73,c22620a96e3fbd97526f13ea9ccf508307d1175ea9bb8d3a5b6dfefb098a3f7f,CORPUS_EXTRACTED,EXACT_SOURCE_SUBSTRING,PRIMARY,C4,d2lce_54e0621e7c3812cb511231dc,d2l_selected_campaign_scope_v1,PASS_CORPUS_EXTRACTED,"Exact source substring, hashes, provenance, and offsets verified.",True,True,ctx_b9233db2688cfcdeb5ffd609,912e91d753bf00349bacf3d50a90088e21ee42e69b462dc3269497f85963eece,d2l_methodology_corpus_origin_audit,1.0.0
ctx_b94a9ffb7490286907de4b1a,document,d2l_convolutional_modern,d2l_convolutional_modern_index_b005,sentence_cd1a326ff14e4050a47fb36d,"```toc
:maxdepth: 2

alexnet
vgg
nin
googlenet
batch-norm
resnet
densenet
```",0,77,53,57,c22620a96e3fbd97526f13ea9ccf508307d1175ea9bb8d3a5b6dfefb098a3f7f,CORPUS_EXTRACTED,EXACT_SOURCE_SUBSTRING,UNSELECTED,NONE,d2lce_3e633e212e54590ca20bfc99,d2l_selected_campaign_scope_v1,PASS_CORPUS_EXTRACTED,"Exact source substring, hashes, provenance, and offsets verified.",False,False,ctx_b94a9ffb7490286907de4b1a,b7afe0efe59998652086838830a91db245dc3ee03790efe8911aab10d9140875,d2l_methodology_corpus_origin_audit,1.0.0
ctx_b9752907cbaeda87a3b404e3,document,d2l_computational_performance,d2l_computational_performance_hardware_b009,sentence_f3170011190ba40a22c536f1,"For instance AMD's Threadripper 3 has 64 PCIe 4.0 lanes, each of which is capable 16 Gbit/s data transfer in both directions.",199,324,50,55,c22620a96e3fbd97526f13ea9ccf508307d1175ea9bb8d3a5b6dfefb098a3f7f,CORPUS_EXTRACTED,EXACT_SOURCE_SUBSTRING,PRIMARY,C4,d2lce_54e0621e7c3812cb511231dc,d2l_selected_campaign_scope_v1,PASS_CORPUS_EXTRACTED,"Exact source substring, hashes, provenance, and offsets verified.",True,True,ctx_b9752907cbaeda87a3b404e3,05900007800bfa00e8aec5164508a7dec61c39c9f12241642cf77ae5f0109ab9,d2l_methodology_corpus_origin_audit,1.0.0
ctx_b9a74a0f4d6af5455b521e4e,document,d2l_recurrent_modern,d2l_recurrent_modern_seq2seq_b046,sentence_a7c9a043baa42c58731c59ac,"However,
prediction of padding tokens
should be excluded from loss calculations.",425,505,23,37,c22620a96e3fbd97526f13ea9ccf508307d1175ea9bb8d3a5b6dfefb098a3f7f,CORPUS_EXTRACTED,EXACT_SOURCE_SUBSTRING,BACKUP,C3,d2lce_b967af36e17c22a478eaed6d,d2l_selected_campaign_scope_v1,PASS_CORPUS_EXTRACTED,"Exact source substring, hashes, provenance, and offsets verified.",False,True,ctx_b9a74a0f4d6af5455b521e4e,0e1d308fcd03ff9fe54862c77159e7b8b95d4d7953dddfc0f8b21257c8c8ea8f,d2l_methodology_corpus_origin_audit,1.0.0
ctx_b9ce0a059491eaaa6fbf542f,document,d2l_optimization,d2l_optimization_minibatch_sgd_b009,sentence_21d6f1b69069381ff705d258,"However, option 4 offers a practically useful alternative: we can move blocks of the matrix into cache and multiply them locally.",730,859,71,77,c22620a96e3fbd97526f13ea9ccf508307d1175ea9bb8d3a5b6dfefb098a3f7f,CORPUS_EXTRACTED,EXACT_SOURCE_SUBSTRING,PRIMARY,C2,d2lce_20c658fd4e221ee551790ec2,d2l_selected_campaign_scope_v1,PASS_CORPUS_EXTRACTED,"Exact source substring, hashes, provenance, and offsets verified.",True,True,ctx_b9ce0a059491eaaa6fbf542f,e420ed3ca5138369d7b8ddaf82a6b84f469c1ffc391840270a5fefd30fcf1db9,d2l_methodology_corpus_origin_audit,1.0.0
ctx_ba0d3fd808401fd086323e3f,document,d2l_recurrent_modern,d2l_recurrent_modern_lstm_b025,sentence_a4e711275fdf4deb49e93e2f,This is where the output gate comes into play.,100,146,18,29,c22620a96e3fbd97526f13ea9ccf508307d1175ea9bb8d3a5b6dfefb098a3f7f,CORPUS_EXTRACTED,EXACT_SOURCE_SUBSTRING,BACKUP,C2,d2lce_c6b4477a845e2e0e0e02f088,d2l_selected_campaign_scope_v1,PASS_CORPUS_EXTRACTED,"Exact source substring, hashes, provenance, and offsets verified.",False,True,ctx_ba0d3fd808401fd086323e3f,111ef66102cb71e9d6fbb45015b86721ba3d28f2a1dd0e196664d37282bd08f0,d2l_methodology_corpus_origin_audit,1.0.0
ctx_ba0d4cc04149820abe45bc7c,document,d2l_optimization,d2l_optimization_convexity_b056,sentence_0075d96406d919415f7c1245,"According to the mean value theorem,
there exist $\alpha \in [a, x]$ and $\beta \in [x, b]$
such that",260,361,75,79,c22620a96e3fbd97526f13ea9ccf508307d1175ea9bb8d3a5b6dfefb098a3f7f,CORPUS_EXTRACTED,EXACT_SOURCE_SUBSTRING,BACKUP,C1,d2lce_20a7e6887718c68fb6b88a05,d2l_selected_campaign_scope_v1,PASS_CORPUS_EXTRACTED,"Exact source substring, hashes, provenance, and offsets verified.",False,True,ctx_ba0d4cc04149820abe45bc7c,9341b57915ea2a63aa5a543e58b3e3d3be5dd15b0c03283e493191ece625e1e1,d2l_methodology_corpus_origin_audit,1.0.0
ctx_ba2a299168416499932ae161,document,d2l_computational_performance,d2l_computational_performance_hardware_b012,sentence_f550204cc50dc417135582aa,Typically pairs of memory modules are used to allow for multiple channels.,259,333,56,73,c22620a96e3fbd97526f13ea9ccf508307d1175ea9bb8d3a5b6dfefb098a3f7f,CORPUS_EXTRACTED,EXACT_SOURCE_SUBSTRING,CONTRASTIVE,C4,d2lce_ccf7d0a5109d86ee76a75b9c,d2l_selected_campaign_scope_v1,PASS_CORPUS_EXTRACTED,"Exact source substring, hashes, provenance, and offsets verified.",True,True,ctx_ba2a299168416499932ae161,702e5f6cbf098db7baae2cbd0a87f5c985426445df670ca0e03beefacf92015e,d2l_methodology_corpus_origin_audit,1.0.0
ctx_ba4bc22bf919f20441dc05b2,document,d2l_natural_language_processing_pretraining,d2l_natural_language_processing_pretraining_word2vec_b034,sentence_33f4778e37d3d9c131a2b938,"![The continuous bag of words model considers the conditional probability of generating the center word given its surrounding context words.](../img/cbow.svg)
:eqlabel:`fig_cbow`",0,178,6,29,c22620a96e3fbd97526f13ea9ccf508307d1175ea9bb8d3a5b6dfefb098a3f7f,CORPUS_EXTRACTED,EXACT_SOURCE_SUBSTRING,PRIMARY,C3,d2lce_dc193feb1eeef3a1349d9b74,d2l_selected_campaign_scope_v1,PASS_CORPUS_EXTRACTED,"Exact source substring, hashes, provenance, and offsets verified.",True,True,ctx_ba4bc22bf919f20441dc05b2,874fa59346045129bd109431b783a309be790ffb12d59181dabacdc1212a3ab2,d2l_methodology_corpus_origin_audit,1.0.0
ctx_bacc572c06a4d91414ef51a6,document,d2l_optimization,d2l_optimization_convexity_b025,sentence_eedd4300efab5bec120a4fcb,"Given a convex function $f$,
one of the most useful mathematical tools
is *Jensen's inequality*.",0,96,8,23,c22620a96e3fbd97526f13ea9ccf508307d1175ea9bb8d3a5b6dfefb098a3f7f,CORPUS_EXTRACTED,EXACT_SOURCE_SUBSTRING,BACKUP,C1,d2lce_0a19e86b29b5e64f79a45ddc,d2l_selected_campaign_scope_v1,PASS_CORPUS_EXTRACTED,"Exact source substring, hashes, provenance, and offsets verified.",False,True,ctx_bacc572c06a4d91414ef51a6,e7dbec40236551b8f059589d766b36a80e7709127378e0aca1d41dceab84c651,d2l_methodology_corpus_origin_audit,1.0.0
ctx_bb4169d27d43ea9f72386558,document,d2l_recommender_systems,d2l_recommender_systems_recsys_intro_b005,sentence_6a5f1e25806d4cbef44789ed,"We start the journey with the important concept in recommender systems---collaborative filtering
(CF), which was first coined by the Tapestry system :cite:`Goldberg.Nichols.Oki.ea.1992`, referring to ""people collaborate to help one another perform the filtering process  in order to handle the large amounts of email and messages posted to newsgroups"".",0,352,73,96,c22620a96e3fbd97526f13ea9ccf508307d1175ea9bb8d3a5b6dfefb098a3f7f,CORPUS_EXTRACTED,EXACT_SOURCE_SUBSTRING,PRIMARY,C2,d2lce_fb9ad6a6ac7e4ba9167913e1,d2l_selected_campaign_scope_v1,PASS_CORPUS_EXTRACTED,"Exact source substring, hashes, provenance, and offsets verified.",True,True,ctx_bb4169d27d43ea9f72386558,bd46ef4515dd45bd0234fe5a4b621c79f19b590a58547d9ef3105e4922a14037,d2l_methodology_corpus_origin_audit,1.0.0
ctx_bb5ae27beb47e44884fd922c,document,d2l_natural_language_processing_pretraining,d2l_natural_language_processing_pretraining_approx_training_b010,sentence_fd92e4140f27d34a8d1d6196,"Let us begin by
maximizing the joint probability of
all such events in text sequences
to train word embeddings.",0,111,95,110,c22620a96e3fbd97526f13ea9ccf508307d1175ea9bb8d3a5b6dfefb098a3f7f,CORPUS_EXTRACTED,EXACT_SOURCE_SUBSTRING,BACKUP,C2,d2lce_ce222dd206341f61f2986f7a,d2l_selected_campaign_scope_v1,PASS_CORPUS_EXTRACTED,"Exact source substring, hashes, provenance, and offsets verified.",False,True,ctx_bb5ae27beb47e44884fd922c,02d597868a86773bce9171ce68c62bb006c269ab68d41150d76197cea63c73ca,d2l_methodology_corpus_origin_audit,1.0.0
ctx_bb968ec70a7eddfb7572bf84,document,d2l_natural_language_processing_pretraining,d2l_natural_language_processing_pretraining_bert_b022,sentence_8bb7f2f8f8f62230e13835c3,"To sum up, :numref:`fig_bert-input` shows that
the embeddings of the BERT input sequence are the sum
of the token embeddings, segment embeddings, and positional embeddings.",288,460,150,171,c22620a96e3fbd97526f13ea9ccf508307d1175ea9bb8d3a5b6dfefb098a3f7f,CORPUS_EXTRACTED,EXACT_SOURCE_SUBSTRING,PRIMARY,C2,d2lce_d96258f97579b9b414c21815,d2l_selected_campaign_scope_v1,PASS_CORPUS_EXTRACTED,"Exact source substring, hashes, provenance, and offsets verified.",True,True,ctx_bb968ec70a7eddfb7572bf84,89432013ac9d7dd6ea5439690113dffb3e9d7bdd0d39066775c3aea635c8924a,d2l_methodology_corpus_origin_audit,1.0.0
ctx_bbf05b50c650923e2f670c8e,document,d2l_computational_performance,d2l_computational_performance_multiple_gpus_b048,sentence_d4ba69d6b7853ec1266f2620,"For convenience (and conciseness of code) we compute the accuracy on a single GPU, though this is *inefficient* since the other GPUs are idle.",296,438,71,81,c22620a96e3fbd97526f13ea9ccf508307d1175ea9bb8d3a5b6dfefb098a3f7f,CORPUS_EXTRACTED,EXACT_SOURCE_SUBSTRING,PRIMARY,C1,d2lce_e014da89e120449f8881dd5b,d2l_selected_campaign_scope_v1,PASS_CORPUS_EXTRACTED,"Exact source substring, hashes, provenance, and offsets verified.",True,True,ctx_bbf05b50c650923e2f670c8e,b036730bcda89d84b16fe5df44afaef17199615e2ada8b7eaf9e3f502c8f92fb,d2l_methodology_corpus_origin_audit,1.0.0
ctx_bc0786f0d324cf5127b590f1,document,d2l_deep_learning_computation,d2l_deep_learning_computation_model_construction_b049,sentence_c1a451c0ac90b30eae9b9446,"This is equivalent to sharing
        # parameters with two fully-connected layers
        X = self.dense(X)
        # Control flow
        while np.abs(X).sum() > 1:
            X /= 2
        return X.sum()
```",690,902,119,131,c22620a96e3fbd97526f13ea9ccf508307d1175ea9bb8d3a5b6dfefb098a3f7f,CORPUS_EXTRACTED,EXACT_SOURCE_SUBSTRING,PRIMARY,C3,d2lce_6c7e95cd232fb7fcca6b3bdc,d2l_selected_campaign_scope_v1,PASS_CORPUS_EXTRACTED,"Exact source substring, hashes, provenance, and offsets verified.",True,True,ctx_bc0786f0d324cf5127b590f1,0119ef8bf0f3efd57f59ebbb655227fa7ac974dd0008cd43c6d54d6641ca3717,d2l_methodology_corpus_origin_audit,1.0.0
ctx_bc0b95f28a464a117086fd7d,document,d2l_computational_performance,d2l_computational_performance_hardware_b007,sentence_d46c117b90663ba8e67c16af,* A high speed expansion bus (PCIe) to connect the system to one or more GPUs.,486,564,30,34,c22620a96e3fbd97526f13ea9ccf508307d1175ea9bb8d3a5b6dfefb098a3f7f,CORPUS_EXTRACTED,EXACT_SOURCE_SUBSTRING,PRIMARY,C1,d2lce_35df896f9860f8aac814ce37,d2l_selected_campaign_scope_v1,PASS_CORPUS_EXTRACTED,"Exact source substring, hashes, provenance, and offsets verified.",True,True,ctx_bc0b95f28a464a117086fd7d,275ffd65b79954cfa7a46348ecd8658d28c91c12218365756afc5decaeda5f24,d2l_methodology_corpus_origin_audit,1.0.0
ctx_bc0e8683233a7f81d8fcb9f1,document,d2l_natural_language_processing_pretraining,d2l_natural_language_processing_pretraining_subword_embedding_b011,sentence_1f54aefeb676bbc65a0dc8c7,"Byte pair encoding performs a statistical analysis of the training dataset to discover common symbols within a word,
such as consecutive characters of arbitrary length.",0,168,94,101,c22620a96e3fbd97526f13ea9ccf508307d1175ea9bb8d3a5b6dfefb098a3f7f,CORPUS_EXTRACTED,EXACT_SOURCE_SUBSTRING,BACKUP,C2,d2lce_6f20c5222ebea4830603817b,d2l_selected_campaign_scope_v1,PASS_CORPUS_EXTRACTED,"Exact source substring, hashes, provenance, and offsets verified.",False,True,ctx_bc0e8683233a7f81d8fcb9f1,b58c17c3f186aaa88cc64767fa72a3c483984c1506692b2473eae388b26e12b3,d2l_methodology_corpus_origin_audit,1.0.0
ctx_bc1664e975977f0d9d0df8c9,document,d2l_convolutional_modern,d2l_convolutional_modern_googlenet_b012,sentence_7746e3daea3383a70cdda573,Maximum pooling between inception blocks reduces the dimensionality.,152,220,53,67,c22620a96e3fbd97526f13ea9ccf508307d1175ea9bb8d3a5b6dfefb098a3f7f,CORPUS_EXTRACTED,EXACT_SOURCE_SUBSTRING,BACKUP,C1,d2lce_f3dedf5fcd54a46940474022,d2l_selected_campaign_scope_v1,PASS_CORPUS_EXTRACTED,"Exact source substring, hashes, provenance, and offsets verified.",False,True,ctx_bc1664e975977f0d9d0df8c9,6766910836ee311bc884621782c64bc5b1f4818e037e1735f84e00b59b2e627d,d2l_methodology_corpus_origin_audit,1.0.0
ctx_bc735116b032003b647bf1d5,document,d2l_preliminaries,d2l_preliminaries_index_b004,sentence_4a62aed2471a33fbe9effd56,"Determining which way to move each parameter at each step of an algorithm
requires a little bit of calculus, which will be briefly introduced.",148,290,92,95,c22620a96e3fbd97526f13ea9ccf508307d1175ea9bb8d3a5b6dfefb098a3f7f,CORPUS_EXTRACTED,EXACT_SOURCE_SUBSTRING,PRIMARY,C3,d2lce_53c32398310471fac3dacf35,d2l_selected_campaign_scope_v1,PASS_CORPUS_EXTRACTED,"Exact source substring, hashes, provenance, and offsets verified.",True,True,ctx_bc735116b032003b647bf1d5,dc303758264ad38596c15d05907f86f684a9157a5c17b8a6ccfd8ec1db233534,d2l_methodology_corpus_origin_audit,1.0.0
ctx_bc89daf7fd2f4eb40d457f44,document,d2l_appendix_mathematics_for_deep_learning,d2l_appendix_mathematics_for_deep_learning_statistics_b020,sentence_323932123decc68c338ec659,"The MSE provides a natural metric, but we can easily imagine multiple different phenomena that might make it large.",0,115,4,7,c22620a96e3fbd97526f13ea9ccf508307d1175ea9bb8d3a5b6dfefb098a3f7f,CORPUS_EXTRACTED,EXACT_SOURCE_SUBSTRING,BACKUP,C1,d2lce_ceb82e896665f8c0cd942ed6,d2l_selected_campaign_scope_v1,PASS_CORPUS_EXTRACTED,"Exact source substring, hashes, provenance, and offsets verified.",False,True,ctx_bc89daf7fd2f4eb40d457f44,65a8674be4916e1a08ba21529c1f41518508cdc3d236b3ca8f228acac09418d0,d2l_methodology_corpus_origin_audit,1.0.0
ctx_bcaefb51afe4e2f9d849b9e3,document,d2l_convolutional_modern,d2l_convolutional_modern_vgg_b015,sentence_8094262a08748b56bfd74c84,The fully-connected part of the VGG network is identical to that covered in AlexNet.,407,491,32,43,c22620a96e3fbd97526f13ea9ccf508307d1175ea9bb8d3a5b6dfefb098a3f7f,CORPUS_EXTRACTED,EXACT_SOURCE_SUBSTRING,PRIMARY,C1,d2lce_7be1455c48134d411f51fe7c,d2l_selected_campaign_scope_v1,PASS_CORPUS_EXTRACTED,"Exact source substring, hashes, provenance, and offsets verified.",True,True,ctx_bcaefb51afe4e2f9d849b9e3,34ca38b0a382884259120c857a7a9769310b0856f13f608e537a2a7cfd08c6a1,d2l_methodology_corpus_origin_audit,1.0.0
ctx_bcb592e349656cc3e190002c,document,d2l_computer_vision,d2l_computer_vision_semantic_segmentation_and_dataset_b020,sentence_5376bfcf9c2f43497b39cd79,"```{.python .input}
#@tab all
#@save
VOC_COLORMAP = [[0, 0, 0], [128, 0, 0], [0, 128, 0], [128, 128, 0],
                [0, 0, 128], [128, 0, 128], [0, 128, 128], [128, 128, 128],
                [64, 0, 0], [192, 0, 0], [64, 128, 0], [192, 128, 0],
                [64, 0, 128], [192, 0, 128], [64, 128, 128], [192, 128, 128],
                [0, 64, 0], [128, 64, 0], [0, 192, 0], [128, 192, 0],
                [0, 64, 128]]

#@save
VOC_CLASSES = ['background', 'aeroplane', 'bicycle', 'bird', 'boat',
               'bottle', 'bus', 'car', 'cat', 'chair', 'cow',
               'diningtable', 'dog', 'horse', 'motorbike', 'person',
               'potted plant', 'sheep', 'sofa', 'train', 'tv/monitor']
```",0,711,532,535,c22620a96e3fbd97526f13ea9ccf508307d1175ea9bb8d3a5b6dfefb098a3f7f,CORPUS_EXTRACTED,EXACT_SOURCE_SUBSTRING,UNSELECTED,NONE,d2lce_0e100796a86968fbdb5730e8,d2l_selected_campaign_scope_v1,PASS_CORPUS_EXTRACTED,"Exact source substring, hashes, provenance, and offsets verified.",False,False,ctx_bcb592e349656cc3e190002c,49d8765d365a616471d400e53eb7d624a23e26dbf18b0310cca610250e6f4dd2,d2l_methodology_corpus_origin_audit,1.0.0
ctx_bcf04980bdfe689c9e1c560b,document,d2l_multilayer_perceptrons,d2l_multilayer_perceptrons_weight_decay_b041,sentence_6efd8634f23f8de75421becb,"```{.python .input}
def train(lambd):
    w, b = init_params()
    net, loss = lambda X: d2l.linreg(X, w, b), d2l.squared_loss
    num_epochs, lr = 100, 0.003
    animator = d2l.Animator(xlabel='epochs', ylabel='loss', yscale='log',
                            xlim=[5, num_epochs], legend=['train', 'test'])
    for epoch in range(num_epochs):
        for X, y in train_iter:
            with autograd.record():
                # The L2 norm penalty term has been added, and broadcasting
                # makes `l2_penalty(w)` a vector whose length is `batch_size`
                l = loss(net(X), y) + lambd * l2_penalty(w)
            l.backward()
            d2l.sgd([w, b], lr, batch_size)
        if (epoch + 1) % 5 == 0:
            animator.add(epoch + 1, (d2l.evaluate_loss(net, train_iter, loss),
                                     d2l.evaluate_loss(net, test_iter, loss)))
    print('L2 norm of w:', np.linalg.norm(w))
```",0,936,476,488,c22620a96e3fbd97526f13ea9ccf508307d1175ea9bb8d3a5b6dfefb098a3f7f,CORPUS_EXTRACTED,EXACT_SOURCE_SUBSTRING,PRIMARY,C4,d2lce_499fa9391d57e930a19f1b19,d2l_selected_campaign_scope_v1,PASS_CORPUS_EXTRACTED,"Exact source substring, hashes, provenance, and offsets verified.",True,True,ctx_bcf04980bdfe689c9e1c560b,deb9b72b69b4b64e73d0a93b1b4950122a65eb4cbf74d54436642f78b462543c,d2l_methodology_corpus_origin_audit,1.0.0
ctx_bd29e9f4d01a7d3837c15019,document,d2l_computational_performance,d2l_computational_performance_auto_parallelism_b018,sentence_a9016bca2e88bf232c0a41d9,"```{.python .input}
#@tab pytorch
with d2l.Benchmark('GPU1 & GPU2'):
    run(x_gpu1)
    run(x_gpu2)
    torch.cuda.synchronize()
```",0,133,116,127,c22620a96e3fbd97526f13ea9ccf508307d1175ea9bb8d3a5b6dfefb098a3f7f,CORPUS_EXTRACTED,EXACT_SOURCE_SUBSTRING,BACKUP,C1,d2lce_1edc567804c90f134219a8f0,d2l_selected_campaign_scope_v1,PASS_CORPUS_EXTRACTED,"Exact source substring, hashes, provenance, and offsets verified.",False,True,ctx_bd29e9f4d01a7d3837c15019,0587ce824c3626ebb5250141eed4b8648551bd16185cb97b5428cb77c591a988,d2l_methodology_corpus_origin_audit,1.0.0
ctx_bd4860d3d44e08593cf1c9fd,document,d2l_multilayer_perceptrons,d2l_multilayer_perceptrons_mlp_scratch_b014,sentence_315b841c88c7375419fe606c,"To make sure we know how everything works,
we will [**implement the ReLU activation**] ourselves
using the maximum function rather than
invoking the built-in `relu` function directly.",0,183,68,83,c22620a96e3fbd97526f13ea9ccf508307d1175ea9bb8d3a5b6dfefb098a3f7f,CORPUS_EXTRACTED,EXACT_SOURCE_SUBSTRING,PRIMARY,C1,d2lce_42900db05a19228ce33eafe0,d2l_selected_campaign_scope_v1,PASS_CORPUS_EXTRACTED,"Exact source substring, hashes, provenance, and offsets verified.",True,True,ctx_bd4860d3d44e08593cf1c9fd,fdd2fe5c5bbdb3e54353c10e87a9d5c1045fffa4900a7db804510f9126fecc23,d2l_methodology_corpus_origin_audit,1.0.0
ctx_bd65044c0d3799c1e578573b,document,d2l_multilayer_perceptrons,d2l_multilayer_perceptrons_environment_b018,sentence_6ce9cad99d9ebdbfc6307d81,"Interestingly, in these cases,
it is often advantageous to work with methods
that flow from the label shift assumption.",761,880,96,107,c22620a96e3fbd97526f13ea9ccf508307d1175ea9bb8d3a5b6dfefb098a3f7f,CORPUS_EXTRACTED,EXACT_SOURCE_SUBSTRING,BACKUP,C2,d2lce_a5537c415bcbe54cdd82a669,d2l_selected_campaign_scope_v1,PASS_CORPUS_EXTRACTED,"Exact source substring, hashes, provenance, and offsets verified.",False,True,ctx_bd65044c0d3799c1e578573b,f8d057d2b2ff7c4c98b308b3e594a975481a8c8259ac6e1c7ffb4759304b86cf,d2l_methodology_corpus_origin_audit,1.0.0
ctx_bd85a6abb1abf1675645f0ec,document,d2l_natural_language_processing_pretraining,d2l_natural_language_processing_pretraining_word_embedding_dataset_b036,sentence_d54ca92179389b3eb24c4d67,"```{.python .input}
#@tab all
#@save
def get_negatives(all_contexts, vocab, counter, K):
    """"""Return noise words in negative sampling.""""""
    # Sampling weights for words with indices 1, 2, ...",0,195,103,114,c22620a96e3fbd97526f13ea9ccf508307d1175ea9bb8d3a5b6dfefb098a3f7f,CORPUS_EXTRACTED,EXACT_SOURCE_SUBSTRING,BACKUP,C1,d2lce_5c270f3b3ebe4f0059649e18,d2l_selected_campaign_scope_v1,PASS_CORPUS_EXTRACTED,"Exact source substring, hashes, provenance, and offsets verified.",False,True,ctx_bd85a6abb1abf1675645f0ec,027f0b05e4887cfff2069dc2469d76dc265e2c3d1e0df79bbb616747451ee124,d2l_methodology_corpus_origin_audit,1.0.0
ctx_be13633e5269ebd62d16e8f2,document,d2l_recurrent_modern,d2l_recurrent_modern_bi_rnn_b025,sentence_29a51bf57acf33d03625c026,*Bidirectional RNNs* add a hidden layer that passes information in a backward direction to more flexibly process such information.,360,490,1,19,c22620a96e3fbd97526f13ea9ccf508307d1175ea9bb8d3a5b6dfefb098a3f7f,CORPUS_EXTRACTED,EXACT_SOURCE_SUBSTRING,BACKUP,C1,d2lce_80f4d6555a6ea1d2e5e881a1,d2l_selected_campaign_scope_v1,PASS_CORPUS_EXTRACTED,"Exact source substring, hashes, provenance, and offsets verified.",False,True,ctx_be13633e5269ebd62d16e8f2,f32668b6dac814d126bc4e1b0008031b2a83a96338cfca3b0d6dc26be9ed673d,d2l_methodology_corpus_origin_audit,1.0.0
ctx_be8318b49ee8de45eb672658,document,d2l_appendix_mathematics_for_deep_learning,d2l_appendix_mathematics_for_deep_learning_random_variables_b208,sentence_911ce5257dff458d08c8facd,They have some technical difficulties that make them more challenging to work with compared to discrete random variables.,103,224,95,120,c22620a96e3fbd97526f13ea9ccf508307d1175ea9bb8d3a5b6dfefb098a3f7f,CORPUS_EXTRACTED,EXACT_SOURCE_SUBSTRING,BACKUP,C5,d2lce_e1a7c8e04c91b48272b3b5ee,d2l_selected_campaign_scope_v1,PASS_CORPUS_EXTRACTED,"Exact source substring, hashes, provenance, and offsets verified.",False,True,ctx_be8318b49ee8de45eb672658,e0dcc9895ffb48c8eb3043c6a4819790644de71ce3d9c12c1f4b11532aab7dc5,d2l_methodology_corpus_origin_audit,1.0.0
ctx_be8e51744f5a141736986bff,document,d2l_natural_language_processing_applications,d2l_natural_language_processing_applications_index_b006,sentence_44c8a2e6c9ac646e7a264a97,"In the end, we introduce how to fine-tune a pretrained BERT model
for a wide range of natural language processing applications,
such as on a sequence level (single text classification and text pair classification)
and a token level (text tagging and question answering).",627,897,250,268,c22620a96e3fbd97526f13ea9ccf508307d1175ea9bb8d3a5b6dfefb098a3f7f,CORPUS_EXTRACTED,EXACT_SOURCE_SUBSTRING,PRIMARY,C1,d2lce_41109297e6bf8f44d9bb9178,d2l_selected_campaign_scope_v1,PASS_CORPUS_EXTRACTED,"Exact source substring, hashes, provenance, and offsets verified.",True,True,ctx_be8e51744f5a141736986bff,a6768da867fb5f5538cfb633004172732fc41b6e1c480641405c85e4ba897c8b,d2l_methodology_corpus_origin_audit,1.0.0
ctx_be96ec1f7ec2e0237f326eab,document,d2l_recurrent_modern,d2l_recurrent_modern_seq2seq_b046,sentence_18fa842eb1f3382bb14ad0d3,"Recall :numref:`sec_machine_translation`
that the special padding tokens
are appended to the end of sequences
so sequences of varying lengths
can be efficiently loaded
in minibatches of the same shape.",223,424,58,72,c22620a96e3fbd97526f13ea9ccf508307d1175ea9bb8d3a5b6dfefb098a3f7f,CORPUS_EXTRACTED,EXACT_SOURCE_SUBSTRING,PRIMARY,C2,d2lce_b967af36e17c22a478eaed6d,d2l_selected_campaign_scope_v1,PASS_CORPUS_EXTRACTED,"Exact source substring, hashes, provenance, and offsets verified.",True,True,ctx_be96ec1f7ec2e0237f326eab,18fcbf6a48889d00551472ba66e6193b0ec4d17863d4ec7089cd168185d6b6e2,d2l_methodology_corpus_origin_audit,1.0.0
ctx_bf60034bed8fac717862447e,document,d2l_multilayer_perceptrons,d2l_multilayer_perceptrons_index_b002,sentence_2d1e3f5a4480ccade73162c3,"We will also discuss issues relating to numerical stability and parameter initialization
that are key to successfully training deep networks.",617,758,74,88,c22620a96e3fbd97526f13ea9ccf508307d1175ea9bb8d3a5b6dfefb098a3f7f,CORPUS_EXTRACTED,EXACT_SOURCE_SUBSTRING,PRIMARY,C1,d2lce_8373decbb6e405f0386ec8a0,d2l_selected_campaign_scope_v1,PASS_CORPUS_EXTRACTED,"Exact source substring, hashes, provenance, and offsets verified.",True,True,ctx_bf60034bed8fac717862447e,1c4d1b674ad427bdf0a1c495893032b29a1623a704b5ac7c676c296cc03fe06a,d2l_methodology_corpus_origin_audit,1.0.0
ctx_bf6f31236287c027cde6c33f,document,d2l_computer_vision,d2l_computer_vision_image_augmentation_b020,sentence_4653b3c6257b67742ac39817,"In :numref:`sec_pooling`, we explained that the pooling layer can reduce the sensitivity of a convolutional layer to the target position.",111,248,94,113,c22620a96e3fbd97526f13ea9ccf508307d1175ea9bb8d3a5b6dfefb098a3f7f,CORPUS_EXTRACTED,EXACT_SOURCE_SUBSTRING,BACKUP,C1,d2lce_d2bfc7b3a0a02ddfd71b3526,d2l_selected_campaign_scope_v1,PASS_CORPUS_EXTRACTED,"Exact source substring, hashes, provenance, and offsets verified.",False,True,ctx_bf6f31236287c027cde6c33f,5487c8efbb8b7245b422a7ffbd1b3018850852b86aee11d8545a885a871e8a12,d2l_methodology_corpus_origin_audit,1.0.0
ctx_bfaedeed2ce02517e3497cb8,document,d2l_natural_language_processing_pretraining,d2l_natural_language_processing_pretraining_word2vec_b016,sentence_c85293de33fee6397255a13e,"![The skip-gram model considers the conditional probability of generating the surrounding context words given a center word.](../img/skip-gram.svg)
:label:`fig_skip_gram`",0,170,6,21,c22620a96e3fbd97526f13ea9ccf508307d1175ea9bb8d3a5b6dfefb098a3f7f,CORPUS_EXTRACTED,EXACT_SOURCE_SUBSTRING,PRIMARY,C2,d2lce_9cee0f2f668259a2568b89f4,d2l_selected_campaign_scope_v1,PASS_CORPUS_EXTRACTED,"Exact source substring, hashes, provenance, and offsets verified.",True,True,ctx_bfaedeed2ce02517e3497cb8,baf877562af111d55c3847af00be821eed86ec742d35529e51fa10915cc649ee,d2l_methodology_corpus_origin_audit,1.0.0
ctx_bfb4aa499a19b3c234af5b7e,document,d2l_multilayer_perceptrons,d2l_multilayer_perceptrons_underfit_overfit_b009,sentence_79bb0e474f6da51e792c960e,"Problematically, we can never calculate the generalization error exactly.",0,73,44,64,c22620a96e3fbd97526f13ea9ccf508307d1175ea9bb8d3a5b6dfefb098a3f7f,CORPUS_EXTRACTED,EXACT_SOURCE_SUBSTRING,PRIMARY,C4,d2lce_9199c3ba27076b186a42df23,d2l_selected_campaign_scope_v1,PASS_CORPUS_EXTRACTED,"Exact source substring, hashes, provenance, and offsets verified.",True,True,ctx_bfb4aa499a19b3c234af5b7e,38f332209bca5dfd109d2c9269c2629a153e70d2cbe510f8268d043035b6e0fd,d2l_methodology_corpus_origin_audit,1.0.0
ctx_bfd113ac65a2d763da1c337d,document,d2l_computational_performance,d2l_computational_performance_hardware_b023,sentence_4103db2b006506e8eac9536d,"Nonetheless, writes can be much slower, in particular for QLC (quad level cell) SSDs.",410,495,80,84,c22620a96e3fbd97526f13ea9ccf508307d1175ea9bb8d3a5b6dfefb098a3f7f,CORPUS_EXTRACTED,EXACT_SOURCE_SUBSTRING,BACKUP,C2,d2lce_355f5686f2178281893eb6cb,d2l_selected_campaign_scope_v1,PASS_CORPUS_EXTRACTED,"Exact source substring, hashes, provenance, and offsets verified.",False,True,ctx_bfd113ac65a2d763da1c337d,53b1b9c86b7cb5efc4d33c0303d4e7d05b473a47c683e92aff784375b0b033a0,d2l_methodology_corpus_origin_audit,1.0.0
ctx_c073292947644f0178d4e119,document,d2l_computer_vision,d2l_computer_vision_anchor_b008,sentence_078122e79fcab73090dfa9a9,"When using all the combinations of these scales and aspect ratios with each pixel as the center,
the input image will have a total of $whnm$ anchor boxes.",155,309,52,65,c22620a96e3fbd97526f13ea9ccf508307d1175ea9bb8d3a5b6dfefb098a3f7f,CORPUS_EXTRACTED,EXACT_SOURCE_SUBSTRING,BACKUP,C1,d2lce_ddf8557de1cd5ff23b86e10e,d2l_selected_campaign_scope_v1,PASS_CORPUS_EXTRACTED,"Exact source substring, hashes, provenance, and offsets verified.",False,True,ctx_c073292947644f0178d4e119,f05e68a3b057f0b8b898da537532cd36c337b06fa9112091fd30068792ed4844,d2l_methodology_corpus_origin_audit,1.0.0
ctx_c0e733027b5b88c5c367bd09,document,d2l_convolutional_neural_networks,d2l_convolutional_neural_networks_why_conv_b014,sentence_c7fca816befd671a99a31bec,"Suppose that $\mathbf{U}$ contains biases,
we could formally express the fully-connected layer as",394,491,35,41,c22620a96e3fbd97526f13ea9ccf508307d1175ea9bb8d3a5b6dfefb098a3f7f,CORPUS_EXTRACTED,EXACT_SOURCE_SUBSTRING,PRIMARY,C1,d2lce_ad13d119a140210b487eeb9c,d2l_selected_campaign_scope_v1,PASS_CORPUS_EXTRACTED,"Exact source substring, hashes, provenance, and offsets verified.",True,True,ctx_c0e733027b5b88c5c367bd09,69f9e002e9c6672d4035883485783f06abe3c0c2c3a939bc9396a7e63a238dc7,d2l_methodology_corpus_origin_audit,1.0.0
ctx_c118b6fc83c7f0f86f025bbe,document,d2l_attention_mechanisms,d2l_attention_mechanisms_attention_cues_b014,sentence_f8f38f5043c635e81b6279c3,"More generally,
every value is paired with a *key*,
which can be thought of the nonvolitional cue of that sensory input.",447,567,106,119,c22620a96e3fbd97526f13ea9ccf508307d1175ea9bb8d3a5b6dfefb098a3f7f,CORPUS_EXTRACTED,EXACT_SOURCE_SUBSTRING,BACKUP,C2,d2lce_bc240ce7b3e0abeb18f82a6b,d2l_selected_campaign_scope_v1,PASS_CORPUS_EXTRACTED,"Exact source substring, hashes, provenance, and offsets verified.",False,True,ctx_c118b6fc83c7f0f86f025bbe,99120ee8225b694e42e21d2d9e5c622bb3c29d35a13742583da11b7b68f6d584,d2l_methodology_corpus_origin_audit,1.0.0
ctx_c15f9d27aeea9362be91cca2,document,d2l_recurrent_neural_networks,d2l_recurrent_neural_networks_rnn_b035,sentence_1dc2ce6615515bd62b02350a,"Let the minibatch size be one, and the sequence of the text be ""machine"".",397,470,8,22,c22620a96e3fbd97526f13ea9ccf508307d1175ea9bb8d3a5b6dfefb098a3f7f,CORPUS_EXTRACTED,EXACT_SOURCE_SUBSTRING,PRIMARY,C1,d2lce_152a9bcc9b8b5f6cc5586c54,d2l_selected_campaign_scope_v1,PASS_CORPUS_EXTRACTED,"Exact source substring, hashes, provenance, and offsets verified.",True,True,ctx_c15f9d27aeea9362be91cca2,298f4007e2b5a3bec387e65ce14efad7265a02d1b2c8a8eff739d304040e422b,d2l_methodology_corpus_origin_audit,1.0.0
ctx_c1c142be01a5b299b70337c6,document,d2l_multilayer_perceptrons,d2l_multilayer_perceptrons_index_b003,sentence_fd5911e2988066b82fdc78ad,"```toc
:maxdepth: 2

mlp
mlp-scratch
mlp-concise
underfit-overfit
weight-decay
dropout
backprop
numerical-stability-and-init
environment
kaggle-house-price
```",0,159,21,24,c22620a96e3fbd97526f13ea9ccf508307d1175ea9bb8d3a5b6dfefb098a3f7f,CORPUS_EXTRACTED,EXACT_SOURCE_SUBSTRING,PRIMARY,C4,d2lce_0ac8f3308547fb001c31e869,d2l_selected_campaign_scope_v1,PASS_CORPUS_EXTRACTED,"Exact source substring, hashes, provenance, and offsets verified.",True,True,ctx_c1c142be01a5b299b70337c6,5ca50d5f85cb86f31d453516c0313a2680ab1b39bd8edfa0b62a170372729006,d2l_methodology_corpus_origin_audit,1.0.0
ctx_c20a0ec2bc47e48846e7ed5b,document,d2l_generative_adversarial_networks,d2l_generative_adversarial_networks_gan_b004,sentence_22c536abbead43d3522ab984,The recurrent neural network language models are one example of using a discriminative network (trained to predict the next character) that once trained can act as a generative model.,376,559,29,44,c22620a96e3fbd97526f13ea9ccf508307d1175ea9bb8d3a5b6dfefb098a3f7f,CORPUS_EXTRACTED,EXACT_SOURCE_SUBSTRING,PRIMARY,C1,d2lce_a7105fea7b2b3447548b6d7a,d2l_selected_campaign_scope_v1,PASS_CORPUS_EXTRACTED,"Exact source substring, hashes, provenance, and offsets verified.",True,True,ctx_c20a0ec2bc47e48846e7ed5b,f0830de0a8b8abc60fd33424051c35fc935f9dab02cda873b7c0e4561d661035,d2l_methodology_corpus_origin_audit,1.0.0
ctx_c2cff6800a035ffeaff0c52d,document,d2l_natural_language_processing_pretraining,d2l_natural_language_processing_pretraining_approx_training_b013,sentence_b56db25533a2cfd630c86937,"For this event involving $w_o$,
from a predefined distribution $P(w)$
sample $K$ *noise words*
that are not from this context window.",104,237,82,93,c22620a96e3fbd97526f13ea9ccf508307d1175ea9bb8d3a5b6dfefb098a3f7f,CORPUS_EXTRACTED,EXACT_SOURCE_SUBSTRING,PRIMARY,C1,d2lce_5c270f3b3ebe4f0059649e18,d2l_selected_campaign_scope_v1,PASS_CORPUS_EXTRACTED,"Exact source substring, hashes, provenance, and offsets verified.",True,True,ctx_c2cff6800a035ffeaff0c52d,7de40d54fa1b1a6eafb3ffb0c985fff610e75b228989be414dab2c928cf93ffd,d2l_methodology_corpus_origin_audit,1.0.0
ctx_c3033b3efa90016d4c7a6711,document,d2l_introduction,d2l_introduction_index_b134,sentence_b5564f731bd6539c329acdc4,"* In many cases, a single GPU is insufficient to process
  the large amounts of data available for training.",2757,2865,19,29,c22620a96e3fbd97526f13ea9ccf508307d1175ea9bb8d3a5b6dfefb098a3f7f,CORPUS_EXTRACTED,EXACT_SOURCE_SUBSTRING,BACKUP,C1,d2lce_e014da89e120449f8881dd5b,d2l_selected_campaign_scope_v1,PASS_CORPUS_EXTRACTED,"Exact source substring, hashes, provenance, and offsets verified.",False,True,ctx_c3033b3efa90016d4c7a6711,4ff2b588a7227c0026ae3b3bdb4511fcc74ffd23500ab6a5d34ec953d2debb4e,d2l_methodology_corpus_origin_audit,1.0.0
ctx_c31c40505234fb275a371e68,document,d2l_computer_vision,d2l_computer_vision_fcn_b017,sentence_a372bf4eb52f0116f6b2ff24,"Since $(320-64+16\times2+32)/32=10$ and $(480-64+16\times2+32)/32=15$, we construct a transposed convolutional layer with stride of $32$, 
setting
the height and width of the kernel
to $64$, the padding to $16$.",406,617,86,116,c22620a96e3fbd97526f13ea9ccf508307d1175ea9bb8d3a5b6dfefb098a3f7f,CORPUS_EXTRACTED,EXACT_SOURCE_SUBSTRING,PRIMARY,C2,d2lce_b63485c15ac13f80b0d98676,d2l_selected_campaign_scope_v1,PASS_CORPUS_EXTRACTED,"Exact source substring, hashes, provenance, and offsets verified.",True,True,ctx_c31c40505234fb275a371e68,1de1666e548e07f2c184353866190105446ba106eeadc2899131feda8ce37c10,d2l_methodology_corpus_origin_audit,1.0.0
ctx_c332d46b413066a4b5ce91fc,document,d2l_natural_language_processing_applications,d2l_natural_language_processing_applications_sentiment_analysis_and_dataset_b003,sentence_85c668a0c97280364383a461,"Since sentiments
can be categorized
as discrete polarities or scales (e.g., positive and negative),
we can consider 
sentiment analysis 
as a text classification task,
which transforms a varying-length text sequence
into a fixed-length text category.",0,250,147,166,c22620a96e3fbd97526f13ea9ccf508307d1175ea9bb8d3a5b6dfefb098a3f7f,CORPUS_EXTRACTED,EXACT_SOURCE_SUBSTRING,PRIMARY,C1,d2lce_d89e6e83e5f07d1fcb18c6aa,d2l_selected_campaign_scope_v1,PASS_CORPUS_EXTRACTED,"Exact source substring, hashes, provenance, and offsets verified.",True,True,ctx_c332d46b413066a4b5ce91fc,ac10ae74f859d9f4c005975d4eb9ac0e236c6321461081b08770bb041124dbc4,d2l_methodology_corpus_origin_audit,1.0.0
ctx_c342d715dab448d66b1d2523,document,d2l_optimization,d2l_optimization_minibatch_sgd_b048,sentence_9dab59c8c36db27dce851657,It initializes a linear regression model and can be used to train the model with minibatch stochastic gradient descent and other algorithms introduced subsequently.,140,304,17,34,c22620a96e3fbd97526f13ea9ccf508307d1175ea9bb8d3a5b6dfefb098a3f7f,CORPUS_EXTRACTED,EXACT_SOURCE_SUBSTRING,BACKUP,C1,d2lce_d8d3db5e12791f4de99286be,d2l_selected_campaign_scope_v1,PASS_CORPUS_EXTRACTED,"Exact source substring, hashes, provenance, and offsets verified.",False,True,ctx_c342d715dab448d66b1d2523,d27e8c8e9b1586c887f1b8bd3e7e9837dd85f955d0ee539312768a41ac682853,d2l_methodology_corpus_origin_audit,1.0.0
ctx_c347d897c071e45dc443bc15,document,d2l_convolutional_neural_networks,d2l_convolutional_neural_networks_conv_layer_b007,sentence_42d77bb17dfeb436506bd7e2,"In the two-dimensional cross-correlation operation,
we begin with the convolution window positioned
at the upper-left corner of the input tensor
and slide it across the input tensor,
both from left to right and top to bottom.",0,225,7,40,c22620a96e3fbd97526f13ea9ccf508307d1175ea9bb8d3a5b6dfefb098a3f7f,CORPUS_EXTRACTED,EXACT_SOURCE_SUBSTRING,PRIMARY,C1,d2lce_963a14fc5042969e330bb020,d2l_selected_campaign_scope_v1,PASS_CORPUS_EXTRACTED,"Exact source substring, hashes, provenance, and offsets verified.",True,True,ctx_c347d897c071e45dc443bc15,e3a097221451cae0049184082daa55d1bbbadeda8395c5fb23384098abe2415f,d2l_methodology_corpus_origin_audit,1.0.0
ctx_c3e2e6f9a837a104a2ffaacc,document,d2l_computer_vision,d2l_computer_vision_rcnn_b005,sentence_37392b030d72950f0b7cedb4,"![The R-CNN model.](../img/r-cnn.svg)
:label:`fig_r-cnn`",0,56,6,11,c22620a96e3fbd97526f13ea9ccf508307d1175ea9bb8d3a5b6dfefb098a3f7f,CORPUS_EXTRACTED,EXACT_SOURCE_SUBSTRING,BACKUP,C1,d2lce_ad0d7cbd5f90ad33075e89aa,d2l_selected_campaign_scope_v1,PASS_CORPUS_EXTRACTED,"Exact source substring, hashes, provenance, and offsets verified.",False,True,ctx_c3e2e6f9a837a104a2ffaacc,aa80dc2ef8a3fd459e380a73836c76cfe70cabbde4f2d2752192a3520990ae0d,d2l_methodology_corpus_origin_audit,1.0.0
ctx_c40b35f077d50245b79ff9f6,document,d2l_preliminaries,d2l_preliminaries_linear_algebra_b130,sentence_19fa4320a76ca1d1339aca89,Dot products are useful in a wide range of contexts.,0,52,43,51,c22620a96e3fbd97526f13ea9ccf508307d1175ea9bb8d3a5b6dfefb098a3f7f,CORPUS_EXTRACTED,EXACT_SOURCE_SUBSTRING,BACKUP,C3,d2lce_382e4bbab285d56a08249753,d2l_selected_campaign_scope_v1,PASS_CORPUS_EXTRACTED,"Exact source substring, hashes, provenance, and offsets verified.",False,True,ctx_c40b35f077d50245b79ff9f6,c4fb05b7191d4ac04613500cbcd609c7ed9a7649eafef8d2dfbad3ff1cb47607,d2l_methodology_corpus_origin_audit,1.0.0
ctx_c429e44e5290244ff93a70cb,document,d2l_appendix_mathematics_for_deep_learning,d2l_appendix_mathematics_for_deep_learning_naive_bayes_b064,sentence_d0cb030bb187a57acc83232d,"```{.python .input}
#@tab pytorch
a = 0.1
print('underflow:', a**784)
print('logarithm is normal:', 784*math.log(a))
```",0,120,49,58,c22620a96e3fbd97526f13ea9ccf508307d1175ea9bb8d3a5b6dfefb098a3f7f,CORPUS_EXTRACTED,EXACT_SOURCE_SUBSTRING,BACKUP,C3,d2lce_9bd5113780f8e8160a24e6ad,d2l_selected_campaign_scope_v1,PASS_CORPUS_EXTRACTED,"Exact source substring, hashes, provenance, and offsets verified.",False,True,ctx_c429e44e5290244ff93a70cb,da706777a490521a462313da434cdbc96611378699094ee9b6a2797af262824d,d2l_methodology_corpus_origin_audit,1.0.0
ctx_c42a588ea67a1ab12765c55d,document,d2l_attention_mechanisms,d2l_attention_mechanisms_attention_scoring_functions_b002,sentence_7198ca4624e6c6c64d319856,"Treating the exponent of the Gaussian kernel
in :eqref:`eq_nadaraya-watson-gaussian`
as an *attention scoring function* (or *scoring function* for short),
the results of this function were
essentially fed into
a softmax operation.",108,338,92,118,c22620a96e3fbd97526f13ea9ccf508307d1175ea9bb8d3a5b6dfefb098a3f7f,CORPUS_EXTRACTED,EXACT_SOURCE_SUBSTRING,PRIMARY,C1,d2lce_18c3da2d5bdd6d05a83982fa,d2l_selected_campaign_scope_v1,PASS_CORPUS_EXTRACTED,"Exact source substring, hashes, provenance, and offsets verified.",True,True,ctx_c42a588ea67a1ab12765c55d,c66aef135d03b20b2ee51f4f23cef1e452b78eddc29fc165e04e6f0511a4e68f,d2l_methodology_corpus_origin_audit,1.0.0
ctx_c47eb631641cbc20179e654c,document,d2l_attention_mechanisms,d2l_attention_mechanisms_attention_scoring_functions_b040,sentence_ea18cfa9837664aefef00cfc,"To ensure that the variance of the dot product
still remains one regardless of vector length,
the *scaled dot-product attention* scoring function",396,541,129,145,c22620a96e3fbd97526f13ea9ccf508307d1175ea9bb8d3a5b6dfefb098a3f7f,CORPUS_EXTRACTED,EXACT_SOURCE_SUBSTRING,BACKUP,C1,d2lce_18c3da2d5bdd6d05a83982fa,d2l_selected_campaign_scope_v1,PASS_CORPUS_EXTRACTED,"Exact source substring, hashes, provenance, and offsets verified.",False,True,ctx_c47eb631641cbc20179e654c,eb5f200006ac9ba820a3c505edcf399d2eb6b02844dc5c136f2acea0deaf247c,d2l_methodology_corpus_origin_audit,1.0.0
ctx_c48fb3f822f811ccbb8750b6,document,d2l_recommender_systems,d2l_recommender_systems_seqrec_b003,sentence_c26e9a92679c70ae156ff685,"The model we will introduce, Caser :cite:`Tang.Wang.2018`, short for convolutional sequence embedding recommendation model, adopts convolutional neural networks capture the dynamic pattern influences of users' recent activities.",0,228,29,34,c22620a96e3fbd97526f13ea9ccf508307d1175ea9bb8d3a5b6dfefb098a3f7f,CORPUS_EXTRACTED,EXACT_SOURCE_SUBSTRING,PRIMARY,C4,d2lce_52085fef12f840d2350b2049,d2l_selected_campaign_scope_v1,PASS_CORPUS_EXTRACTED,"Exact source substring, hashes, provenance, and offsets verified.",True,True,ctx_c48fb3f822f811ccbb8750b6,b6a360495343f0f8a089eea64a3ae68eb8dfb9890e3e0b26352b0eee3d85e0cb,d2l_methodology_corpus_origin_audit,1.0.0
ctx_c491125cb400cc10a6b89d1f,document,d2l_appendix_tools_for_deep_learning,d2l_appendix_tools_for_deep_learning_jupyter_b002,sentence_2f76b514a36252ed197f15e7,"This section describes how to edit and run the code in the chapters of this book
using Jupyter Notebooks.",0,105,87,104,c22620a96e3fbd97526f13ea9ccf508307d1175ea9bb8d3a5b6dfefb098a3f7f,CORPUS_EXTRACTED,EXACT_SOURCE_SUBSTRING,PRIMARY,C3,d2lce_1a91fdded89249a5cd89ec14,d2l_selected_campaign_scope_v1,PASS_CORPUS_EXTRACTED,"Exact source substring, hashes, provenance, and offsets verified.",True,True,ctx_c491125cb400cc10a6b89d1f,4d8040ff754a20f83309119b17a567aa1a5a378c3f45a3eec0e21d62a1704fc5,d2l_methodology_corpus_origin_audit,1.0.0
ctx_c4a7169a641a791c71788313,document,d2l_natural_language_processing_applications,d2l_natural_language_processing_applications_natural_language_inference_and_dataset_b005,sentence_dbe9e5325c5e82620bce9224,* *Entailment*: the hypothesis can be inferred from the premise.,0,64,3,13,c22620a96e3fbd97526f13ea9ccf508307d1175ea9bb8d3a5b6dfefb098a3f7f,CORPUS_EXTRACTED,EXACT_SOURCE_SUBSTRING,PRIMARY,C1,d2lce_ca2ca961829e131bbc0fd92b,d2l_selected_campaign_scope_v1,PASS_CORPUS_EXTRACTED,"Exact source substring, hashes, provenance, and offsets verified.",True,True,ctx_c4a7169a641a791c71788313,a51d5ce3ce0b2df07fa5fa6dadce2b47cec57488d6011e1a8e62837d6135e756,d2l_methodology_corpus_origin_audit,1.0.0
ctx_c4effad022bd5e216d2eaf51,document,d2l_recurrent_neural_networks,d2l_recurrent_neural_networks_sequence_b023,sentence_babc3cd0613c442b6ef9cb75,"```{.python .input}
def train(net, train_iter, loss, epochs, lr):
    trainer = gluon.Trainer(net.collect_params(), 'adam',
                            {'learning_rate': lr})
    for epoch in range(epochs):
        for X, y in train_iter:
            with autograd.record():
                l = loss(net(X), y)
            l.backward()
            trainer.step(batch_size)
        print(f'epoch {epoch + 1}, '
              f'loss: {d2l.evaluate_loss(net, train_iter, loss):f}')

net = get_net()
train(net, train_iter, loss, 5, 0.01)
```

```{.python .input}
#@tab pytorch
def train(net, train_iter, loss, epochs, lr):
    trainer = torch.optim.Adam(net.parameters(), lr)
    for epoch in range(epochs):
        for X, y in train_iter:
            trainer.zero_grad()
            l = loss(net(X), y)
            l.sum().backward()
            trainer.step()
        print(f'epoch {epoch + 1}, '
              f'loss: {d2l.evaluate_loss(net, train_iter, loss):f}')

net = get_net()
train(net, train_iter, loss, 5, 0.01)
```

```{.python .input}
#@tab tensorflow
def train(net, train_iter, loss, epochs, lr):
    trainer = tf.keras.optimizers.Adam()
    for epoch in range(epochs):
        for X, y in train_iter:
            with tf.GradientTape() as g:
                out = net(X)
                l = loss(y, out)
                params = net.trainable_variables
                grads = g.gradient(l, params)
            trainer.apply_gradients(zip(grads, params))
        print(f'epoch {epoch + 1}, '
              f'loss: {d2l.evaluate_loss(net, train_iter, loss):f}')

net = get_net()
train(net, train_iter, loss, 5, 0.01)
```

## Prediction

Since the training loss is small, we would expect our model to work well.",5618,7338,117,121,c22620a96e3fbd97526f13ea9ccf508307d1175ea9bb8d3a5b6dfefb098a3f7f,CORPUS_EXTRACTED,EXACT_SOURCE_SUBSTRING,BACKUP,C1,d2lce_7ef8ed3f93210606a27312a4,d2l_selected_campaign_scope_v1,PASS_CORPUS_EXTRACTED,"Exact source substring, hashes, provenance, and offsets verified.",False,True,ctx_c4effad022bd5e216d2eaf51,199343a9ea796848a42eabc616f91999879e7dafd214b8eb8c7b955bd832fe64,d2l_methodology_corpus_origin_audit,1.0.0
ctx_c4f5f815fd20ef39886a1bf0,document,d2l_appendix_mathematics_for_deep_learning,d2l_appendix_mathematics_for_deep_learning_geometry_linear_algebraic_ops_b044,sentence_73adb1c2835952367c144af5,"In addition to working with vectors, another key object
that you must understand to go far in linear algebra
is the *hyperplane*, a generalization to higher dimensions
of a line (two dimensions) or of a plane (three dimensions).",0,228,132,146,c22620a96e3fbd97526f13ea9ccf508307d1175ea9bb8d3a5b6dfefb098a3f7f,CORPUS_EXTRACTED,EXACT_SOURCE_SUBSTRING,UNSELECTED,NONE,d2lce_22496a6fabe26e046ad5d5ac,d2l_selected_campaign_scope_v1,PASS_CORPUS_EXTRACTED,"Exact source substring, hashes, provenance, and offsets verified.",False,False,ctx_c4f5f815fd20ef39886a1bf0,65f9508a1244cb84bedab401af07602c0bf828bb760d93164652d3deb7bab6b4,d2l_methodology_corpus_origin_audit,1.0.0
ctx_c5722940f2ea3be48a188764,document,d2l_natural_language_processing_pretraining,d2l_natural_language_processing_pretraining_word2vec_b031,sentence_04b44f341b9230a5d03290b7,## The Continuous Bag of Words (CBOW) Model,0,43,7,30,c22620a96e3fbd97526f13ea9ccf508307d1175ea9bb8d3a5b6dfefb098a3f7f,CORPUS_EXTRACTED,EXACT_SOURCE_SUBSTRING,PRIMARY,C1,d2lce_dc193feb1eeef3a1349d9b74,d2l_selected_campaign_scope_v1,PASS_CORPUS_EXTRACTED,"Exact source substring, hashes, provenance, and offsets verified.",True,True,ctx_c5722940f2ea3be48a188764,bdb1367c59490932130e355997de2cc092e32aafa865b8da24a603b281e42573,d2l_methodology_corpus_origin_audit,1.0.0
ctx_c59d1952fd176678e6067a09,document,d2l_preface,d2l_preface_index_b008,sentence_9d871f3ee125fae56c9892a9,"Applying deep learning requires simultaneously understanding
(i) the motivations for casting a problem in a particular way;
(ii) the mathematical form of a given model;
(iii) the optimization algorithms for fitting the models to data;
(iv) the statistical principles that tell us 
when we should expect our models 
to generalize to unseen data
and practical methods for certifying 
that they have, in fact, generalized;
and (v) the engineering techniques
required to train models efficiently,
navigating the pitfalls of numerical computing
and getting the most out of available hardware.",134,721,467,472,c22620a96e3fbd97526f13ea9ccf508307d1175ea9bb8d3a5b6dfefb098a3f7f,CORPUS_EXTRACTED,EXACT_SOURCE_SUBSTRING,BACKUP,C2,d2lce_d1ca2fd5568e11a79b1b3366,d2l_selected_campaign_scope_v1,PASS_CORPUS_EXTRACTED,"Exact source substring, hashes, provenance, and offsets verified.",False,True,ctx_c59d1952fd176678e6067a09,1c73ce7fa48b941c8a7142eefb9da5391eeb73eb5995645241a44834248b8eed,d2l_methodology_corpus_origin_audit,1.0.0
ctx_c5e59f5a1a3a5b62dda17291,document,d2l_introduction,d2l_introduction_index_b028,sentence_b4b6a35332583b1cb98bf18a,"One common failure mode occurs in datasets where some groups of people
are unrepresented in the training data.",585,695,96,109,c22620a96e3fbd97526f13ea9ccf508307d1175ea9bb8d3a5b6dfefb098a3f7f,CORPUS_EXTRACTED,EXACT_SOURCE_SUBSTRING,PRIMARY,C4,d2lce_d30763678be8999b747cf0ee,d2l_selected_campaign_scope_v1,PASS_CORPUS_EXTRACTED,"Exact source substring, hashes, provenance, and offsets verified.",True,True,ctx_c5e59f5a1a3a5b62dda17291,173407c227c0d351512500b77f94ee7f72c2ae779ee1f672a2ddf9a129526e8a,d2l_methodology_corpus_origin_audit,1.0.0
ctx_c63be52377fb45f394c67865,document,d2l_linear_networks,d2l_linear_networks_softmax_regression_b069,sentence_9d28ed22f99e9ec6549a425c,"Compute the second derivative of the cross-entropy loss $l(\mathbf{y},\hat{\mathbf{y}})$ for the softmax.",105,210,12,29,c22620a96e3fbd97526f13ea9ccf508307d1175ea9bb8d3a5b6dfefb098a3f7f,CORPUS_EXTRACTED,EXACT_SOURCE_SUBSTRING,PRIMARY,C2,d2lce_bee01b92f7b0b02cc1d77bd7,d2l_selected_campaign_scope_v1,PASS_CORPUS_EXTRACTED,"Exact source substring, hashes, provenance, and offsets verified.",True,True,ctx_c63be52377fb45f394c67865,932000b0dfbdb312922eadf3a0b912546aa86368788db3a455bc04429033b2a2,d2l_methodology_corpus_origin_audit,1.0.0
ctx_c650fc71af7d6c2789e47035,document,d2l_deep_learning_computation,d2l_deep_learning_computation_custom_layer_b004,sentence_42caa2359c8c1411b3abf461,"To start, we construct a custom layer
that does not have any parameters of its own.",0,83,25,37,c22620a96e3fbd97526f13ea9ccf508307d1175ea9bb8d3a5b6dfefb098a3f7f,CORPUS_EXTRACTED,EXACT_SOURCE_SUBSTRING,PRIMARY,C1,d2lce_4d2b37402e25d2f56746ea23,d2l_selected_campaign_scope_v1,PASS_CORPUS_EXTRACTED,"Exact source substring, hashes, provenance, and offsets verified.",True,True,ctx_c650fc71af7d6c2789e47035,dd25698ba144b6146f9db2859b6d2c0befb1f3256dd2c6c77985159acb15b317,d2l_methodology_corpus_origin_audit,1.0.0
ctx_c6574094eae517b78bf15473,document,d2l_computer_vision,d2l_computer_vision_semantic_segmentation_and_dataset_b002,sentence_ff96c6e1fc9adf42bcab17fd,":numref:`fig_segmentation` shows the labels
of the dog, cat, and background of the image in semantic segmentation.",503,617,92,113,c22620a96e3fbd97526f13ea9ccf508307d1175ea9bb8d3a5b6dfefb098a3f7f,CORPUS_EXTRACTED,EXACT_SOURCE_SUBSTRING,BACKUP,C2,d2lce_2e41378b04489016bfe5707a,d2l_selected_campaign_scope_v1,PASS_CORPUS_EXTRACTED,"Exact source substring, hashes, provenance, and offsets verified.",False,True,ctx_c6574094eae517b78bf15473,c542e1d23d70359ae01bfddaca0739af8eeaf73d2db0f4a6c7c3d7633d5e03a3,d2l_methodology_corpus_origin_audit,1.0.0
ctx_c6fcdab6fbdb3c34121fe727,document,d2l_computer_vision,d2l_computer_vision_rcnn_b007,sentence_58d8ec6871872b9163ce9600,Train a linear regression model to predict the ground-truth bounding box.,899,972,8,25,c22620a96e3fbd97526f13ea9ccf508307d1175ea9bb8d3a5b6dfefb098a3f7f,CORPUS_EXTRACTED,EXACT_SOURCE_SUBSTRING,PRIMARY,C1,d2lce_d8d3db5e12791f4de99286be,d2l_selected_campaign_scope_v1,PASS_CORPUS_EXTRACTED,"Exact source substring, hashes, provenance, and offsets verified.",True,True,ctx_c6fcdab6fbdb3c34121fe727,c08405807f232adfc0e1f0f2a5ef32977ca8050ab12769ac929b3668828d9afe,d2l_methodology_corpus_origin_audit,1.0.0
ctx_c7b698a638aebbd9047e3e6d,document,d2l_natural_language_processing_pretraining,d2l_natural_language_processing_pretraining_bert_b006,sentence_deddca9e9820f4abe9d5e8f2,"Leveraging different best models for different tasks at that time,
adding ELMo improved the state of the art across six natural language processing tasks:
sentiment analysis, natural language inference,
semantic role labeling, coreference resolution,
named entity recognition, and question answering.",735,1035,281,299,c22620a96e3fbd97526f13ea9ccf508307d1175ea9bb8d3a5b6dfefb098a3f7f,CORPUS_EXTRACTED,EXACT_SOURCE_SUBSTRING,BACKUP,C1,d2lce_41109297e6bf8f44d9bb9178,d2l_selected_campaign_scope_v1,PASS_CORPUS_EXTRACTED,"Exact source substring, hashes, provenance, and offsets verified.",False,True,ctx_c7b698a638aebbd9047e3e6d,3d9918dfa0299ad10c8050d825b1a0d5ab9f26db174e459d2171ce55c0d4effe,d2l_methodology_corpus_origin_audit,1.0.0
ctx_c7d454145ac2ddadd1c48e11,document,d2l_natural_language_processing_applications,d2l_natural_language_processing_applications_natural_language_inference_bert_b003,sentence_04e274c32d60b3cd7318fad7,"![This section feeds pretrained BERT to an MLP-based architecture for natural language inference.](../img/nlp-map-nli-bert.svg)
:label:`fig_nlp-map-nli-bert`",0,157,21,36,c22620a96e3fbd97526f13ea9ccf508307d1175ea9bb8d3a5b6dfefb098a3f7f,CORPUS_EXTRACTED,EXACT_SOURCE_SUBSTRING,BACKUP,C2,d2lce_e27a9787bb13f8580103adc4,d2l_selected_campaign_scope_v1,PASS_CORPUS_EXTRACTED,"Exact source substring, hashes, provenance, and offsets verified.",False,True,ctx_c7d454145ac2ddadd1c48e11,ecb3d8edf7a13d2c2b198e76b78a01ea1cdadb51098e8e5dd982fced5fff6140,d2l_methodology_corpus_origin_audit,1.0.0
ctx_c82ca11246013bc71c70683e,document,d2l_computer_vision,d2l_computer_vision_semantic_segmentation_and_dataset_b002,sentence_0c3bc2043ae1a6507b214c58,"This section will discuss the problem of *semantic segmentation*,
which focuses on how to divide an image into regions belonging to different semantic classes.",158,317,42,63,c22620a96e3fbd97526f13ea9ccf508307d1175ea9bb8d3a5b6dfefb098a3f7f,CORPUS_EXTRACTED,EXACT_SOURCE_SUBSTRING,PRIMARY,C1,d2lce_2e41378b04489016bfe5707a,d2l_selected_campaign_scope_v1,PASS_CORPUS_EXTRACTED,"Exact source substring, hashes, provenance, and offsets verified.",True,True,ctx_c82ca11246013bc71c70683e,cdb3387b212c597f7707e1dae051a13d84db468740112e47c4ca5e048de8cbc8,d2l_methodology_corpus_origin_audit,1.0.0
ctx_c84f58f5911e68e47bc8ede6,document,d2l_linear_networks,d2l_linear_networks_linear_regression_b036,sentence_e8bf90267115e77d2a1b5cf7,### Minibatch Stochastic Gradient Descent,0,41,4,13,c22620a96e3fbd97526f13ea9ccf508307d1175ea9bb8d3a5b6dfefb098a3f7f,CORPUS_EXTRACTED,EXACT_SOURCE_SUBSTRING,PRIMARY,C2,d2lce_04b7107b328dedc7c1f9af65,d2l_selected_campaign_scope_v1,PASS_CORPUS_EXTRACTED,"Exact source substring, hashes, provenance, and offsets verified.",True,True,ctx_c84f58f5911e68e47bc8ede6,a50e3cad799d27f1e5b551a71bbfc7e82c86d3e26d1870d6fa69d6c019e5c093,d2l_methodology_corpus_origin_audit,1.0.0
ctx_c8b662075f19ab652ddcc0b9,document,d2l_appendix_tools_for_deep_learning,d2l_appendix_tools_for_deep_learning_aws_b003,sentence_894db673ae6c33ba61af01b3,Optionally: install CUDA or use an AMI with CUDA preinstalled.,53,115,20,24,c22620a96e3fbd97526f13ea9ccf508307d1175ea9bb8d3a5b6dfefb098a3f7f,CORPUS_EXTRACTED,EXACT_SOURCE_SUBSTRING,PRIMARY,C3,d2lce_ebd36388b50538b928ebbb4a,d2l_selected_campaign_scope_v1,PASS_CORPUS_EXTRACTED,"Exact source substring, hashes, provenance, and offsets verified.",True,True,ctx_c8b662075f19ab652ddcc0b9,26ae8dbc03703400d11f586a5c2291ee4adee04e7d8043bf7a74a34c94c34057,d2l_methodology_corpus_origin_audit,1.0.0
ctx_c924c2013dba4600e46dd8f8,document,d2l_natural_language_processing_pretraining,d2l_natural_language_processing_pretraining_similarity_analogy_b024,sentence_3ea4afc86b413cb90f17d9b9,"Excluding the input word and unknown token,
among this vocabulary
let us find 
three most semantically similar words
to word ""chip"".",115,247,29,42,c22620a96e3fbd97526f13ea9ccf508307d1175ea9bb8d3a5b6dfefb098a3f7f,CORPUS_EXTRACTED,EXACT_SOURCE_SUBSTRING,BACKUP,C2,d2lce_9e5c3dd254843c7ec95d4960,d2l_selected_campaign_scope_v1,PASS_CORPUS_EXTRACTED,"Exact source substring, hashes, provenance, and offsets verified.",False,True,ctx_c924c2013dba4600e46dd8f8,deeb51e28c5de036bb44e9e91e2a94dc2740dd71bda3fa5f7b2ee8d4e9f4215a,d2l_methodology_corpus_origin_audit,1.0.0
ctx_c92778674f8f7766091d01d2,document,d2l_multilayer_perceptrons,d2l_multilayer_perceptrons_mlp_b064,sentence_dbb2ebebac3bc09bec4fcc11,"Although the shape of the function is similar to that of the sigmoid function, the tanh function exhibits point symmetry about the origin of the coordinate system.",119,282,83,96,c22620a96e3fbd97526f13ea9ccf508307d1175ea9bb8d3a5b6dfefb098a3f7f,CORPUS_EXTRACTED,EXACT_SOURCE_SUBSTRING,PRIMARY,C3,d2lce_658174b1687c73f5aa1957ab,d2l_selected_campaign_scope_v1,PASS_CORPUS_EXTRACTED,"Exact source substring, hashes, provenance, and offsets verified.",True,True,ctx_c92778674f8f7766091d01d2,ded23da8269d362fc65630eb4cbfa0bf83aee0a42b5d63cdcbbc361314ffa99e,d2l_methodology_corpus_origin_audit,1.0.0
ctx_c9714080bd2e308c662b5227,document,d2l_recurrent_modern,d2l_recurrent_modern_machine_translation_and_dataset_b034,sentence_377c4ff11e2213a8fe46d093,"To alleviate this, we can treat infrequent tokens as the same unknown token.",230,306,62,75,c22620a96e3fbd97526f13ea9ccf508307d1175ea9bb8d3a5b6dfefb098a3f7f,CORPUS_EXTRACTED,EXACT_SOURCE_SUBSTRING,PRIMARY,C2,d2lce_9e5c3dd254843c7ec95d4960,d2l_selected_campaign_scope_v1,PASS_CORPUS_EXTRACTED,"Exact source substring, hashes, provenance, and offsets verified.",True,True,ctx_c9714080bd2e308c662b5227,161cf9994d17983598ffb5290ed432988036cd17ccbf6f42042475ad991eb5fb,d2l_methodology_corpus_origin_audit,1.0.0
ctx_c97c57c246feef065fb19e6c,document,d2l_computational_performance,d2l_computational_performance_async_computation_b016,sentence_50fa1a695e776f09e377b839,"As shown in :numref:`fig_frontends`, users can write PyTorch programs in various frontend languages, such as Python and C++.",188,312,81,89,c22620a96e3fbd97526f13ea9ccf508307d1175ea9bb8d3a5b6dfefb098a3f7f,CORPUS_EXTRACTED,EXACT_SOURCE_SUBSTRING,PRIMARY,C2,d2lce_24988c975f984ef488776c0b,d2l_selected_campaign_scope_v1,PASS_CORPUS_EXTRACTED,"Exact source substring, hashes, provenance, and offsets verified.",True,True,ctx_c97c57c246feef065fb19e6c,c39da60d56f1f9540491a5065b9833e6f35d400b5dd642e40a56ad9f0799aee1,d2l_methodology_corpus_origin_audit,1.0.0
ctx_c985b1faee54cf1ba7064dca,document,d2l_multilayer_perceptrons,d2l_multilayer_perceptrons_mlp_b061,sentence_ac1b18d7c8ceb100d8b1bb78,### Tanh Function,0,17,4,17,c22620a96e3fbd97526f13ea9ccf508307d1175ea9bb8d3a5b6dfefb098a3f7f,CORPUS_EXTRACTED,EXACT_SOURCE_SUBSTRING,BACKUP,C2,d2lce_658174b1687c73f5aa1957ab,d2l_selected_campaign_scope_v1,PASS_CORPUS_EXTRACTED,"Exact source substring, hashes, provenance, and offsets verified.",False,True,ctx_c985b1faee54cf1ba7064dca,11ee1d1f824f3802b705a0c8c6e0c0dfce81ba6c052e4c442e51aeaf84c4898c,d2l_methodology_corpus_origin_audit,1.0.0
ctx_c9b63496779ed532f23eb959,document,d2l_natural_language_processing_pretraining,d2l_natural_language_processing_pretraining_bert_b066,sentence_1c4dfb51f49107a97d7111c2,"* The embeddings of the BERT input sequence are the sum of the token embeddings, segment embeddings, and positional embeddings.",814,941,105,126,c22620a96e3fbd97526f13ea9ccf508307d1175ea9bb8d3a5b6dfefb098a3f7f,CORPUS_EXTRACTED,EXACT_SOURCE_SUBSTRING,BACKUP,C2,d2lce_d96258f97579b9b414c21815,d2l_selected_campaign_scope_v1,PASS_CORPUS_EXTRACTED,"Exact source substring, hashes, provenance, and offsets verified.",False,True,ctx_c9b63496779ed532f23eb959,bec019033d73e2b8216286d774ec9aaf07236197e1bf1879b354edf6bcfc49fb,d2l_methodology_corpus_origin_audit,1.0.0
ctx_ca28cbd449972202e89c8206,document,d2l_notation,d2l_notation_index_b008,sentence_ccd68dd16a68a1e6a6cf0b7b,"* $f(\cdot)$: a function
* $\log(\cdot)$: the natural logarithm (base $e$)
* $\log_2(\cdot)$: logarithm with base $2$
* $\exp(\cdot)$: the exponential function
* $\mathbf{1}(\cdot)$: the indicator function, evaluates to $1$ if the boolean argument is true and $0$ otherwise
* $\mathbf{1}_{\mathcal{X}}(z)$: the set-membership indicator function, evaluates to $1$ if the element $z$ belongs to the set $\mathcal{X}$ and $0$ otherwise
* $\mathbf{(\cdot)}^\top$: transpose of a vector or a matrix
* $\mathbf{X}^{-1}$: inverse of matrix $\mathbf{X}$
* $\odot$: Hadamard (elementwise) product
* $[\cdot, \cdot]$: concatenation
* $\|\cdot\|_p$: $L_p$ norm
* $\|\cdot\|$: $L_2$ norm
* $\langle \mathbf{x}, \mathbf{y} \rangle$: dot product of vectors $\mathbf{x}$ and $\mathbf{y}$
* $\sum$: summation over a collection of elements
* $\prod$: product over a collection of elements
* $\stackrel{\mathrm{def}}{=}$: an equality asserted as a definition of the symbol on the left-hand side",0,976,460,469,c22620a96e3fbd97526f13ea9ccf508307d1175ea9bb8d3a5b6dfefb098a3f7f,CORPUS_EXTRACTED,EXACT_SOURCE_SUBSTRING,PRIMARY,C3,d2lce_6b1b75f43b72ec9bace62065,d2l_selected_campaign_scope_v1,PASS_CORPUS_EXTRACTED,"Exact source substring, hashes, provenance, and offsets verified.",True,True,ctx_ca28cbd449972202e89c8206,90fee7e56036c2919463c04225f2985ce38a897da67d56c49a3e58c5f38d2fff,d2l_methodology_corpus_origin_audit,1.0.0
ctx_ca7dbc7a8024211ac2e41dad,document,d2l_optimization,d2l_optimization_convexity_b016,sentence_85ac89e9908ea5996967695a,"![The union of two convex sets need not be convex.](../img/nonconvex.svg)
:label:`fig_nonconvex`",0,96,19,30,c22620a96e3fbd97526f13ea9ccf508307d1175ea9bb8d3a5b6dfefb098a3f7f,CORPUS_EXTRACTED,EXACT_SOURCE_SUBSTRING,BACKUP,C2,d2lce_9c874642b8c028465cfbb71e,d2l_selected_campaign_scope_v1,PASS_CORPUS_EXTRACTED,"Exact source substring, hashes, provenance, and offsets verified.",False,True,ctx_ca7dbc7a8024211ac2e41dad,58890ca550bab3b86bc66e6dc9ee3c98d6a6fd500dde5f794b54b5a2d6ce1891,d2l_methodology_corpus_origin_audit,1.0.0
ctx_cac33728aec4217e211eb0da,document,d2l_attention_mechanisms,d2l_attention_mechanisms_attention_cues_b018,sentence_5171914ec0223429c8fc28f8,"In practice,
attention pooling aggregates values using weighted average, where weights are computed between the given query and different keys.",91,234,138,142,c22620a96e3fbd97526f13ea9ccf508307d1175ea9bb8d3a5b6dfefb098a3f7f,CORPUS_EXTRACTED,EXACT_SOURCE_SUBSTRING,PRIMARY,C1,d2lce_776fd3328d5e31aeebe484ec,d2l_selected_campaign_scope_v1,PASS_CORPUS_EXTRACTED,"Exact source substring, hashes, provenance, and offsets verified.",True,True,ctx_cac33728aec4217e211eb0da,6e274aaf0cbd665ea51d6e5548c635f27f0befe07853f72d0514fb1abb0ded83,d2l_methodology_corpus_origin_audit,1.0.0
ctx_cb058f206f42d3b06990201c,document,d2l_convolutional_modern,d2l_convolutional_modern_index_b003,sentence_df7daf6167d7f8876fa764d2,"These models include AlexNet, the first large-scale network deployed 
to beat conventional computer vision methods on a large-scale vision challenge;
the VGG network, which makes use of a number of repeating blocks of elements; the network in network (NiN) which convolves 
whole neural networks patch-wise over inputs; 
GoogLeNet, which uses networks with parallel concatenations;
residual networks (ResNet), which remain the most popular 
off-the-shelf architecture in computer vision;
and densely connected networks (DenseNet), 
which are expensive to compute but have set some recent benchmarks.",0,599,154,165,c22620a96e3fbd97526f13ea9ccf508307d1175ea9bb8d3a5b6dfefb098a3f7f,CORPUS_EXTRACTED,EXACT_SOURCE_SUBSTRING,BACKUP,C2,d2lce_7be1455c48134d411f51fe7c,d2l_selected_campaign_scope_v1,PASS_CORPUS_EXTRACTED,"Exact source substring, hashes, provenance, and offsets verified.",False,True,ctx_cb058f206f42d3b06990201c,7c9fe2bb5cbe1d36cdb307dc4842e606265e8136def56fe56c494f115a2e9a85,d2l_methodology_corpus_origin_audit,1.0.0
ctx_cb1896b0540e303727e896ea,document,d2l_preliminaries,d2l_preliminaries_autograd_b061,sentence_a65f2351f76bc6627dd6bbed,"In the control flow example where we calculate the derivative of `d` with respect to `a`, what would happen if we changed the variable `a` to a random vector or matrix.",191,359,7,19,c22620a96e3fbd97526f13ea9ccf508307d1175ea9bb8d3a5b6dfefb098a3f7f,CORPUS_EXTRACTED,EXACT_SOURCE_SUBSTRING,PRIMARY,C4,d2lce_6c7e95cd232fb7fcca6b3bdc,d2l_selected_campaign_scope_v1,PASS_CORPUS_EXTRACTED,"Exact source substring, hashes, provenance, and offsets verified.",True,True,ctx_cb1896b0540e303727e896ea,b407ce1ae744580d3f982e970547994c29bb7c6eb8f71fb5e912644cd986e0a8,d2l_methodology_corpus_origin_audit,1.0.0
ctx_cb76cb4b95e46eb37730ea64,document,d2l_introduction,d2l_introduction_index_b023,sentence_e45bbb35eb51b62731dffa29,"In order to work with data usefully, 
we typically
need to come up with a suitable numerical representation.",308,416,93,107,c22620a96e3fbd97526f13ea9ccf508307d1175ea9bb8d3a5b6dfefb098a3f7f,CORPUS_EXTRACTED,EXACT_SOURCE_SUBSTRING,BACKUP,C2,d2lce_f33d434f8362f23d43285427,d2l_selected_campaign_scope_v1,PASS_CORPUS_EXTRACTED,"Exact source substring, hashes, provenance, and offsets verified.",False,True,ctx_cb76cb4b95e46eb37730ea64,4c9b07a3b9bce8895cd19f19534a875e8e224d0f0def0cc6e8ed57c99dbfcf4e,d2l_methodology_corpus_origin_audit,1.0.0
ctx_cb7a2a5d97750af95eae7a46,document,d2l_recurrent_neural_networks,d2l_recurrent_neural_networks_bptt_b025,sentence_552b8c7d17da2694e8d55146,"This is actually *desirable*, since it biases the estimate towards simpler and more stable models.",599,697,39,45,c22620a96e3fbd97526f13ea9ccf508307d1175ea9bb8d3a5b6dfefb098a3f7f,CORPUS_EXTRACTED,EXACT_SOURCE_SUBSTRING,UNSELECTED,C3,d2lce_ad13d119a140210b487eeb9c,d2l_selected_campaign_scope_v1,PASS_CORPUS_EXTRACTED,"Exact source substring, hashes, provenance, and offsets verified.",False,False,ctx_cb7a2a5d97750af95eae7a46,285454f677bf2a53d5d06aa68ea7485a524c62341e2e27c02dba97abe686a050,d2l_methodology_corpus_origin_audit,1.0.0
ctx_cba7a66d443fedea8b0f37bf,document,d2l_attention_mechanisms,d2l_attention_mechanisms_self_attention_and_positional_encoding_b002,sentence_e9773094eed8fd27302cd957,"In deep learning,
we often use CNNs or RNNs to encode a sequence.",0,65,31,35,c22620a96e3fbd97526f13ea9ccf508307d1175ea9bb8d3a5b6dfefb098a3f7f,CORPUS_EXTRACTED,EXACT_SOURCE_SUBSTRING,PRIMARY,C1,d2lce_c4e87e5ee47d3e26ba618290,d2l_selected_campaign_scope_v1,PASS_CORPUS_EXTRACTED,"Exact source substring, hashes, provenance, and offsets verified.",True,True,ctx_cba7a66d443fedea8b0f37bf,38a2428b88b76a2879e9c5cde628801cac5db60f0310197a3c6d425206525ded,d2l_methodology_corpus_origin_audit,1.0.0
ctx_cc13b838430cc6b65f7256c9,document,d2l_convolutional_modern,d2l_convolutional_modern_batch_norm_b040,sentence_4cb7687731bad544e6b0d420,"```{.python .input}
#@tab tensorflow
class BatchNorm(tf.keras.layers.Layer):
    def __init__(self, **kwargs):
        super(BatchNorm, self).__init__(**kwargs)

    def build(self, input_shape):
        weight_shape = [input_shape[-1], ]
        # The scale parameter and the shift parameter (model parameters) are
        # initialized to 1 and 0, respectively
        self.gamma = self.add_weight(name='gamma', shape=weight_shape,
            initializer=tf.initializers.ones, trainable=True)
        self.beta = self.add_weight(name='beta', shape=weight_shape,
            initializer=tf.initializers.zeros, trainable=True)
        # The variables that are not model parameters are initialized to 0
        self.moving_mean = self.add_weight(name='moving_mean',
            shape=weight_shape, initializer=tf.initializers.zeros,
            trainable=False)
        self.moving_variance = self.add_weight(name='moving_variance',
            shape=weight_shape, initializer=tf.initializers.ones,
            trainable=False)
        super(BatchNorm, self).build(input_shape)

    def assign_moving_average(self, variable, value):
        momentum = 0.9
        delta = variable * momentum + value * (1 - momentum)
        return variable.assign(delta)

    @tf.function
    def call(self, inputs, training):
        if training:
            axes = list(range(len(inputs.shape) - 1))
            batch_mean = tf.reduce_mean(inputs, axes, keepdims=True)
            batch_variance = tf.reduce_mean(tf.math.squared_difference(
                inputs, tf.stop_gradient(batch_mean)), axes, keepdims=True)
            batch_mean = tf.squeeze(batch_mean, axes)
            batch_variance = tf.squeeze(batch_variance, axes)
            mean_update = self.assign_moving_average(
                self.moving_mean, batch_mean)
            variance_update = self.assign_moving_average(
                self.moving_variance, batch_variance)
            self.add_update(mean_update)
            self.add_update(variance_update)
            mean, variance = batch_mean, batch_variance
        else:
            mean, variance = self.moving_mean, self.moving_variance
        output = batch_norm(inputs, moving_mean=mean, moving_var=variance,
            beta=self.beta, gamma=self.gamma, eps=1e-5)
        return output
```",0,2311,43,52,c22620a96e3fbd97526f13ea9ccf508307d1175ea9bb8d3a5b6dfefb098a3f7f,CORPUS_EXTRACTED,EXACT_SOURCE_SUBSTRING,PRIMARY,C2,d2lce_4abd762bcd34d370b4fe6498,d2l_selected_campaign_scope_v1,PASS_CORPUS_EXTRACTED,"Exact source substring, hashes, provenance, and offsets verified.",True,True,ctx_cc13b838430cc6b65f7256c9,13171de3623c4ea6f301aecdc1166b6ded4d2c268c8ed686f7dcd28d54abd10c,d2l_methodology_corpus_origin_audit,1.0.0
ctx_cc2d203b8ac0da03a68a1c0d,document,d2l_convolutional_neural_networks,d2l_convolutional_neural_networks_why_conv_b005,sentence_998594d12b16243f6f0e7310,"However, while we might be able
to get away with one hundred thousand pixels,
our hidden layer of size 1000 grossly underestimates
the number of hidden units that it takes
to learn good representations of images,
so a practical system will still require billions of parameters.",112,389,82,94,c22620a96e3fbd97526f13ea9ccf508307d1175ea9bb8d3a5b6dfefb098a3f7f,CORPUS_EXTRACTED,EXACT_SOURCE_SUBSTRING,PRIMARY,C2,d2lce_401e038a0835f7c5733a9857,d2l_selected_campaign_scope_v1,PASS_CORPUS_EXTRACTED,"Exact source substring, hashes, provenance, and offsets verified.",True,True,ctx_cc2d203b8ac0da03a68a1c0d,7733072b81dd38af8b5a75e028a482264306288a4b5b12c5757a90b74d8f3cc4,d2l_methodology_corpus_origin_audit,1.0.0
ctx_cc6c6f7b38edd14783c3c98a,document,d2l_linear_networks,d2l_linear_networks_linear_regression_b088,sentence_2f1b2416ba4d2315b6f05b92,"Note that these diagrams highlight the connectivity pattern
such as how each input is connected to the output,
but not the values taken by the weights or biases.",189,350,154,160,c22620a96e3fbd97526f13ea9ccf508307d1175ea9bb8d3a5b6dfefb098a3f7f,CORPUS_EXTRACTED,EXACT_SOURCE_SUBSTRING,BACKUP,C1,d2lce_ad13d119a140210b487eeb9c,d2l_selected_campaign_scope_v1,PASS_CORPUS_EXTRACTED,"Exact source substring, hashes, provenance, and offsets verified.",False,True,ctx_cc6c6f7b38edd14783c3c98a,96e476d7f98da6b9e0156dbcbe7d35429abd45cfed629a5c320e3473f4d6b14f,d2l_methodology_corpus_origin_audit,1.0.0
ctx_cc74ec1d4759c01b8c2aeb02,document,d2l_attention_mechanisms,d2l_attention_mechanisms_attention_cues_b014,sentence_148cff5fea05df5b2c3e4f97,"As shown in :numref:`fig_qkv`,
we can design attention pooling
so that the given query (volitional cue) can interact with keys (nonvolitional cues),
which guides bias selection over values (sensory inputs).",568,774,190,204,c22620a96e3fbd97526f13ea9ccf508307d1175ea9bb8d3a5b6dfefb098a3f7f,CORPUS_EXTRACTED,EXACT_SOURCE_SUBSTRING,PRIMARY,C2,d2lce_bc240ce7b3e0abeb18f82a6b,d2l_selected_campaign_scope_v1,PASS_CORPUS_EXTRACTED,"Exact source substring, hashes, provenance, and offsets verified.",True,True,ctx_cc74ec1d4759c01b8c2aeb02,2cb3a6859ba1b6d6fdf216a8296f36235e32efb840e3aee24e54a4b381be6b98,d2l_methodology_corpus_origin_audit,1.0.0
ctx_ccb879141ca0cea21709bd26,document,d2l_convolutional_modern,d2l_convolutional_modern_alexnet_b019,sentence_2b55400cf895336354a63229,"Training can take hundreds of epochs, and each iteration
requires passing data through many layers of computationally-expensive
linear algebra operations.",64,218,47,56,c22620a96e3fbd97526f13ea9ccf508307d1175ea9bb8d3a5b6dfefb098a3f7f,CORPUS_EXTRACTED,EXACT_SOURCE_SUBSTRING,BACKUP,C1,d2lce_c3c46748b1a49e32c07ca9d7,d2l_selected_campaign_scope_v1,PASS_CORPUS_EXTRACTED,"Exact source substring, hashes, provenance, and offsets verified.",False,True,ctx_ccb879141ca0cea21709bd26,1f57e48b166751d797dc80585eab96273f2a67d265316f523ce8270e605580e9,d2l_methodology_corpus_origin_audit,1.0.0
ctx_ccefa9dc79f5be995f8d5599,document,d2l_recurrent_modern,d2l_recurrent_modern_gru_b024,sentence_3d4ad80a492713cf79d9a269,These designs can help us cope with the vanishing gradient problem in RNNs and better capture dependencies for sequences with large time step distances.,370,522,40,58,c22620a96e3fbd97526f13ea9ccf508307d1175ea9bb8d3a5b6dfefb098a3f7f,CORPUS_EXTRACTED,EXACT_SOURCE_SUBSTRING,PRIMARY,C2,d2lce_d7976d0b101e65c34c011871,d2l_selected_campaign_scope_v1,PASS_CORPUS_EXTRACTED,"Exact source substring, hashes, provenance, and offsets verified.",True,True,ctx_ccefa9dc79f5be995f8d5599,0343cc794bb2b6b4ca8c0d287499a19d7f1998a1d653d153f44c3155264ed443,d2l_methodology_corpus_origin_audit,1.0.0
ctx_cd053e813da2a435104cf02a,document,d2l_recurrent_modern,d2l_recurrent_modern_lstm_b058,sentence_e91e0aa98364cc729dbf8423,"However, training LSTMs and other sequence models (such as GRUs) are quite costly due to the long range dependency of the sequence.",232,363,104,114,c22620a96e3fbd97526f13ea9ccf508307d1175ea9bb8d3a5b6dfefb098a3f7f,CORPUS_EXTRACTED,EXACT_SOURCE_SUBSTRING,PRIMARY,C2,d2lce_144baca5ccb9be2154705e92,d2l_selected_campaign_scope_v1,PASS_CORPUS_EXTRACTED,"Exact source substring, hashes, provenance, and offsets verified.",True,True,ctx_cd053e813da2a435104cf02a,6158dd500a6a3ea1d1bacaab5eaa0f2a42c58e14a1b079b243f9c6c7660decba,d2l_methodology_corpus_origin_audit,1.0.0
ctx_cd56410dc228003d2dde79bc,document,d2l_computational_performance,d2l_computational_performance_hardware_b023,sentence_18e651df448b6b641eb88c7c,"* Lastly, the massive increase in bandwidth has forced computer designers to attach SSDs directly to the PCIe bus.",916,1030,84,88,c22620a96e3fbd97526f13ea9ccf508307d1175ea9bb8d3a5b6dfefb098a3f7f,CORPUS_EXTRACTED,EXACT_SOURCE_SUBSTRING,BACKUP,C2,d2lce_355f5686f2178281893eb6cb,d2l_selected_campaign_scope_v1,PASS_CORPUS_EXTRACTED,"Exact source substring, hashes, provenance, and offsets verified.",False,True,ctx_cd56410dc228003d2dde79bc,5e31f06647e5b9dd2b6def0528fb68ea5c834dc859c4566a936f2f1d2ea13390,d2l_methodology_corpus_origin_audit,1.0.0
ctx_cdcb81a3ee9a5abda1a9e0ce,document,d2l_convolutional_modern,d2l_convolutional_modern_alexnet_b004,sentence_50967f5935e5922459e028f7,"Added to these obstacles, key tricks for training neural networks
including parameter initialization heuristics,
clever variants of stochastic gradient descent,
non-squashing activation functions,
and effective regularization techniques were still missing.",237,493,86,100,c22620a96e3fbd97526f13ea9ccf508307d1175ea9bb8d3a5b6dfefb098a3f7f,CORPUS_EXTRACTED,EXACT_SOURCE_SUBSTRING,BACKUP,C2,d2lce_8373decbb6e405f0386ec8a0,d2l_selected_campaign_scope_v1,PASS_CORPUS_EXTRACTED,"Exact source substring, hashes, provenance, and offsets verified.",False,True,ctx_cdcb81a3ee9a5abda1a9e0ce,a03ecbb39e38a526f4f1cc461b15293e08ded38f2f0951623f743eb4b9a5a205,d2l_methodology_corpus_origin_audit,1.0.0
ctx_cdfc7e2c9d284b99240ac4e4,document,d2l_multilayer_perceptrons,d2l_multilayer_perceptrons_dropout_b050,sentence_4f7895f9b493b6761fb308ab,"With high-level APIs, all we need to do is add a `Dropout` layer
after each fully-connected layer,
passing in the dropout probability
as the only argument to its constructor.",0,174,162,173,c22620a96e3fbd97526f13ea9ccf508307d1175ea9bb8d3a5b6dfefb098a3f7f,CORPUS_EXTRACTED,EXACT_SOURCE_SUBSTRING,BACKUP,C2,d2lce_7d7b617aacd41c76538d06af,d2l_selected_campaign_scope_v1,PASS_CORPUS_EXTRACTED,"Exact source substring, hashes, provenance, and offsets verified.",False,True,ctx_cdfc7e2c9d284b99240ac4e4,d1bdc1de65900302066f89f5a5169ef12fde592e94c5ec5109b3684b53d19b7f,d2l_methodology_corpus_origin_audit,1.0.0
ctx_ce0994b03956d4032b57ec95,document,d2l_recurrent_modern,d2l_recurrent_modern_lstm_b037,sentence_82a449631f50a21335913618,"```{.python .input}
def get_lstm_params(vocab_size, num_hiddens, device):
    num_inputs = num_outputs = vocab_size

    def normal(shape):
        return np.random.normal(scale=0.01, size=shape, ctx=device)

    def three():
        return (normal((num_inputs, num_hiddens)),
                normal((num_hiddens, num_hiddens)),
                np.zeros(num_hiddens, ctx=device))

    W_xi, W_hi, b_i = three()  # Input gate parameters
    W_xf, W_hf, b_f = three()  # Forget gate parameters
    W_xo, W_ho, b_o = three()  # Output gate parameters
    W_xc, W_hc, b_c = three()  # Candidate memory cell parameters
    # Output layer parameters
    W_hq = normal((num_hiddens, num_outputs))
    b_q = np.zeros(num_outputs, ctx=device)
    # Attach gradients
    params = [W_xi, W_hi, b_i, W_xf, W_hf, b_f, W_xo, W_ho, b_o, W_xc, W_hc,
              b_c, W_hq, b_q]
    for param in params:
        param.attach_grad()
    return params
```",0,938,525,536,c22620a96e3fbd97526f13ea9ccf508307d1175ea9bb8d3a5b6dfefb098a3f7f,CORPUS_EXTRACTED,EXACT_SOURCE_SUBSTRING,PRIMARY,C2,d2lce_c6b4477a845e2e0e0e02f088,d2l_selected_campaign_scope_v1,PASS_CORPUS_EXTRACTED,"Exact source substring, hashes, provenance, and offsets verified.",True,True,ctx_ce0994b03956d4032b57ec95,46494414c86a1f5a0016452265de7ba4d33eb1fbf26b0e81f88fcb880597dd46,d2l_methodology_corpus_origin_audit,1.0.0
ctx_ce5770ebbcecab9cd14b31d1,document,d2l_generative_adversarial_networks,d2l_generative_adversarial_networks_gan_b005,sentence_dddfdcc606098836390e143f,"At their heart, GANs rely on the idea that a data generator is good if we cannot tell fake data apart from real data.",223,340,50,59,c22620a96e3fbd97526f13ea9ccf508307d1175ea9bb8d3a5b6dfefb098a3f7f,CORPUS_EXTRACTED,EXACT_SOURCE_SUBSTRING,PRIMARY,C1,d2lce_73c8ce2915c4c64a52fab4a2,d2l_selected_campaign_scope_v1,PASS_CORPUS_EXTRACTED,"Exact source substring, hashes, provenance, and offsets verified.",True,True,ctx_ce5770ebbcecab9cd14b31d1,43e472f010a5c63fca8544e0476b9efcecd17e67f3bd0b9e13a933d5e851d07b,d2l_methodology_corpus_origin_audit,1.0.0
ctx_ce7390efff0801a27a6b6619,document,d2l_multilayer_perceptrons,d2l_multilayer_perceptrons_mlp_scratch_b029,sentence_7d0330f785cf6c17123eb7ee,"Fortunately, [**the training loop for MLPs
is exactly the same as for softmax regression.**]
Leveraging the `d2l` package again,
we call the `train_ch3` function
(see :numref:`sec_softmax_scratch`),
setting the number of epochs to 10
and the learning rate to 0.1.",0,263,242,255,c22620a96e3fbd97526f13ea9ccf508307d1175ea9bb8d3a5b6dfefb098a3f7f,CORPUS_EXTRACTED,EXACT_SOURCE_SUBSTRING,BACKUP,C1,d2lce_cc4cb853eff638abcbdf7691,d2l_selected_campaign_scope_v1,PASS_CORPUS_EXTRACTED,"Exact source substring, hashes, provenance, and offsets verified.",False,True,ctx_ce7390efff0801a27a6b6619,e3acc67424d7a9902ccf9b5fd432047d5f6ce1720ea2575f92371ff1e2b80dfc,d2l_methodology_corpus_origin_audit,1.0.0
ctx_cefb047015d9e81a2c90b5bc,document,d2l_linear_networks,d2l_linear_networks_linear_regression_b047,sentence_147b71c573bc5ee2fab1efe5,"The more formidable task is to find parameters
that will achieve low loss on data
that we have not seen before,
a challenge called *generalization*.",370,518,132,146,c22620a96e3fbd97526f13ea9ccf508307d1175ea9bb8d3a5b6dfefb098a3f7f,CORPUS_EXTRACTED,EXACT_SOURCE_SUBSTRING,PRIMARY,C2,d2lce_22496a6fabe26e046ad5d5ac,d2l_selected_campaign_scope_v1,PASS_CORPUS_EXTRACTED,"Exact source substring, hashes, provenance, and offsets verified.",True,True,ctx_cefb047015d9e81a2c90b5bc,16deb719129e33e5ea2cb9d4a037a5531da54636b80de0f7acfc046897fcf544,d2l_methodology_corpus_origin_audit,1.0.0
ctx_ceff1252a50a323ce62c83d4,document,d2l_attention_mechanisms,d2l_attention_mechanisms_attention_scoring_functions_b027,sentence_8dd39a9408639f7460d63a07,"In general,
when queries and keys are vectors of different lengths,
we can use additive attention
as the scoring function.",0,122,105,121,c22620a96e3fbd97526f13ea9ccf508307d1175ea9bb8d3a5b6dfefb098a3f7f,CORPUS_EXTRACTED,EXACT_SOURCE_SUBSTRING,BACKUP,C1,d2lce_18c3da2d5bdd6d05a83982fa,d2l_selected_campaign_scope_v1,PASS_CORPUS_EXTRACTED,"Exact source substring, hashes, provenance, and offsets verified.",False,True,ctx_ceff1252a50a323ce62c83d4,eccff4baee81bd285c52441e107d29a69414636e43e1f1336b67ca387f034621,d2l_methodology_corpus_origin_audit,1.0.0
ctx_cf0365ae6ea1bcdfd1296ed3,document,d2l_recommender_systems,d2l_recommender_systems_autorec_b015,sentence_08d0a03fa0865e47718bd2d0,The activation of encoder is set to `sigmoid` by default and no activation is applied for decoder.,262,360,37,44,c22620a96e3fbd97526f13ea9ccf508307d1175ea9bb8d3a5b6dfefb098a3f7f,CORPUS_EXTRACTED,EXACT_SOURCE_SUBSTRING,BACKUP,C1,d2lce_00f50f89defd8652bb8c429e,d2l_selected_campaign_scope_v1,PASS_CORPUS_EXTRACTED,"Exact source substring, hashes, provenance, and offsets verified.",False,True,ctx_cf0365ae6ea1bcdfd1296ed3,7539ecbb65e1761e4df881ca467e74e0e2e1656af530af347db60da63d911489,d2l_methodology_corpus_origin_audit,1.0.0
ctx_cf2fee46db0f41e6ec64a579,document,d2l_multilayer_perceptrons,d2l_multilayer_perceptrons_weight_decay_b025,sentence_8106df143bde2e828a585a2a,"To make the effects of overfitting pronounced,
we can increase the dimensionality of our problem to $d = 200$
and work with a small training set containing only 20 examples.",131,304,67,81,c22620a96e3fbd97526f13ea9ccf508307d1175ea9bb8d3a5b6dfefb098a3f7f,CORPUS_EXTRACTED,EXACT_SOURCE_SUBSTRING,PRIMARY,C1,d2lce_f3dedf5fcd54a46940474022,d2l_selected_campaign_scope_v1,PASS_CORPUS_EXTRACTED,"Exact source substring, hashes, provenance, and offsets verified.",True,True,ctx_cf2fee46db0f41e6ec64a579,264cc04b20df81bcdd21dd1105123d07694865ad990f26e7fe0c899660f2896b,d2l_methodology_corpus_origin_audit,1.0.0
ctx_cfcea364b99854c40c41a050,document,d2l_recommender_systems,d2l_recommender_systems_mf_b001,sentence_d1646951ae3a2aa71d0aceef,# Matrix Factorization,0,22,2,22,c22620a96e3fbd97526f13ea9ccf508307d1175ea9bb8d3a5b6dfefb098a3f7f,CORPUS_EXTRACTED,EXACT_SOURCE_SUBSTRING,PRIMARY,C4,d2lce_bbf89ef89c96205886255dcf,d2l_selected_campaign_scope_v1,PASS_CORPUS_EXTRACTED,"Exact source substring, hashes, provenance, and offsets verified.",True,True,ctx_cfcea364b99854c40c41a050,a111a999285cdda4be3b0f08f5969c7d8cff8172f57dbd9e25a5f8583c5f9410,d2l_methodology_corpus_origin_audit,1.0.0
ctx_cff5672d4e8d42484c26fd68,document,d2l_computer_vision,d2l_computer_vision_fine_tuning_b038,sentence_53cc3bc47fc187147d62357e,"Assuming that the learning rate in the Trainer instance is η, we set the learning rate of the model parameters in the member variable output to be 10η in the iteration.",145,313,158,167,c22620a96e3fbd97526f13ea9ccf508307d1175ea9bb8d3a5b6dfefb098a3f7f,CORPUS_EXTRACTED,EXACT_SOURCE_SUBSTRING,PRIMARY,C1,d2lce_c3c46748b1a49e32c07ca9d7,d2l_selected_campaign_scope_v1,PASS_CORPUS_EXTRACTED,"Exact source substring, hashes, provenance, and offsets verified.",True,True,ctx_cff5672d4e8d42484c26fd68,6a4addb1973b8dfc9a56bb0602af361a0b6b4efd2c471327d6db542acbaaf28e,d2l_methodology_corpus_origin_audit,1.0.0
ctx_d01d38e638f7b5b3665a55bd,document,d2l_deep_learning_computation,d2l_deep_learning_computation_model_construction_b027,sentence_031eb6b73316eb069b26926b,"Note that it takes `X` as the input,
calculates the hidden representation
with the activation function applied,
and outputs its logits.",56,191,59,73,c22620a96e3fbd97526f13ea9ccf508307d1175ea9bb8d3a5b6dfefb098a3f7f,CORPUS_EXTRACTED,EXACT_SOURCE_SUBSTRING,PRIMARY,C1,d2lce_f33d434f8362f23d43285427,d2l_selected_campaign_scope_v1,PASS_CORPUS_EXTRACTED,"Exact source substring, hashes, provenance, and offsets verified.",True,True,ctx_d01d38e638f7b5b3665a55bd,2d4daff09c26232109562f9de1bb7f691d3766680812e8ac8d809f96a02918d9,d2l_methodology_corpus_origin_audit,1.0.0
ctx_d06cbf1985e80a5cb41f32fc,document,d2l_computational_performance,d2l_computational_performance_multiple_gpus_b050,sentence_2f222231eea2d2071189377b,"```{.python .input}
#@tab pytorch
def train(num_gpus, batch_size, lr):
    train_iter, test_iter = d2l.load_data_fashion_mnist(batch_size)
    devices = [d2l.try_gpu(i) for i in range(num_gpus)]
    # Copy model parameters to `num_gpus` GPUs
    device_params = [get_params(params, d) for d in devices]
    num_epochs = 10
    animator = d2l.Animator('epoch', 'test acc', xlim=[1, num_epochs])
    timer = d2l.Timer()
    for epoch in range(num_epochs):
        timer.start()
        for X, y in train_iter:
            # Perform multi-GPU training for a single minibatch
            train_batch(X, y, device_params, devices, lr)
            torch.cuda.synchronize()
        timer.stop()
        # Evaluate the model on GPU 0
        animator.add(epoch + 1, (d2l.evaluate_accuracy_gpu(
            lambda x: lenet(x, device_params[0]), test_iter, devices[0]),))
    print(f'test acc: {animator.Y[0][-1]:.2f}, {timer.avg():.1f} sec/epoch '
          f'on {str(devices)}')
```",0,974,530,548,c22620a96e3fbd97526f13ea9ccf508307d1175ea9bb8d3a5b6dfefb098a3f7f,CORPUS_EXTRACTED,EXACT_SOURCE_SUBSTRING,BACKUP,C4,d2lce_6898a7f7f35ca368f75fda48,d2l_selected_campaign_scope_v1,PASS_CORPUS_EXTRACTED,"Exact source substring, hashes, provenance, and offsets verified.",False,True,ctx_d06cbf1985e80a5cb41f32fc,c03303d0a1f1495e54c5434804f21ddae448e8c3dec4433ab6b30b974fd0e0f8,d2l_methodology_corpus_origin_audit,1.0.0
ctx_d114388fd9000ff629d180ce,document,d2l_natural_language_processing_pretraining,d2l_natural_language_processing_pretraining_word_embedding_dataset_b031,sentence_933d64e6bd74a8d616d072a3,We use negative sampling for approximate training.,0,50,29,49,c22620a96e3fbd97526f13ea9ccf508307d1175ea9bb8d3a5b6dfefb098a3f7f,CORPUS_EXTRACTED,EXACT_SOURCE_SUBSTRING,PRIMARY,C3,d2lce_28ab2b419f6b871a62a06060,d2l_selected_campaign_scope_v1,PASS_CORPUS_EXTRACTED,"Exact source substring, hashes, provenance, and offsets verified.",True,True,ctx_d114388fd9000ff629d180ce,ae3cb83cf3b4396e1db74f9ad5e4fc6295bb33580c9b7d2e6f961f3a3b1be4ba,d2l_methodology_corpus_origin_audit,1.0.0
ctx_d126e74d5ab3240a96363756,document,d2l_recurrent_modern,d2l_recurrent_modern_index_b003,sentence_d63643c53550b531593efcfc,"We will describe deep architectures with
multiple hidden layers,
and discuss the bidirectional design
with both forward and backward recurrent computations.",563,719,112,119,c22620a96e3fbd97526f13ea9ccf508307d1175ea9bb8d3a5b6dfefb098a3f7f,CORPUS_EXTRACTED,EXACT_SOURCE_SUBSTRING,PRIMARY,C3,d2lce_fbe9efe0d390976cb31e5af7,d2l_selected_campaign_scope_v1,PASS_CORPUS_EXTRACTED,"Exact source substring, hashes, provenance, and offsets verified.",True,True,ctx_d126e74d5ab3240a96363756,876dbc08e651c954de91d49229fbf2954095b3c35c6d78f95a2f97b1477fbd6c,d2l_methodology_corpus_origin_audit,1.0.0
ctx_d1f9348ef19cdcd8ff5ac0de,document,d2l_convolutional_neural_networks,d2l_convolutional_neural_networks_why_conv_b004,sentence_40f4a66605b63242fb8d3765,"According to our discussions of parameterization cost
of fully-connected layers in :numref:`subsec_parameterization-cost-fc-layers`,
even an aggressive reduction to one thousand hidden dimensions
would require a fully-connected layer
characterized by $10^6 \times 10^3 = 10^9$ parameters.",267,555,152,161,c22620a96e3fbd97526f13ea9ccf508307d1175ea9bb8d3a5b6dfefb098a3f7f,CORPUS_EXTRACTED,EXACT_SOURCE_SUBSTRING,PRIMARY,C4,d2lce_fa115d4c3a8140d91339df15,d2l_selected_campaign_scope_v1,PASS_CORPUS_EXTRACTED,"Exact source substring, hashes, provenance, and offsets verified.",True,True,ctx_d1f9348ef19cdcd8ff5ac0de,98cbcb46135eb1c1df1953ea482532c2ed5dd7a342feaedf50f31517070a93b5,d2l_methodology_corpus_origin_audit,1.0.0
ctx_d2068bc0172a126a547418aa,document,d2l_convolutional_modern,d2l_convolutional_modern_vgg_b006,sentence_2818c974226928ad6fa74152,"The basic building block of classic CNNs
is a sequence of the following:
(i) a convolutional layer
with padding to maintain the resolution,
(ii) a nonlinearity such as a ReLU,
(iii) a pooling layer such
as a maximum pooling layer.",0,230,208,229,c22620a96e3fbd97526f13ea9ccf508307d1175ea9bb8d3a5b6dfefb098a3f7f,CORPUS_EXTRACTED,EXACT_SOURCE_SUBSTRING,BACKUP,C2,d2lce_c343a692fe9bdfdabefe7687,d2l_selected_campaign_scope_v1,PASS_CORPUS_EXTRACTED,"Exact source substring, hashes, provenance, and offsets verified.",False,True,ctx_d2068bc0172a126a547418aa,b8290ba65a2ab3719432c54bcbfd58dbfcc0f455789fca1021c6fe3a61cb9d97,d2l_methodology_corpus_origin_audit,1.0.0
ctx_d28271aea73210f0b70b3d21,document,d2l_installation,d2l_installation_index_b032,sentence_994fc29458fe83ca50de00df,"Once you have completed these installation steps, we can the Jupyter notebook server by running:",0,96,61,77,c22620a96e3fbd97526f13ea9ccf508307d1175ea9bb8d3a5b6dfefb098a3f7f,CORPUS_EXTRACTED,EXACT_SOURCE_SUBSTRING,PRIMARY,C4,d2lce_1a91fdded89249a5cd89ec14,d2l_selected_campaign_scope_v1,PASS_CORPUS_EXTRACTED,"Exact source substring, hashes, provenance, and offsets verified.",True,True,ctx_d28271aea73210f0b70b3d21,63f4444562c41dd22c38ce6ef15ed736c0b1fbc130b034f5d28694be7761664b,d2l_methodology_corpus_origin_audit,1.0.0
ctx_d2b6cce11380684abd029f58,document,d2l_preliminaries,d2l_preliminaries_lookup_api_b019,sentence_7b568579de22e820ba7f064e,"In the Jupyter notebook, we can use `?` to display the document in another
window.",0,82,7,23,c22620a96e3fbd97526f13ea9ccf508307d1175ea9bb8d3a5b6dfefb098a3f7f,CORPUS_EXTRACTED,EXACT_SOURCE_SUBSTRING,BACKUP,C4,d2lce_1a91fdded89249a5cd89ec14,d2l_selected_campaign_scope_v1,PASS_CORPUS_EXTRACTED,"Exact source substring, hashes, provenance, and offsets verified.",False,True,ctx_d2b6cce11380684abd029f58,17c10c0fcbdfa036d569e2e639f70bc9d65fb1e92433508512338c72ce999b72,d2l_methodology_corpus_origin_audit,1.0.0
ctx_d32243af852da68a154db964,document,d2l_computer_vision,d2l_computer_vision_rcnn_b031,sentence_bf74bf6845229eece4684b08,"In this way, each unit along the spatial dimensions of the CNN-extracted feature maps gets a new feature vector of length $c$.",122,248,33,51,c22620a96e3fbd97526f13ea9ccf508307d1175ea9bb8d3a5b6dfefb098a3f7f,CORPUS_EXTRACTED,EXACT_SOURCE_SUBSTRING,BACKUP,C2,d2lce_5300144b7f5b4ce29dd12ec6,d2l_selected_campaign_scope_v1,PASS_CORPUS_EXTRACTED,"Exact source substring, hashes, provenance, and offsets verified.",False,True,ctx_d32243af852da68a154db964,4ee32b49bbf2ac5dcc1b729c78b7eff2396e5fe397317d01ffd2467aefc793ee,d2l_methodology_corpus_origin_audit,1.0.0
ctx_d32ca634c60e5bdb199798a6,document,d2l_convolutional_modern,d2l_convolutional_modern_index_b001,sentence_4b08f1470009e48006b44e05,"# Modern Convolutional Neural Networks
:label:`chap_modern_cnn`",0,63,9,38,c22620a96e3fbd97526f13ea9ccf508307d1175ea9bb8d3a5b6dfefb098a3f7f,CORPUS_EXTRACTED,EXACT_SOURCE_SUBSTRING,BACKUP,C1,d2lce_c4e87e5ee47d3e26ba618290,d2l_selected_campaign_scope_v1,PASS_CORPUS_EXTRACTED,"Exact source substring, hashes, provenance, and offsets verified.",False,True,ctx_d32ca634c60e5bdb199798a6,ca1082a0ae05cfc72ab636fb13130efb7e3da8485a1f2bcf5b04ab81126fbfb4,d2l_methodology_corpus_origin_audit,1.0.0
ctx_d33537b0253739563730301e,document,d2l_appendix_mathematics_for_deep_learning,d2l_appendix_mathematics_for_deep_learning_information_theory_b134,sentence_97eac98b10b54c5c02fc39f0,"Say we need to solve a binary classification problem based on given $n$ data examples {$x_1, \ldots, x_n$}.",0,107,23,44,c22620a96e3fbd97526f13ea9ccf508307d1175ea9bb8d3a5b6dfefb098a3f7f,CORPUS_EXTRACTED,EXACT_SOURCE_SUBSTRING,BACKUP,C2,d2lce_bb2aa6e567ff5ce9563e209b,d2l_selected_campaign_scope_v1,PASS_CORPUS_EXTRACTED,"Exact source substring, hashes, provenance, and offsets verified.",False,True,ctx_d33537b0253739563730301e,6bf96c4aff2c7fa5e64fe1299201e4ff4efe057aa0a559b07dcd8f9e052135b3,d2l_methodology_corpus_origin_audit,1.0.0
ctx_d34d70bc2ec444d75355979e,document,d2l_recommender_systems,d2l_recommender_systems_mf_b017,sentence_19c3bc7b9ebccf2c22624855,The `input_dim` is the number of items/users and the (`output_dim`) is the dimension of the latent factors ($k$).,141,254,92,106,c22620a96e3fbd97526f13ea9ccf508307d1175ea9bb8d3a5b6dfefb098a3f7f,CORPUS_EXTRACTED,EXACT_SOURCE_SUBSTRING,PRIMARY,C1,d2lce_f7c1845f1d67dcb386e8fc22,d2l_selected_campaign_scope_v1,PASS_CORPUS_EXTRACTED,"Exact source substring, hashes, provenance, and offsets verified.",True,True,ctx_d34d70bc2ec444d75355979e,5ffff4d04297b5c2f40e5989c722cff1580b3658faeb011991c9801bc75e954f,d2l_methodology_corpus_origin_audit,1.0.0
ctx_d36c794f5cb48c84cfeb1ae0,document,d2l_linear_networks,d2l_linear_networks_softmax_regression_b051,sentence_7c25a1a17b44caf561cf3298,We can use the same representation as before for the label $\mathbf{y}$.,107,179,20,34,c22620a96e3fbd97526f13ea9ccf508307d1175ea9bb8d3a5b6dfefb098a3f7f,CORPUS_EXTRACTED,EXACT_SOURCE_SUBSTRING,BACKUP,C2,d2lce_f33d434f8362f23d43285427,d2l_selected_campaign_scope_v1,PASS_CORPUS_EXTRACTED,"Exact source substring, hashes, provenance, and offsets verified.",False,True,ctx_d36c794f5cb48c84cfeb1ae0,6cad1a9583b6869ab4c2204516eb3f4d6e0dd8c1ba93e71244a34956ff42310e,d2l_methodology_corpus_origin_audit,1.0.0
ctx_d36d6da37bfad4ff6a95cb88,document,d2l_appendix_mathematics_for_deep_learning,d2l_appendix_mathematics_for_deep_learning_information_theory_b174,sentence_586dafdb7e9965d3f20d441d,The monkey presses any of the $44$ keys of the typewriter at random (you can assume that it has not discovered any special keys or the shift key yet).,407,557,35,39,c22620a96e3fbd97526f13ea9ccf508307d1175ea9bb8d3a5b6dfefb098a3f7f,CORPUS_EXTRACTED,EXACT_SOURCE_SUBSTRING,UNSELECTED,C3,d2lce_776fd3328d5e31aeebe484ec,d2l_selected_campaign_scope_v1,PASS_CORPUS_EXTRACTED,"Exact source substring, hashes, provenance, and offsets verified.",False,False,ctx_d36d6da37bfad4ff6a95cb88,4255c6872a93628ce9e0991d695c24dbd3da01eb0fcabc86bfc9d4b9e93bd94e,d2l_methodology_corpus_origin_audit,1.0.0
ctx_d3a8f97d05a86148d6da3339,document,d2l_preliminaries,d2l_preliminaries_calculus_b058,sentence_030a05e7c5547603b3af9142,"Now let us turn our attention to a more general scenario
where functions have an arbitrary number of variables.",0,111,20,29,c22620a96e3fbd97526f13ea9ccf508307d1175ea9bb8d3a5b6dfefb098a3f7f,CORPUS_EXTRACTED,EXACT_SOURCE_SUBSTRING,UNSELECTED,NONE,d2lce_4a5f20bb32b66b1f07d9f37a,d2l_selected_campaign_scope_v1,PASS_CORPUS_EXTRACTED,"Exact source substring, hashes, provenance, and offsets verified.",False,False,ctx_d3a8f97d05a86148d6da3339,2bf78d2caab2cb801bbbcf0c2053758e9e93324934d5f5d77c2ffbd7156eef1b,d2l_methodology_corpus_origin_audit,1.0.0
ctx_d3acc09e8a6080e3399bae77,document,d2l_attention_mechanisms,d2l_attention_mechanisms_attention_scoring_functions_b030,sentence_ec001745b5634c818e4c9b7c,"Sum them up with
        # broadcasting
        features = np.expand_dims(queries, axis=2) + np.expand_dims(
            keys, axis=1)
        features = np.tanh(features)
        # There is only one output of `self.w_v`, so we remove the last
        # one-dimensional entry from the shape.",905,1196,27,39,c22620a96e3fbd97526f13ea9ccf508307d1175ea9bb8d3a5b6dfefb098a3f7f,CORPUS_EXTRACTED,EXACT_SOURCE_SUBSTRING,BACKUP,C4,d2lce_499fa9391d57e930a19f1b19,d2l_selected_campaign_scope_v1,PASS_CORPUS_EXTRACTED,"Exact source substring, hashes, provenance, and offsets verified.",False,True,ctx_d3acc09e8a6080e3399bae77,a135118208785a8dcbd8d8b315eebd0d9011b851d74bad887fa744ef9c51751a,d2l_methodology_corpus_origin_audit,1.0.0
ctx_d3cdd3abd54093da62a2cc19,document,d2l_attention_mechanisms,d2l_attention_mechanisms_attention_cues_b014,sentence_f8f38f5043c635e81b6279c3,"More generally,
every value is paired with a *key*,
which can be thought of the nonvolitional cue of that sensory input.",447,567,80,97,c22620a96e3fbd97526f13ea9ccf508307d1175ea9bb8d3a5b6dfefb098a3f7f,CORPUS_EXTRACTED,EXACT_SOURCE_SUBSTRING,BACKUP,C3,d2lce_abae8f75b732ffe9c8a965c0,d2l_selected_campaign_scope_v1,PASS_CORPUS_EXTRACTED,"Exact source substring, hashes, provenance, and offsets verified.",False,True,ctx_d3cdd3abd54093da62a2cc19,a332ff0976d6a9c2ef72187b651257fd94a3cae405fb5c26cbce02534f92cf44,d2l_methodology_corpus_origin_audit,1.0.0
ctx_d3d2588eb63ac28e8bacb42b,document,d2l_computer_vision,d2l_computer_vision_index_b003,sentence_d34c173da08e985269688840,"At the beginning of this chapter, we will describe
two methods that 
may improve model generalization, namely *image augmentation* and *fine-tuning*,
and apply them to image classification.",201,390,87,101,c22620a96e3fbd97526f13ea9ccf508307d1175ea9bb8d3a5b6dfefb098a3f7f,CORPUS_EXTRACTED,EXACT_SOURCE_SUBSTRING,PRIMARY,C4,d2lce_22496a6fabe26e046ad5d5ac,d2l_selected_campaign_scope_v1,PASS_CORPUS_EXTRACTED,"Exact source substring, hashes, provenance, and offsets verified.",True,True,ctx_d3d2588eb63ac28e8bacb42b,f3a06c0533aecd1da4f788a9faa2868abe6daba16e224da207d6b8a9b26feac0,d2l_methodology_corpus_origin_audit,1.0.0
ctx_d3ee9a0901707fef51f604cc,document,d2l_computer_vision,d2l_computer_vision_multiscale_object_detection_b020,sentence_e90d762f8e83973eeeaaca1a,"In the following
we introduce a CNN-based multiscale object detection
method that we will implement
in :numref:`sec_ssd`.",122,243,32,35,c22620a96e3fbd97526f13ea9ccf508307d1175ea9bb8d3a5b6dfefb098a3f7f,CORPUS_EXTRACTED,EXACT_SOURCE_SUBSTRING,PRIMARY,C2,d2lce_eba859df6c63311dce4a5eb7,d2l_selected_campaign_scope_v1,PASS_CORPUS_EXTRACTED,"Exact source substring, hashes, provenance, and offsets verified.",True,True,ctx_d3ee9a0901707fef51f604cc,1898935991d06079c64790a772fa4c9121f58e9979540c463c80862c741928a9,d2l_methodology_corpus_origin_audit,1.0.0
ctx_d3fc4788f9797ce1f2337e72,document,d2l_recommender_systems,d2l_recommender_systems_fm_b013,sentence_733a50448e94810022af8f4c,We apply a sigmoid function over the final score since we treat the CTR prediction as a classification task.,187,295,88,107,c22620a96e3fbd97526f13ea9ccf508307d1175ea9bb8d3a5b6dfefb098a3f7f,CORPUS_EXTRACTED,EXACT_SOURCE_SUBSTRING,BACKUP,C1,d2lce_d89e6e83e5f07d1fcb18c6aa,d2l_selected_campaign_scope_v1,PASS_CORPUS_EXTRACTED,"Exact source substring, hashes, provenance, and offsets verified.",False,True,ctx_d3fc4788f9797ce1f2337e72,b6cea5589a55bc0434ff75abb9dbfc90a3a924157ed0dc139e2b9f0f8c1edf10,d2l_methodology_corpus_origin_audit,1.0.0
ctx_d406fccab1c59c92aff48880,document,d2l_optimization,d2l_optimization_convexity_b013,sentence_3bfa4a71629e7a3a0a1903a5,Assume that $\mathcal{X}$ and $\mathcal{Y}$ are convex sets.,178,238,48,59,c22620a96e3fbd97526f13ea9ccf508307d1175ea9bb8d3a5b6dfefb098a3f7f,CORPUS_EXTRACTED,EXACT_SOURCE_SUBSTRING,BACKUP,C1,d2lce_9c874642b8c028465cfbb71e,d2l_selected_campaign_scope_v1,PASS_CORPUS_EXTRACTED,"Exact source substring, hashes, provenance, and offsets verified.",False,True,ctx_d406fccab1c59c92aff48880,1e198eddea661288b6177f160c010e8c905925ef3cd38b01d91844bbc25240ad,d2l_methodology_corpus_origin_audit,1.0.0
ctx_d437426b9a49d27a6fb2a2c3,document,d2l_generative_adversarial_networks,d2l_generative_adversarial_networks_dcgan_b066,sentence_b176ea69ff694d868d5c22fb,"It decreases the smoothness of the momentum, the exponentially weighted moving average of past gradients, to take care of the rapid changing gradients because the generator and the discriminator fight with each other.",242,459,35,43,c22620a96e3fbd97526f13ea9ccf508307d1175ea9bb8d3a5b6dfefb098a3f7f,CORPUS_EXTRACTED,EXACT_SOURCE_SUBSTRING,PRIMARY,C1,d2lce_addfcc9899bef06c500b6b0e,d2l_selected_campaign_scope_v1,PASS_CORPUS_EXTRACTED,"Exact source substring, hashes, provenance, and offsets verified.",True,True,ctx_d437426b9a49d27a6fb2a2c3,ae317ffef78cb3d07a7fb915b6820006c67e2b521d4c9a962505cedc149a44d3,d2l_methodology_corpus_origin_audit,1.0.0
ctx_d44b321b97faec6a56ab5c33,document,d2l_computer_vision,d2l_computer_vision_ssd_b004,sentence_b38847b2c3a80d322c8553ea,"For example,
the original single-shot multibox detection paper
adopts a VGG network truncated before the
classification layer :cite:`Liu.Anguelov.Erhan.ea.2016`,
while ResNet has also been commonly used.",278,481,72,83,c22620a96e3fbd97526f13ea9ccf508307d1175ea9bb8d3a5b6dfefb098a3f7f,CORPUS_EXTRACTED,EXACT_SOURCE_SUBSTRING,BACKUP,C2,d2lce_7be1455c48134d411f51fe7c,d2l_selected_campaign_scope_v1,PASS_CORPUS_EXTRACTED,"Exact source substring, hashes, provenance, and offsets verified.",False,True,ctx_d44b321b97faec6a56ab5c33,308c39edba3760e80e80401060829f4446dc18c3a56a2365e77cfc4a6dfaff70,d2l_methodology_corpus_origin_audit,1.0.0
ctx_d4a06af98b28daa12e898464,document,d2l_attention_mechanisms,d2l_attention_mechanisms_attention_cues_b006,sentence_bb624538ad20c0f788c924c6,"In this framework,
subjects selectively direct the spotlight of attention
using both the *nonvolitional cue* and *volitional cue*.",246,376,90,107,c22620a96e3fbd97526f13ea9ccf508307d1175ea9bb8d3a5b6dfefb098a3f7f,CORPUS_EXTRACTED,EXACT_SOURCE_SUBSTRING,PRIMARY,C1,d2lce_abae8f75b732ffe9c8a965c0,d2l_selected_campaign_scope_v1,PASS_CORPUS_EXTRACTED,"Exact source substring, hashes, provenance, and offsets verified.",True,True,ctx_d4a06af98b28daa12e898464,c6b1c311eaf01906e8a1c63a65dd82dc4b39b7c39744726140fcc8df1af4c8ff,d2l_methodology_corpus_origin_audit,1.0.0
ctx_d4f8f201e33ddd0184655f6b,document,d2l_convolutional_neural_networks,d2l_convolutional_neural_networks_padding_and_strides_b015,sentence_001051eaa96394004b146a32,"# This function initializes the convolutional layer weights and performs
# corresponding dimensionality elevations and reductions on the input and
# output
def comp_conv2d(conv2d, X):
    conv2d.initialize()
    # Here (1, 1) indicates that the batch size and the number of channels
    # are both 1
    X = X.reshape((1, 1) + X.shape)
    Y = conv2d(X)
    # Exclude the first two dimensions that do not interest us: examples and
    # channels
    return Y.reshape(Y.shape[2:])

# Note that here 1 row or column is padded on either side, so a total of 2
# rows or columns are added
conv2d = nn.Conv2D(1, kernel_size=3, padding=1)
X = np.random.uniform(size=(8, 8))
comp_conv2d(conv2d, X).shape
```",165,864,16,27,c22620a96e3fbd97526f13ea9ccf508307d1175ea9bb8d3a5b6dfefb098a3f7f,CORPUS_EXTRACTED,EXACT_SOURCE_SUBSTRING,PRIMARY,C3,d2lce_8373decbb6e405f0386ec8a0,d2l_selected_campaign_scope_v1,PASS_CORPUS_EXTRACTED,"Exact source substring, hashes, provenance, and offsets verified.",True,True,ctx_d4f8f201e33ddd0184655f6b,b2289894f6d89542519fe0f6e6bec7956da369701b35a94a788796283c2b633a,d2l_methodology_corpus_origin_audit,1.0.0
ctx_d51d07967447de6bcbe89cba,document,d2l_computer_vision,d2l_computer_vision_transposed_conv_b002,sentence_fc8c52d2c28a303dc4abb54b,"In semantic segmentation
that classifies at pixel-level,
it will be convenient if
the spatial dimensions of the
input and output are the same.",246,388,86,104,c22620a96e3fbd97526f13ea9ccf508307d1175ea9bb8d3a5b6dfefb098a3f7f,CORPUS_EXTRACTED,EXACT_SOURCE_SUBSTRING,PRIMARY,C2,d2lce_5300144b7f5b4ce29dd12ec6,d2l_selected_campaign_scope_v1,PASS_CORPUS_EXTRACTED,"Exact source substring, hashes, provenance, and offsets verified.",True,True,ctx_d51d07967447de6bcbe89cba,a829d8621c283ae032f71543bb85be61fa11aea48554f0971beea0725eda58cc,d2l_methodology_corpus_origin_audit,1.0.0
ctx_d54f045d576ae356763b52df,document,d2l_linear_networks,d2l_linear_networks_linear_regression_concise_b044,sentence_7d9fe437e922fd0510a7b653,":begin_tab:`pytorch`
[**The `MSELoss` class computes the mean squared error (without the $1/2$ factor in :eqref:`eq_mse`).**]
By default it returns the average loss over examples.",0,179,57,75,c22620a96e3fbd97526f13ea9ccf508307d1175ea9bb8d3a5b6dfefb098a3f7f,CORPUS_EXTRACTED,EXACT_SOURCE_SUBSTRING,PRIMARY,C3,d2lce_49603071e9c21eb4bcbdf1e7,d2l_selected_campaign_scope_v1,PASS_CORPUS_EXTRACTED,"Exact source substring, hashes, provenance, and offsets verified.",True,True,ctx_d54f045d576ae356763b52df,061c826a60fc5dbf7bb9e2d2008797fcffc8fc6516905830016c3a43be56cc1a,d2l_methodology_corpus_origin_audit,1.0.0
ctx_d57bee107ebd48e4888a2c07,document,d2l_convolutional_neural_networks,d2l_convolutional_neural_networks_conv_layer_b034,sentence_8891d973c562081a852e26c5,"```{.python .input}
#@tab all
corr2d(d2l.transpose(X), K)
```",0,61,41,50,c22620a96e3fbd97526f13ea9ccf508307d1175ea9bb8d3a5b6dfefb098a3f7f,CORPUS_EXTRACTED,EXACT_SOURCE_SUBSTRING,BACKUP,C4,d2lce_6b1b75f43b72ec9bace62065,d2l_selected_campaign_scope_v1,PASS_CORPUS_EXTRACTED,"Exact source substring, hashes, provenance, and offsets verified.",False,True,ctx_d57bee107ebd48e4888a2c07,589c6667d4261c46ccfb732f1cadcbd651b673b2d084659ae7b29c7280ed08ef,d2l_methodology_corpus_origin_audit,1.0.0
ctx_d5c7268c2ea127e80cfdfb47,document,d2l_attention_mechanisms,d2l_attention_mechanisms_attention_scoring_functions_b040,sentence_f4912f15000fc48ca468ee43,"A more computationally efficient
design for the scoring function can be
simply dot product.",0,91,48,64,c22620a96e3fbd97526f13ea9ccf508307d1175ea9bb8d3a5b6dfefb098a3f7f,CORPUS_EXTRACTED,EXACT_SOURCE_SUBSTRING,BACKUP,C1,d2lce_18c3da2d5bdd6d05a83982fa,d2l_selected_campaign_scope_v1,PASS_CORPUS_EXTRACTED,"Exact source substring, hashes, provenance, and offsets verified.",False,True,ctx_d5c7268c2ea127e80cfdfb47,fad54199a0586766e7801640655bd6ed8c5dbb22b7e704527cfda1c8444c8c6f,d2l_methodology_corpus_origin_audit,1.0.0
ctx_d5cacde964394c13f3443d68,document,d2l_convolutional_neural_networks,d2l_convolutional_neural_networks_padding_and_strides_b007,sentence_3ba492bc9501765bddeda7ec,"![Two-dimensional cross-correlation with padding.](../img/conv-pad.svg)
:label:`img_conv_pad`",0,93,2,35,c22620a96e3fbd97526f13ea9ccf508307d1175ea9bb8d3a5b6dfefb098a3f7f,CORPUS_EXTRACTED,EXACT_SOURCE_SUBSTRING,PRIMARY,C3,d2lce_963a14fc5042969e330bb020,d2l_selected_campaign_scope_v1,PASS_CORPUS_EXTRACTED,"Exact source substring, hashes, provenance, and offsets verified.",True,True,ctx_d5cacde964394c13f3443d68,2e82183866bc968a4aeadbeffafdb45c04d7c8d578818ac31be9d3ba8bffee08,d2l_methodology_corpus_origin_audit,1.0.0
ctx_d5e3c3872235604218a2a839,document,d2l_deep_learning_computation,d2l_deep_learning_computation_use_gpu_b004,sentence_33dad108693a70a5c36db6fb,"Then, download the [NVIDIA driver and CUDA](https://developer.nvidia.com/cuda-downloads)
and follow the prompts to set the appropriate path.",140,280,38,42,c22620a96e3fbd97526f13ea9ccf508307d1175ea9bb8d3a5b6dfefb098a3f7f,CORPUS_EXTRACTED,EXACT_SOURCE_SUBSTRING,PRIMARY,C3,d2lce_ebd36388b50538b928ebbb4a,d2l_selected_campaign_scope_v1,PASS_CORPUS_EXTRACTED,"Exact source substring, hashes, provenance, and offsets verified.",True,True,ctx_d5e3c3872235604218a2a839,96895c01d4f3b420b28094341511b6c32585101a5c40328a17ec3c797769e5d1,d2l_methodology_corpus_origin_audit,1.0.0
ctx_d637282791dad50a10d04580,document,d2l_convolutional_neural_networks,d2l_convolutional_neural_networks_pooling_b053,sentence_aa43045aeb204aacf7801231,"* Maximum pooling, combined with a stride larger than 1 can be used to reduce the spatial dimensions (e.g., width and height).",388,514,82,100,c22620a96e3fbd97526f13ea9ccf508307d1175ea9bb8d3a5b6dfefb098a3f7f,CORPUS_EXTRACTED,EXACT_SOURCE_SUBSTRING,BACKUP,C2,d2lce_5300144b7f5b4ce29dd12ec6,d2l_selected_campaign_scope_v1,PASS_CORPUS_EXTRACTED,"Exact source substring, hashes, provenance, and offsets verified.",False,True,ctx_d637282791dad50a10d04580,ae838b39b60787b0bf03426d5bf470968e2e4c1c37745a629aaa911b10266aa1,d2l_methodology_corpus_origin_audit,1.0.0
ctx_d6a61508bc9d44444618bd65,document,d2l_convolutional_neural_networks,d2l_convolutional_neural_networks_lenet_b003,sentence_f881a6cbebb415d00759d864,"In 1989, LeCun published the first study to successfully
train CNNs via backpropagation.",426,514,57,62,c22620a96e3fbd97526f13ea9ccf508307d1175ea9bb8d3a5b6dfefb098a3f7f,CORPUS_EXTRACTED,EXACT_SOURCE_SUBSTRING,PRIMARY,C3,d2lce_d1ca2fd5568e11a79b1b3366,d2l_selected_campaign_scope_v1,PASS_CORPUS_EXTRACTED,"Exact source substring, hashes, provenance, and offsets verified.",True,True,ctx_d6a61508bc9d44444618bd65,6853b9fdb12c32318942c4859df5b25156a121638a23e38b7a96657da830ac30,d2l_methodology_corpus_origin_audit,1.0.0
ctx_d6ab75565ebd010dfbf7b992,document,d2l_optimization,d2l_optimization_minibatch_sgd_b052,sentence_957a080d232bad99a5bc1c22,"This can be achieved by setting the minibatch size to 1500 (i.e., to the total number of examples).",65,164,36,50,c22620a96e3fbd97526f13ea9ccf508307d1175ea9bb8d3a5b6dfefb098a3f7f,CORPUS_EXTRACTED,EXACT_SOURCE_SUBSTRING,BACKUP,C1,d2lce_152a9bcc9b8b5f6cc5586c54,d2l_selected_campaign_scope_v1,PASS_CORPUS_EXTRACTED,"Exact source substring, hashes, provenance, and offsets verified.",False,True,ctx_d6ab75565ebd010dfbf7b992,f9fc9a175969e45d8f0c2e47ce46e766c96f33b4d65ef6695749ed27a056d830,d2l_methodology_corpus_origin_audit,1.0.0
ctx_d6d0b1ea059aae00cde5e9fc,document,d2l_appendix_mathematics_for_deep_learning,d2l_appendix_mathematics_for_deep_learning_index_b009,sentence_e9917252e155b0954d165f7a,"While statistics is far too large a field to do justice in a short section, we will introduce fundamental concepts that all machine learning practitioners should be aware of, in particular: evaluating and comparing estimators, conducting hypothesis tests, and constructing confidence intervals.",67,361,238,248,c22620a96e3fbd97526f13ea9ccf508307d1175ea9bb8d3a5b6dfefb098a3f7f,CORPUS_EXTRACTED,EXACT_SOURCE_SUBSTRING,CONTRASTIVE,C3,d2lce_dbb300a90e4b0f8b815b5e12,d2l_selected_campaign_scope_v1,PASS_CORPUS_EXTRACTED,"Exact source substring, hashes, provenance, and offsets verified.",True,True,ctx_d6d0b1ea059aae00cde5e9fc,6e95628334e56f5105c67a072847005e22b62636cc8d46ad01777510ee440609,d2l_methodology_corpus_origin_audit,1.0.0
ctx_d6e0903c3cbb70f3bb37dd1e,document,d2l_optimization,d2l_optimization_minibatch_sgd_b002,sentence_44bd3c1a417cb33f7528921d,Stochastic Gradient Descent is not particularly *computationally efficient* since CPUs and GPUs cannot exploit the full power of vectorization.,389,532,120,125,c22620a96e3fbd97526f13ea9ccf508307d1175ea9bb8d3a5b6dfefb098a3f7f,CORPUS_EXTRACTED,EXACT_SOURCE_SUBSTRING,UNSELECTED,C3,d2lce_2b76c0f26436945cdf880aed,d2l_selected_campaign_scope_v1,PASS_CORPUS_EXTRACTED,"Exact source substring, hashes, provenance, and offsets verified.",False,False,ctx_d6e0903c3cbb70f3bb37dd1e,68be345d010cea450c58eac9929396a7bc6f7735ffaa2fae4fcb4d6a2bc956ae,d2l_methodology_corpus_origin_audit,1.0.0
ctx_d719b8db05528e808274fcea,document,d2l_computer_vision,d2l_computer_vision_index_b003,sentence_c02d73d611a605229a306084,Then we will explain how to use style transfer techniques to generate images like the cover of this book.,896,1001,32,46,c22620a96e3fbd97526f13ea9ccf508307d1175ea9bb8d3a5b6dfefb098a3f7f,CORPUS_EXTRACTED,EXACT_SOURCE_SUBSTRING,PRIMARY,C2,d2lce_041add3a2f3aa452408a5384,d2l_selected_campaign_scope_v1,PASS_CORPUS_EXTRACTED,"Exact source substring, hashes, provenance, and offsets verified.",True,True,ctx_d719b8db05528e808274fcea,a0ce6db57600da9003c84bf83b0256b396ccb1e99ab9975001a7a8985391246a,d2l_methodology_corpus_origin_audit,1.0.0
ctx_d72570c9e0d6a16eed3d4320,document,d2l_optimization,d2l_optimization_lr_scheduler_b007,sentence_f1351f02c1b8d1a32749acc0,"```{.python .input}
%matplotlib inline
from d2l import mxnet as d2l
from mxnet import autograd, gluon, init, lr_scheduler, np, npx
from mxnet.gluon import nn
npx.set_np()

net = nn.HybridSequential()
net.add(nn.Conv2D(channels=6, kernel_size=5, padding=2, activation='relu'),
        nn.MaxPool2D(pool_size=2, strides=2),
        nn.Conv2D(channels=16, kernel_size=5, activation='relu'),
        nn.MaxPool2D(pool_size=2, strides=2),
        nn.Dense(120, activation='relu'),
        nn.Dense(84, activation='relu'),
        nn.Dense(10))
net.hybridize()
loss = gluon.loss.SoftmaxCrossEntropyLoss()
device = d2l.try_gpu()

batch_size = 256
train_iter, test_iter = d2l.load_data_fashion_mnist(batch_size=batch_size)

# The code is almost identical to `d2l.train_ch6` defined in the 
# lenet section of chapter convolutional neural networks
def train(net, train_iter, test_iter, num_epochs, loss, trainer, device):
    net.initialize(force_reinit=True, ctx=device, init=init.Xavier())
    animator = d2l.Animator(xlabel='epoch', xlim=[0, num_epochs],
                            legend=['train loss', 'train acc', 'test acc'])
    for epoch in range(num_epochs):
        metric = d2l.Accumulator(3)  # train_loss, train_acc, num_examples
        for i, (X, y) in enumerate(train_iter):
            X, y = X.as_in_ctx(device), y.as_in_ctx(device)
            with autograd.record():
                y_hat = net(X)
                l = loss(y_hat, y)
            l.backward()
            trainer.step(X.shape[0])
            metric.add(l.sum(), d2l.accuracy(y_hat, y), X.shape[0])
            train_loss = metric[0] / metric[2]
            train_acc = metric[1] / metric[2]
            if (i + 1) % 50 == 0:
                animator.add(epoch + i / len(train_iter),
                             (train_loss, train_acc, None))
        test_acc = d2l.evaluate_accuracy_gpu(net, test_iter)
        animator.add(epoch + 1, (None, None, test_acc))
    print(f'train loss {train_loss:.3f}, train acc {train_acc:.3f}, '
          f'test acc {test_acc:.3f}')
```",0,2049,809,838,c22620a96e3fbd97526f13ea9ccf508307d1175ea9bb8d3a5b6dfefb098a3f7f,CORPUS_EXTRACTED,EXACT_SOURCE_SUBSTRING,BACKUP,C1,d2lce_c4e87e5ee47d3e26ba618290,d2l_selected_campaign_scope_v1,PASS_CORPUS_EXTRACTED,"Exact source substring, hashes, provenance, and offsets verified.",False,True,ctx_d72570c9e0d6a16eed3d4320,9a9f94d826f0a115fbd6218e2e836416c9912e850410a4d4883925fd75c7ac4d,d2l_methodology_corpus_origin_audit,1.0.0
ctx_d73510d8bcc8b4db2d674358,document,d2l_computational_performance,d2l_computational_performance_multiple_gpus_concise_b006,sentence_b516e0a42690610a51f17a7a,"Moreover, we remove the maximum pooling layer.",391,437,32,45,c22620a96e3fbd97526f13ea9ccf508307d1175ea9bb8d3a5b6dfefb098a3f7f,CORPUS_EXTRACTED,EXACT_SOURCE_SUBSTRING,BACKUP,C2,d2lce_2b9f63478b6ef59511a4f930,d2l_selected_campaign_scope_v1,PASS_CORPUS_EXTRACTED,"Exact source substring, hashes, provenance, and offsets verified.",False,True,ctx_d73510d8bcc8b4db2d674358,7ed196359fda56500d023fd8e296117bceee5149205dd5060126b486a411afe2,d2l_methodology_corpus_origin_audit,1.0.0
ctx_d739879531fc4668a9d14f93,document,d2l_recurrent_modern,d2l_recurrent_modern_gru_b011,sentence_e82048f01e0ca1a6967473c3,"Then, the reset gate $\mathbf{R}_t \in \mathbb{R}^{n \times h}$ and update gate $\mathbf{Z}_t \in \mathbb{R}^{n \times h}$ are computed as follows:",301,448,68,79,c22620a96e3fbd97526f13ea9ccf508307d1175ea9bb8d3a5b6dfefb098a3f7f,CORPUS_EXTRACTED,EXACT_SOURCE_SUBSTRING,PRIMARY,C3,d2lce_a47c0fa6efae6f5b3c950575,d2l_selected_campaign_scope_v1,PASS_CORPUS_EXTRACTED,"Exact source substring, hashes, provenance, and offsets verified.",True,True,ctx_d739879531fc4668a9d14f93,e04a6ec0a1e44a3ea40b1f8d32d2e9c2738d5230718ec8bbd1a032b55c8f35cd,d2l_methodology_corpus_origin_audit,1.0.0
ctx_d78c176acb32ac55bfa5fc4f,document,d2l_optimization,d2l_optimization_convexity_b008,sentence_820de1fd618884a754652de7,### Convex Sets,0,15,4,15,c22620a96e3fbd97526f13ea9ccf508307d1175ea9bb8d3a5b6dfefb098a3f7f,CORPUS_EXTRACTED,EXACT_SOURCE_SUBSTRING,PRIMARY,C1,d2lce_9c874642b8c028465cfbb71e,d2l_selected_campaign_scope_v1,PASS_CORPUS_EXTRACTED,"Exact source substring, hashes, provenance, and offsets verified.",True,True,ctx_d78c176acb32ac55bfa5fc4f,39bbc1d25ce25b373d08c87ae97fd6e29ae9d335809a9536f239c926a14f67db,d2l_methodology_corpus_origin_audit,1.0.0
ctx_d8032e46013fa0aad8a8e8f9,document,d2l_notation,d2l_notation_index_b008,sentence_ccd68dd16a68a1e6a6cf0b7b,"* $f(\cdot)$: a function
* $\log(\cdot)$: the natural logarithm (base $e$)
* $\log_2(\cdot)$: logarithm with base $2$
* $\exp(\cdot)$: the exponential function
* $\mathbf{1}(\cdot)$: the indicator function, evaluates to $1$ if the boolean argument is true and $0$ otherwise
* $\mathbf{1}_{\mathcal{X}}(z)$: the set-membership indicator function, evaluates to $1$ if the element $z$ belongs to the set $\mathcal{X}$ and $0$ otherwise
* $\mathbf{(\cdot)}^\top$: transpose of a vector or a matrix
* $\mathbf{X}^{-1}$: inverse of matrix $\mathbf{X}$
* $\odot$: Hadamard (elementwise) product
* $[\cdot, \cdot]$: concatenation
* $\|\cdot\|_p$: $L_p$ norm
* $\|\cdot\|$: $L_2$ norm
* $\langle \mathbf{x}, \mathbf{y} \rangle$: dot product of vectors $\mathbf{x}$ and $\mathbf{y}$
* $\sum$: summation over a collection of elements
* $\prod$: product over a collection of elements
* $\stackrel{\mathrm{def}}{=}$: an equality asserted as a definition of the symbol on the left-hand side",0,976,645,649,c22620a96e3fbd97526f13ea9ccf508307d1175ea9bb8d3a5b6dfefb098a3f7f,CORPUS_EXTRACTED,EXACT_SOURCE_SUBSTRING,PRIMARY,C1,d2lce_3e633e212e54590ca20bfc99,d2l_selected_campaign_scope_v1,PASS_CORPUS_EXTRACTED,"Exact source substring, hashes, provenance, and offsets verified.",True,True,ctx_d8032e46013fa0aad8a8e8f9,27a929fddc0841cb31d8f4019a98d8e750eca2434b0da8d96da753b3096633d2,d2l_methodology_corpus_origin_audit,1.0.0
ctx_d84189ac843db03cf9cfdc82,document,d2l_deep_learning_computation,d2l_deep_learning_computation_custom_layer_b040,sentence_93fac594047cbaee3f1dc965,"* Once defined, custom layers can be invoked in arbitrary contexts and architectures.",167,252,58,66,c22620a96e3fbd97526f13ea9ccf508307d1175ea9bb8d3a5b6dfefb098a3f7f,CORPUS_EXTRACTED,EXACT_SOURCE_SUBSTRING,BACKUP,C3,d2lce_382e4bbab285d56a08249753,d2l_selected_campaign_scope_v1,PASS_CORPUS_EXTRACTED,"Exact source substring, hashes, provenance, and offsets verified.",False,True,ctx_d84189ac843db03cf9cfdc82,cf1b16b1063f96c268634172fc9427957aff23865102453fe2242d073d93ccf3,d2l_methodology_corpus_origin_audit,1.0.0
ctx_d86d6e76e7a6fb556d8b58fe,document,d2l_computer_vision,d2l_computer_vision_ssd_b007,sentence_e36d96d91f6f8c0d7eeadb6a,"![As a multiscale object detection model, single-shot multibox detection mainly consists of a base network followed by several multiscale feature map blocks.](../img/ssd.svg)
:label:`fig_ssd`",0,191,18,40,c22620a96e3fbd97526f13ea9ccf508307d1175ea9bb8d3a5b6dfefb098a3f7f,CORPUS_EXTRACTED,EXACT_SOURCE_SUBSTRING,PRIMARY,C4,d2lce_1cc990a2aa4f03a55ea8c851,d2l_selected_campaign_scope_v1,PASS_CORPUS_EXTRACTED,"Exact source substring, hashes, provenance, and offsets verified.",True,True,ctx_d86d6e76e7a6fb556d8b58fe,2cff74f45f87f562d957124a16cba16dbc09e42a095b1c6659affd6c0fc8dd07,d2l_methodology_corpus_origin_audit,1.0.0
ctx_d8aa0be85777a629e809fc47,document,d2l_recurrent_modern,d2l_recurrent_modern_machine_translation_and_dataset_b026,sentence_6e69be03fe37ba00be7bbc8d,"Besides,
we also record the length
of each text sequence excluding the padding tokens.",361,447,71,85,c22620a96e3fbd97526f13ea9ccf508307d1175ea9bb8d3a5b6dfefb098a3f7f,CORPUS_EXTRACTED,EXACT_SOURCE_SUBSTRING,BACKUP,C3,d2lce_b967af36e17c22a478eaed6d,d2l_selected_campaign_scope_v1,PASS_CORPUS_EXTRACTED,"Exact source substring, hashes, provenance, and offsets verified.",False,True,ctx_d8aa0be85777a629e809fc47,144139d69d46eff65baadd9e5f5b3cd5e7ce1c9b15feb20b641e043f10f69352,d2l_methodology_corpus_origin_audit,1.0.0
ctx_d8e44ad4ce4225eacb553a6a,document,d2l_linear_networks,d2l_linear_networks_linear_regression_b078,sentence_11bed5879138de41af35df62,"Thus, we can now write out the *likelihood*
of seeing a particular $y$ for a given $\mathbf{x}$ via",0,99,32,42,c22620a96e3fbd97526f13ea9ccf508307d1175ea9bb8d3a5b6dfefb098a3f7f,CORPUS_EXTRACTED,EXACT_SOURCE_SUBSTRING,PRIMARY,C1,d2lce_a1d9f9c783c09cc52dedbe55,d2l_selected_campaign_scope_v1,PASS_CORPUS_EXTRACTED,"Exact source substring, hashes, provenance, and offsets verified.",True,True,ctx_d8e44ad4ce4225eacb553a6a,d3614fd6dc9915f6c95217a467762953729fa33b04e00a515ab61cfd65fd83e8,d2l_methodology_corpus_origin_audit,1.0.0
ctx_d91ca38d8df2fb6f84356a08,document,d2l_deep_learning_computation,d2l_deep_learning_computation_custom_layer_b002,sentence_6634e9baa52a6da3411e776b,"In these cases, you must build a custom layer.",451,497,33,45,c22620a96e3fbd97526f13ea9ccf508307d1175ea9bb8d3a5b6dfefb098a3f7f,CORPUS_EXTRACTED,EXACT_SOURCE_SUBSTRING,PRIMARY,C1,d2lce_4d2b37402e25d2f56746ea23,d2l_selected_campaign_scope_v1,PASS_CORPUS_EXTRACTED,"Exact source substring, hashes, provenance, and offsets verified.",True,True,ctx_d91ca38d8df2fb6f84356a08,b133babe23c1f017155ab20846bbcd4aa52e1d4a0482c8e83d9ef3e19df19331,d2l_methodology_corpus_origin_audit,1.0.0
ctx_d91e676cce0a871ea754a783,document,d2l_computer_vision,d2l_computer_vision_transposed_conv_b041,sentence_8fdab7cc74352d5365e7fc4f,The transposed convolutional layer can just exchange the forward propagation function and the backpropagation function of the convolutional layer.,595,741,4,34,c22620a96e3fbd97526f13ea9ccf508307d1175ea9bb8d3a5b6dfefb098a3f7f,CORPUS_EXTRACTED,EXACT_SOURCE_SUBSTRING,PRIMARY,C4,d2lce_b63485c15ac13f80b0d98676,d2l_selected_campaign_scope_v1,PASS_CORPUS_EXTRACTED,"Exact source substring, hashes, provenance, and offsets verified.",True,True,ctx_d91e676cce0a871ea754a783,0c4ee9afe620f2bd11f09141f908fc34226694b5b07d4d0f0078e35e34fa92b8,d2l_methodology_corpus_origin_audit,1.0.0
ctx_d958615e5797dcf7dbebc74d,document,d2l_convolutional_neural_networks,d2l_convolutional_neural_networks_lenet_b002,sentence_211a28537c59cf1daa867381,"We now have all the ingredients required to assemble
a fully-functional CNN.",0,76,72,75,c22620a96e3fbd97526f13ea9ccf508307d1175ea9bb8d3a5b6dfefb098a3f7f,CORPUS_EXTRACTED,EXACT_SOURCE_SUBSTRING,PRIMARY,C1,d2lce_eba859df6c63311dce4a5eb7,d2l_selected_campaign_scope_v1,PASS_CORPUS_EXTRACTED,"Exact source substring, hashes, provenance, and offsets verified.",True,True,ctx_d958615e5797dcf7dbebc74d,c09a1d6631c15a069b4a24a9a65d752861f366ac594d629b6059f0154f63a635,d2l_methodology_corpus_origin_audit,1.0.0
ctx_d97ae77a3b700998ac63cadd,document,d2l_recurrent_modern,d2l_recurrent_modern_lstm_b038,sentence_95d3eecd0e190204ceeb33f8,"```{.python .input}
#@tab pytorch
def get_lstm_params(vocab_size, num_hiddens, device):
    num_inputs = num_outputs = vocab_size

    def normal(shape):
        return torch.randn(size=shape, device=device)*0.01

    def three():
        return (normal((num_inputs, num_hiddens)),
                normal((num_hiddens, num_hiddens)),
                d2l.zeros(num_hiddens, device=device))

    W_xi, W_hi, b_i = three()  # Input gate parameters
    W_xf, W_hf, b_f = three()  # Forget gate parameters
    W_xo, W_ho, b_o = three()  # Output gate parameters
    W_xc, W_hc, b_c = three()  # Candidate memory cell parameters
    # Output layer parameters
    W_hq = normal((num_hiddens, num_outputs))
    b_q = d2l.zeros(num_outputs, device=device)
    # Attach gradients
    params = [W_xi, W_hi, b_i, W_xf, W_hf, b_f, W_xo, W_ho, b_o, W_xc, W_hc,
              b_c, W_hq, b_q]
    for param in params:
        param.requires_grad_(True)
    return params
```",0,958,423,433,c22620a96e3fbd97526f13ea9ccf508307d1175ea9bb8d3a5b6dfefb098a3f7f,CORPUS_EXTRACTED,EXACT_SOURCE_SUBSTRING,BACKUP,C1,d2lce_c6c1c6e96c39b88a9f94e8d9,d2l_selected_campaign_scope_v1,PASS_CORPUS_EXTRACTED,"Exact source substring, hashes, provenance, and offsets verified.",False,True,ctx_d97ae77a3b700998ac63cadd,e318cbf19e59e1c93722717020704103d0f43a3592699cb83be196a0a9d0fdff,d2l_methodology_corpus_origin_audit,1.0.0
ctx_d988f2e78cbcb34054757424,document,d2l_preliminaries,d2l_preliminaries_calculus_b005,sentence_17dd7c0f85748028485f793a,"Thus we can decompose the task of fitting models into two key concerns:
(i) *optimization*: the process of fitting our models to observed data;
(ii) *generalization*: the mathematical principles and practitioners' wisdom
that guide as to how to produce models whose validity extends
beyond the exact set of data examples used to train them.",479,819,150,164,c22620a96e3fbd97526f13ea9ccf508307d1175ea9bb8d3a5b6dfefb098a3f7f,CORPUS_EXTRACTED,EXACT_SOURCE_SUBSTRING,PRIMARY,C2,d2lce_22496a6fabe26e046ad5d5ac,d2l_selected_campaign_scope_v1,PASS_CORPUS_EXTRACTED,"Exact source substring, hashes, provenance, and offsets verified.",True,True,ctx_d988f2e78cbcb34054757424,4fb9eb9fcb3167dbe2efa089f0453bfdc5a7701cd866abf4b57cbc18c59be32f,d2l_methodology_corpus_origin_audit,1.0.0
ctx_d9d4e1e8372876c3a0bf9c2f,document,d2l_optimization,d2l_optimization_sgd_b022,sentence_53a61a61ded65dc9b3fe6133,"That is, even when we arrive near the minimum, we are still subject to the uncertainty injected by the instantaneous gradient via $\eta \nabla f_i(\mathbf{x})$.",221,381,75,86,c22620a96e3fbd97526f13ea9ccf508307d1175ea9bb8d3a5b6dfefb098a3f7f,CORPUS_EXTRACTED,EXACT_SOURCE_SUBSTRING,BACKUP,C3,d2lce_73dbe839de3f1d00bf1226f0,d2l_selected_campaign_scope_v1,PASS_CORPUS_EXTRACTED,"Exact source substring, hashes, provenance, and offsets verified.",False,True,ctx_d9d4e1e8372876c3a0bf9c2f,86ce11915f86e7d69b3ca5163f36eb86030c8b2f62dbd411ce2d23a78e98cc2d,d2l_methodology_corpus_origin_audit,1.0.0
ctx_d9da221e4355bc0151ecdeae,document,d2l_appendix_tools_for_deep_learning,d2l_appendix_tools_for_deep_learning_contributing_b002,sentence_d5252c0685df518ee9048265,This is all possible due to version control and continuous integration testing.,511,590,59,70,c22620a96e3fbd97526f13ea9ccf508307d1175ea9bb8d3a5b6dfefb098a3f7f,CORPUS_EXTRACTED,EXACT_SOURCE_SUBSTRING,UNSELECTED,NONE,d2lce_9372cdb5752db6ba6fa38fbd,d2l_selected_campaign_scope_v1,PASS_CORPUS_EXTRACTED,"Exact source substring, hashes, provenance, and offsets verified.",False,False,ctx_d9da221e4355bc0151ecdeae,a88a931295215e648bb965ffad82048dd9034d1012d467e49aaa413af2f1211c,d2l_methodology_corpus_origin_audit,1.0.0
ctx_d9e926841554c7c006b73e6d,document,d2l_convolutional_modern,d2l_convolutional_modern_batch_norm_b006,sentence_c7ead263263061c562e8d1b9,"The inventors of batch normalization postulated informally
that this drift in the distribution of such variables could hamper the convergence of the network.",320,477,82,94,c22620a96e3fbd97526f13ea9ccf508307d1175ea9bb8d3a5b6dfefb098a3f7f,CORPUS_EXTRACTED,EXACT_SOURCE_SUBSTRING,PRIMARY,C4,d2lce_c47822c187c02e12aa499ec6,d2l_selected_campaign_scope_v1,PASS_CORPUS_EXTRACTED,"Exact source substring, hashes, provenance, and offsets verified.",True,True,ctx_d9e926841554c7c006b73e6d,ffd3af31f47caa29b7d9e8b1731f2d230c78ae5b5d5ac6eba3b3a7a2c293084c,d2l_methodology_corpus_origin_audit,1.0.0
ctx_da18a43d55f851433ec66477,document,d2l_computational_performance,d2l_computational_performance_auto_parallelism_b003,sentence_9170006961308839bc983b50,"Typically, a single operator will use all the computational resources on all CPUs or on a single GPU.",0,101,90,100,c22620a96e3fbd97526f13ea9ccf508307d1175ea9bb8d3a5b6dfefb098a3f7f,CORPUS_EXTRACTED,EXACT_SOURCE_SUBSTRING,BACKUP,C1,d2lce_e014da89e120449f8881dd5b,d2l_selected_campaign_scope_v1,PASS_CORPUS_EXTRACTED,"Exact source substring, hashes, provenance, and offsets verified.",False,True,ctx_da18a43d55f851433ec66477,1ba31d3279cfebdde06e3928fd4a20394c17ebb98c07e0ddcc428d5f3aa9f691,d2l_methodology_corpus_origin_audit,1.0.0
ctx_da8d72d320801f2f4f91758b,document,d2l_natural_language_processing_pretraining,d2l_natural_language_processing_pretraining_word_embedding_dataset_b032,sentence_78dcfe18aae4a8f6f9312180,"```{.python .input}
#@tab all
#@save
class RandomGenerator:
    """"""Randomly draw among {1, ..., n} according to n sampling weights.""""""
    def __init__(self, sampling_weights):
        # Exclude 
        self.population = list(range(1, len(sampling_weights) + 1))
        self.sampling_weights = sampling_weights
        self.candidates = []
        self.i = 0

    def draw(self):
        if self.i == len(self.candidates):
            # Cache `k` random sampling results
            self.candidates = random.choices(
                self.population, self.sampling_weights, k=10000)
            self.i = 0
        self.i += 1
        return self.candidates[self.i - 1]
```",0,673,209,219,c22620a96e3fbd97526f13ea9ccf508307d1175ea9bb8d3a5b6dfefb098a3f7f,CORPUS_EXTRACTED,EXACT_SOURCE_SUBSTRING,UNSELECTED,NONE,d2lce_b0fd0234a2a3049734e8011c,d2l_selected_campaign_scope_v1,PASS_CORPUS_EXTRACTED,"Exact source substring, hashes, provenance, and offsets verified.",False,False,ctx_da8d72d320801f2f4f91758b,e510c931044740e4956e584ed4546a503360380ce813459cb9db3fb74c347373,d2l_methodology_corpus_origin_audit,1.0.0
ctx_daa159ed8725f271c864051c,document,d2l_appendix_mathematics_for_deep_learning,d2l_appendix_mathematics_for_deep_learning_statistics_b034,sentence_83fb7592bd8ac948e2a662a3,"Since the standard deviation of an estimator has been implementing by simply calling `a.std()` for a tensor `a`, we will skip it but implement the statistical bias and the mean squared error.",0,191,147,163,c22620a96e3fbd97526f13ea9ccf508307d1175ea9bb8d3a5b6dfefb098a3f7f,CORPUS_EXTRACTED,EXACT_SOURCE_SUBSTRING,BACKUP,C1,d2lce_b5d6207f8142a696435e27e0,d2l_selected_campaign_scope_v1,PASS_CORPUS_EXTRACTED,"Exact source substring, hashes, provenance, and offsets verified.",False,True,ctx_daa159ed8725f271c864051c,38db388b255ceacb4eb97b2a8cd545a8c72166e00e2952cf44ab20fb2f0ed8ac,d2l_methodology_corpus_origin_audit,1.0.0
ctx_dabb91193e9646a54768ead2,document,d2l_multilayer_perceptrons,d2l_multilayer_perceptrons_dropout_b023,sentence_25f5bd089b9a7981c354b622,"However, there are some exceptions:
some researchers use dropout at test time as a heuristic
for estimating the *uncertainty* of neural network predictions:
if the predictions agree across many different dropout masks,
then we might say that the network is more confident.",149,421,113,124,c22620a96e3fbd97526f13ea9ccf508307d1175ea9bb8d3a5b6dfefb098a3f7f,CORPUS_EXTRACTED,EXACT_SOURCE_SUBSTRING,PRIMARY,C3,d2lce_73dbe839de3f1d00bf1226f0,d2l_selected_campaign_scope_v1,PASS_CORPUS_EXTRACTED,"Exact source substring, hashes, provenance, and offsets verified.",True,True,ctx_dabb91193e9646a54768ead2,2267a31407e121adcb87b38fe11662205980dfc85fd1410640ebb654fe6d221f,d2l_methodology_corpus_origin_audit,1.0.0
ctx_dae4dda67205c6e9b5831f82,document,d2l_installation,d2l_installation_index_b038,sentence_078075bb2cd028abff9e13a1,"You can check this by running `nvcc --version` 
or `cat /usr/local/cuda/version.txt`.",65,150,67,71,c22620a96e3fbd97526f13ea9ccf508307d1175ea9bb8d3a5b6dfefb098a3f7f,CORPUS_EXTRACTED,EXACT_SOURCE_SUBSTRING,PRIMARY,C3,d2lce_ebd36388b50538b928ebbb4a,d2l_selected_campaign_scope_v1,PASS_CORPUS_EXTRACTED,"Exact source substring, hashes, provenance, and offsets verified.",True,True,ctx_dae4dda67205c6e9b5831f82,0ed7bfa44179dd73d3f9480d6adec37e833028fdc06d8dfb292bada0a4c22630,d2l_methodology_corpus_origin_audit,1.0.0
ctx_db36af02cb86a821cf97f72d,document,d2l_installation,d2l_installation_index_b033,sentence_047b28514990fc0914794f52,"```bash
jupyter notebook
```",0,28,8,24,c22620a96e3fbd97526f13ea9ccf508307d1175ea9bb8d3a5b6dfefb098a3f7f,CORPUS_EXTRACTED,EXACT_SOURCE_SUBSTRING,PRIMARY,C4,d2lce_1a91fdded89249a5cd89ec14,d2l_selected_campaign_scope_v1,PASS_CORPUS_EXTRACTED,"Exact source substring, hashes, provenance, and offsets verified.",True,True,ctx_db36af02cb86a821cf97f72d,4f369159c1159c99eccf708eb2204930806f8b2c2030c8814c3a59ad33ab06ff,d2l_methodology_corpus_origin_audit,1.0.0
ctx_db5da8d2cb5b6ed6e11f95de,document,d2l_recommender_systems,d2l_recommender_systems_ranking_b009,sentence_b6b1282f4c38cc8ed227e886,"$$
\begin{aligned}
\text{BPR-OPT} : &= \ln p(\Theta \mid >_u) \\
         & \propto \ln p(>_u \mid \Theta) p(\Theta) \\
         &= \ln \prod_{(u, i, j \in D)} \sigma(\hat{y}_{ui} - \hat{y}_{uj}) p(\Theta) \\
         &= \sum_{(u, i, j \in D)} \ln \sigma(\hat{y}_{ui} - \hat{y}_{uj}) + \ln p(\Theta) \\
         &= \sum_{(u, i, j \in D)} \ln \sigma(\hat{y}_{ui} - \hat{y}_{uj}) - \lambda_\Theta \|\Theta \|^2
\end{aligned}
$$",0,425,25,28,c22620a96e3fbd97526f13ea9ccf508307d1175ea9bb8d3a5b6dfefb098a3f7f,CORPUS_EXTRACTED,EXACT_SOURCE_SUBSTRING,BACKUP,C2,d2lce_0dbb5a3cc045f69a43d09a7a,d2l_selected_campaign_scope_v1,PASS_CORPUS_EXTRACTED,"Exact source substring, hashes, provenance, and offsets verified.",False,True,ctx_db5da8d2cb5b6ed6e11f95de,ba458f5d81cb5dcd1522bb58e28556ff422963fb5bc3ecdf93381226edf35c35,d2l_methodology_corpus_origin_audit,1.0.0
ctx_db7608ae418801ae81a4cf5c,document,d2l_preface,d2l_preface_index_b003,sentence_cff7df59ea4a4b2c9b1a9d1b,"In just the past five years, deep learning has taken the world by surprise,
driving rapid progress in such diverse fields 
as computer vision, natural language processing, 
automatic speech recognition, reinforcement learning, 
and biomedical informatics.",0,255,143,170,c22620a96e3fbd97526f13ea9ccf508307d1175ea9bb8d3a5b6dfefb098a3f7f,CORPUS_EXTRACTED,EXACT_SOURCE_SUBSTRING,PRIMARY,C2,d2lce_609638f74bc5b32d32469bbc,d2l_selected_campaign_scope_v1,PASS_CORPUS_EXTRACTED,"Exact source substring, hashes, provenance, and offsets verified.",True,True,ctx_db7608ae418801ae81a4cf5c,38d8e120fef96c5307967e4eeaac074f77087d4c7c0ad4fd54f62b8159c88f6d,d2l_methodology_corpus_origin_audit,1.0.0
ctx_dc0382ebdca048c1b0714c3e,document,d2l_multilayer_perceptrons,d2l_multilayer_perceptrons_underfit_overfit_b007,sentence_c41be658f7a6649ed121545a,## Training Error and Generalization Error,0,42,22,42,c22620a96e3fbd97526f13ea9ccf508307d1175ea9bb8d3a5b6dfefb098a3f7f,CORPUS_EXTRACTED,EXACT_SOURCE_SUBSTRING,PRIMARY,C1,d2lce_9199c3ba27076b186a42df23,d2l_selected_campaign_scope_v1,PASS_CORPUS_EXTRACTED,"Exact source substring, hashes, provenance, and offsets verified.",True,True,ctx_dc0382ebdca048c1b0714c3e,b30929ca12837d31de6ecd14e28fba50f8b0b0dd33684318bb263dc0b4e160c6,d2l_methodology_corpus_origin_audit,1.0.0
ctx_dc5cb3bfdafeb7c4a403e8a9,document,d2l_recurrent_neural_networks,d2l_recurrent_neural_networks_language_models_and_dataset_b051,sentence_d9ab5b65dfd5d3f03b039275,"With a minibatch size of 2, we only get 3 minibatches.",238,292,7,21,c22620a96e3fbd97526f13ea9ccf508307d1175ea9bb8d3a5b6dfefb098a3f7f,CORPUS_EXTRACTED,EXACT_SOURCE_SUBSTRING,PRIMARY,C1,d2lce_152a9bcc9b8b5f6cc5586c54,d2l_selected_campaign_scope_v1,PASS_CORPUS_EXTRACTED,"Exact source substring, hashes, provenance, and offsets verified.",True,True,ctx_dc5cb3bfdafeb7c4a403e8a9,cb660bae885e2b35f411752eb8bb6356afde4022a9c4bc18c128d0263d4e3ae1,d2l_methodology_corpus_origin_audit,1.0.0
ctx_dc63ee4d41dfd51ccd1fb78f,document,d2l_computational_performance,d2l_computational_performance_async_computation_b014,sentence_374081957708be44aec706d4,"```{.python .input}
#@tab pytorch
with d2l.Benchmark():
    for _ in range(10):
        a = torch.randn(size=(1000, 1000), device=device)
        b = torch.mm(a, a)
    torch.cuda.synchronize(device)
```",0,203,180,191,c22620a96e3fbd97526f13ea9ccf508307d1175ea9bb8d3a5b6dfefb098a3f7f,CORPUS_EXTRACTED,EXACT_SOURCE_SUBSTRING,BACKUP,C1,d2lce_1edc567804c90f134219a8f0,d2l_selected_campaign_scope_v1,PASS_CORPUS_EXTRACTED,"Exact source substring, hashes, provenance, and offsets verified.",False,True,ctx_dc63ee4d41dfd51ccd1fb78f,83b10579e387d6fb5ab412f22240f43a55209cbf96e3164d280ddcf100e424df,d2l_methodology_corpus_origin_audit,1.0.0
ctx_dcc02d9a71dc0b1466d0d8f2,document,d2l_multilayer_perceptrons,d2l_multilayer_perceptrons_environment_b021,sentence_6cbe928043a7495480bdfd4b,"![Concept shift on soft drink names in the United States.](../img/popvssoda.png)
:width:`400px`
:label:`fig_popvssoda`",0,118,2,15,c22620a96e3fbd97526f13ea9ccf508307d1175ea9bb8d3a5b6dfefb098a3f7f,CORPUS_EXTRACTED,EXACT_SOURCE_SUBSTRING,BACKUP,C2,d2lce_6239b2ef1cec1800e3d6f13f,d2l_selected_campaign_scope_v1,PASS_CORPUS_EXTRACTED,"Exact source substring, hashes, provenance, and offsets verified.",False,True,ctx_dcc02d9a71dc0b1466d0d8f2,e6cfc986139e62ea4eb0fde890c6546cf96c6bb5b2565e11f4c3ac551568b665,d2l_methodology_corpus_origin_audit,1.0.0
ctx_dcc2558c83757b30c8a58c12,document,d2l_appendix_mathematics_for_deep_learning,d2l_appendix_mathematics_for_deep_learning_random_variables_b002,sentence_66e5c5fb8607b702d5e007b8,"In :numref:`sec_prob` we saw the basics of how to work with discrete random variables, which in our case refer to those random variables which take either a finite set of possible values, or the integers.",0,204,60,85,c22620a96e3fbd97526f13ea9ccf508307d1175ea9bb8d3a5b6dfefb098a3f7f,CORPUS_EXTRACTED,EXACT_SOURCE_SUBSTRING,PRIMARY,C4,d2lce_e1a7c8e04c91b48272b3b5ee,d2l_selected_campaign_scope_v1,PASS_CORPUS_EXTRACTED,"Exact source substring, hashes, provenance, and offsets verified.",True,True,ctx_dcc2558c83757b30c8a58c12,e283223d450c01ab2deb9646caf1168831f4bd779e99078441819fe388e55d49,d2l_methodology_corpus_origin_audit,1.0.0
ctx_dcce5005701acc61787285d0,document,d2l_preface,d2l_preface_index_b022,sentence_d9a3b4c3a07fa95181b93414,"In :numref:`chap_attention`, 
we introduce a relatively new class of models
based on so-called attention mechanisms
that has displaced RNNs as the dominant architecture
for most natural language processing tasks.",686,898,95,104,c22620a96e3fbd97526f13ea9ccf508307d1175ea9bb8d3a5b6dfefb098a3f7f,CORPUS_EXTRACTED,EXACT_SOURCE_SUBSTRING,PRIMARY,C1,d2lce_4a5f20bb32b66b1f07d9f37a,d2l_selected_campaign_scope_v1,PASS_CORPUS_EXTRACTED,"Exact source substring, hashes, provenance, and offsets verified.",True,True,ctx_dcce5005701acc61787285d0,f21f6d602effa58b2721a43c2f1edc1cab5fc69ffb7a8469e87f244d982b053d,d2l_methodology_corpus_origin_audit,1.0.0
ctx_dd4385b29dac92b049208df2,document,d2l_preliminaries,d2l_preliminaries_ndarray_b091,sentence_6ac6741d11801924cda1cb4a,"Typically, we will want to perform these updates *in place*.",246,306,50,58,c22620a96e3fbd97526f13ea9ccf508307d1175ea9bb8d3a5b6dfefb098a3f7f,CORPUS_EXTRACTED,EXACT_SOURCE_SUBSTRING,BACKUP,C1,d2lce_2684090fd4500122fec2a334,d2l_selected_campaign_scope_v1,PASS_CORPUS_EXTRACTED,"Exact source substring, hashes, provenance, and offsets verified.",False,True,ctx_dd4385b29dac92b049208df2,67c5c69d2702cf2bb3a8809c42c932bc8ec897e84581b2f44a318d7758563c97,d2l_methodology_corpus_origin_audit,1.0.0
ctx_dd876433a4a31b49da5e3474,document,d2l_computational_performance,d2l_computational_performance_multiple_gpus_b026,sentence_5787e8601d4923ddde8b11ae,For efficient multi-GPU training we need two basic operations.,0,62,14,32,c22620a96e3fbd97526f13ea9ccf508307d1175ea9bb8d3a5b6dfefb098a3f7f,CORPUS_EXTRACTED,EXACT_SOURCE_SUBSTRING,PRIMARY,C3,d2lce_6898a7f7f35ca368f75fda48,d2l_selected_campaign_scope_v1,PASS_CORPUS_EXTRACTED,"Exact source substring, hashes, provenance, and offsets verified.",True,True,ctx_dd876433a4a31b49da5e3474,340352bacb8614bc244ba356a963047b3cf6fd1b282e36eed960b9f8c51bf4b5,d2l_methodology_corpus_origin_audit,1.0.0
ctx_ddc48912aae8d4e18d86b760,document,d2l_appendix_mathematics_for_deep_learning,d2l_appendix_mathematics_for_deep_learning_random_variables_b055,sentence_db31d642ac437bba15285c17,"In this example, we see one of the benefits of working with the c.d.f., the ability to deal with continuous or discrete random variables in the same framework, or indeed mixtures of the two (flip a coin: if heads return the roll of a die, if tails return the distance of a dart throw from the center of a dart board).",0,317,111,136,c22620a96e3fbd97526f13ea9ccf508307d1175ea9bb8d3a5b6dfefb098a3f7f,CORPUS_EXTRACTED,EXACT_SOURCE_SUBSTRING,BACKUP,C5,d2lce_e1a7c8e04c91b48272b3b5ee,d2l_selected_campaign_scope_v1,PASS_CORPUS_EXTRACTED,"Exact source substring, hashes, provenance, and offsets verified.",False,True,ctx_ddc48912aae8d4e18d86b760,e628905255a3e0f4e4288dd54188a681fc034c4d113fbd00e09d8e631a78083e,d2l_methodology_corpus_origin_audit,1.0.0
ctx_de10a7bd62da5f1e825f4704,document,d2l_preface,d2l_preface_index_b013,sentence_85b2c60adbf9dea1f0f837bf,"For example, Chris Bishop's excellent textbook :cite:`Bishop.2006`,
teaches each topic so thoroughly
that getting to the chapter
on linear regression requires 
a non-trivial amount of work.",84,273,132,149,c22620a96e3fbd97526f13ea9ccf508307d1175ea9bb8d3a5b6dfefb098a3f7f,CORPUS_EXTRACTED,EXACT_SOURCE_SUBSTRING,PRIMARY,C3,d2lce_d8d3db5e12791f4de99286be,d2l_selected_campaign_scope_v1,PASS_CORPUS_EXTRACTED,"Exact source substring, hashes, provenance, and offsets verified.",True,True,ctx_de10a7bd62da5f1e825f4704,df65dc1bf8adf6c635db00caf0487f22da37e5238de3fcd2fef23cf4fb50e454,d2l_methodology_corpus_origin_audit,1.0.0
ctx_de121275094e0872769613f6,document,d2l_deep_learning_computation,d2l_deep_learning_computation_model_construction_b009,sentence_1e0c84ddc22e5eb39771f10f,"```{.python .input}
from mxnet import np, npx
from mxnet.gluon import nn
npx.set_np()

net = nn.Sequential()
net.add(nn.Dense(256, activation='relu'))
net.add(nn.Dense(10))
net.initialize()

X = np.random.uniform(size=(2, 20))
net(X)
```",0,237,96,106,c22620a96e3fbd97526f13ea9ccf508307d1175ea9bb8d3a5b6dfefb098a3f7f,CORPUS_EXTRACTED,EXACT_SOURCE_SUBSTRING,PRIMARY,C4,d2lce_40a50503f2fdc79aa0a549fc,d2l_selected_campaign_scope_v1,PASS_CORPUS_EXTRACTED,"Exact source substring, hashes, provenance, and offsets verified.",True,True,ctx_de121275094e0872769613f6,a604430c1b84725a4cc9b877268aba9df0baddc9fc15e1e8fd1dfa334d3ca640,d2l_methodology_corpus_origin_audit,1.0.0
ctx_de666609a3f80804219b8277,document,d2l_natural_language_processing_pretraining,d2l_natural_language_processing_pretraining_bert_b022,sentence_3e9f8164e368afe9c9bd722b,"However, different from the original transformer encoder,
BERT uses *learnable* positional embeddings.",185,287,80,101,c22620a96e3fbd97526f13ea9ccf508307d1175ea9bb8d3a5b6dfefb098a3f7f,CORPUS_EXTRACTED,EXACT_SOURCE_SUBSTRING,PRIMARY,C2,d2lce_d96258f97579b9b414c21815,d2l_selected_campaign_scope_v1,PASS_CORPUS_EXTRACTED,"Exact source substring, hashes, provenance, and offsets verified.",True,True,ctx_de666609a3f80804219b8277,3489b97e5bfde49a2ad8f53943a71487137a7d496fbf3e96044028989f875bb6,d2l_methodology_corpus_origin_audit,1.0.0
ctx_deac78418a7fa068946c9bc4,document,d2l_multilayer_perceptrons,d2l_multilayer_perceptrons_mlp_b015,sentence_476ca9b318e5e147d0d343d2,"As before, by the matrix $\mathbf{X} \in \mathbb{R}^{n \times d}$,
we denote a minibatch of $n$ examples where each example has $d$ inputs (features).",0,150,79,88,c22620a96e3fbd97526f13ea9ccf508307d1175ea9bb8d3a5b6dfefb098a3f7f,CORPUS_EXTRACTED,EXACT_SOURCE_SUBSTRING,PRIMARY,C1,d2lce_04b7107b328dedc7c1f9af65,d2l_selected_campaign_scope_v1,PASS_CORPUS_EXTRACTED,"Exact source substring, hashes, provenance, and offsets verified.",True,True,ctx_deac78418a7fa068946c9bc4,5e39f272fcc4f2e5928855a9be0cce3f94914d49d248b45efde34a17bd8048d4,d2l_methodology_corpus_origin_audit,1.0.0
ctx_deae144867e9bfadbffe6cf7,document,d2l_computer_vision,d2l_computer_vision_neural_style_b001,sentence_8d87968228d28ede8b11b2a0,# Neural Style Transfer,0,23,9,23,c22620a96e3fbd97526f13ea9ccf508307d1175ea9bb8d3a5b6dfefb098a3f7f,CORPUS_EXTRACTED,EXACT_SOURCE_SUBSTRING,PRIMARY,C1,d2lce_041add3a2f3aa452408a5384,d2l_selected_campaign_scope_v1,PASS_CORPUS_EXTRACTED,"Exact source substring, hashes, provenance, and offsets verified.",True,True,ctx_deae144867e9bfadbffe6cf7,c4543f4219b9df5c243d5f3ae1395ae81648182533380e0882ba98983b076c8c,d2l_methodology_corpus_origin_audit,1.0.0
ctx_decede697ad47b1366644611,document,d2l_deep_learning_computation,d2l_deep_learning_computation_parameters_b082,sentence_9dd0cf3c6dd3a3c42043f8b7,"```{.python .input}
#@tab tensorflow
# tf.keras behaves a bit differently.",0,74,58,61,c22620a96e3fbd97526f13ea9ccf508307d1175ea9bb8d3a5b6dfefb098a3f7f,CORPUS_EXTRACTED,EXACT_SOURCE_SUBSTRING,BACKUP,C3,d2lce_53c32398310471fac3dacf35,d2l_selected_campaign_scope_v1,PASS_CORPUS_EXTRACTED,"Exact source substring, hashes, provenance, and offsets verified.",False,True,ctx_decede697ad47b1366644611,5a0ae09c73bd4607de6b0998aa25efaa9b47e524046ca2c9c40b3ba62dbc305b,d2l_methodology_corpus_origin_audit,1.0.0
ctx_df035bcc5db7501785c43a7e,document,d2l_installation,d2l_installation_index_b038,sentence_b08a2b22e6f49c2b7dd6af9f,We now need to find out what version of CUDA you have installed.,0,64,40,44,c22620a96e3fbd97526f13ea9ccf508307d1175ea9bb8d3a5b6dfefb098a3f7f,CORPUS_EXTRACTED,EXACT_SOURCE_SUBSTRING,PRIMARY,C2,d2lce_ebd36388b50538b928ebbb4a,d2l_selected_campaign_scope_v1,PASS_CORPUS_EXTRACTED,"Exact source substring, hashes, provenance, and offsets verified.",True,True,ctx_df035bcc5db7501785c43a7e,890fa5c450ec9bf15ce044cc774a321836a71cf0ab8c66a34d10bf5a9cf1b707,d2l_methodology_corpus_origin_audit,1.0.0
ctx_df2876c9d5c03af64137057f,document,d2l_attention_mechanisms,d2l_attention_mechanisms_nadaraya_watson_b072,sentence_ce6b7f727c3f5a5f48abd883,"```{.python .input}
#@tab pytorch
net = NWKernelRegression()
loss = nn.MSELoss(reduction='none')
trainer = torch.optim.SGD(net.parameters(), lr=0.5)
animator = d2l.Animator(xlabel='epoch', ylabel='loss', xlim=[1, 5])

for epoch in range(5):
    trainer.zero_grad()
    l = loss(net(x_train, keys, values), y_train)
    l.sum().backward()
    trainer.step()
    print(f'epoch {epoch + 1}, loss {float(l.sum()):.6f}')
    animator.add(epoch + 1, float(l.sum()))
```",0,463,79,88,c22620a96e3fbd97526f13ea9ccf508307d1175ea9bb8d3a5b6dfefb098a3f7f,CORPUS_EXTRACTED,EXACT_SOURCE_SUBSTRING,BACKUP,C3,d2lce_fa115d4c3a8140d91339df15,d2l_selected_campaign_scope_v1,PASS_CORPUS_EXTRACTED,"Exact source substring, hashes, provenance, and offsets verified.",False,True,ctx_df2876c9d5c03af64137057f,31649f4fc3203aeab130b56e9a2384cbd10457d10e3f502852fca4287b15fa9f,d2l_methodology_corpus_origin_audit,1.0.0
ctx_df53f1201adeb15694c788d5,document,d2l_optimization,d2l_optimization_lr_scheduler_b055,sentence_41cc56a427d9a1deb18df9c8,A rather simple fix for this dilemma is to use a warmup period during which the learning rate *increases* to its initial maximum and to cool down the rate until the end of the optimization process.,0,197,49,55,c22620a96e3fbd97526f13ea9ccf508307d1175ea9bb8d3a5b6dfefb098a3f7f,CORPUS_EXTRACTED,EXACT_SOURCE_SUBSTRING,PRIMARY,C1,d2lce_6f3afd43e74e8d70778dc0c8,d2l_selected_campaign_scope_v1,PASS_CORPUS_EXTRACTED,"Exact source substring, hashes, provenance, and offsets verified.",True,True,ctx_df53f1201adeb15694c788d5,699b773d7ff3a0a50164b2d25ed11b24d33fdb26c07d705b8a4e7f58a3137642,d2l_methodology_corpus_origin_audit,1.0.0
ctx_df998c3c68076fd4dfeea859,document,d2l_recurrent_modern,d2l_recurrent_modern_lstm_b027,sentence_3462d9327f61fa14ef00bdd8,"Whenever the output gate approximates 1 we effectively pass all memory information through to the predictor, whereas for the output gate close to 0 we retain all the information only within the memory cell and perform no further processing.",0,240,13,24,c22620a96e3fbd97526f13ea9ccf508307d1175ea9bb8d3a5b6dfefb098a3f7f,CORPUS_EXTRACTED,EXACT_SOURCE_SUBSTRING,PRIMARY,C1,d2lce_c6b4477a845e2e0e0e02f088,d2l_selected_campaign_scope_v1,PASS_CORPUS_EXTRACTED,"Exact source substring, hashes, provenance, and offsets verified.",True,True,ctx_df998c3c68076fd4dfeea859,c32234a10dbf83f22539073503b041dcd587612a869bdb9195b9074736f5eee1,d2l_methodology_corpus_origin_audit,1.0.0
ctx_e05b549ae3fe27be9cac0d99,document,d2l_multilayer_perceptrons,d2l_multilayer_perceptrons_underfit_overfit_b073,sentence_00331ea712ee158b46990eb1,"After the last epoch iteration has been completed,
the training loss is still high.",157,240,21,30,c22620a96e3fbd97526f13ea9ccf508307d1175ea9bb8d3a5b6dfefb098a3f7f,CORPUS_EXTRACTED,EXACT_SOURCE_SUBSTRING,PRIMARY,C2,d2lce_c3c46748b1a49e32c07ca9d7,d2l_selected_campaign_scope_v1,PASS_CORPUS_EXTRACTED,"Exact source substring, hashes, provenance, and offsets verified.",True,True,ctx_e05b549ae3fe27be9cac0d99,ca8322ffbc66194f0148b444df17bb270cd1b2773bbd889464237548027d7989,d2l_methodology_corpus_origin_audit,1.0.0
ctx_e066da075985b1450c0cd804,document,d2l_convolutional_neural_networks,d2l_convolutional_neural_networks_index_b005,sentence_27f3e0ec9d14cbd6108f4db0,"These include the convolutional layers themselves,
nitty-gritty details including padding and stride,
the pooling layers used to aggregate information
across adjacent spatial regions,
the use of multiple channels  at each layer,
and a careful discussion of the structure of modern architectures.",107,402,204,212,c22620a96e3fbd97526f13ea9ccf508307d1175ea9bb8d3a5b6dfefb098a3f7f,CORPUS_EXTRACTED,EXACT_SOURCE_SUBSTRING,PRIMARY,C1,d2lce_270e1a75bb70807d9c2dd507,d2l_selected_campaign_scope_v1,PASS_CORPUS_EXTRACTED,"Exact source substring, hashes, provenance, and offsets verified.",True,True,ctx_e066da075985b1450c0cd804,36c1c5fd649bca69b3149222c774242001cf01b7c09c018f75792db45b458890,d2l_methodology_corpus_origin_audit,1.0.0
ctx_e103354145e998be1861c7f8,document,d2l_convolutional_modern,d2l_convolutional_modern_index_b005,sentence_cd1a326ff14e4050a47fb36d,"```toc
:maxdepth: 2

alexnet
vgg
nin
googlenet
batch-norm
resnet
densenet
```",0,77,65,73,c22620a96e3fbd97526f13ea9ccf508307d1175ea9bb8d3a5b6dfefb098a3f7f,CORPUS_EXTRACTED,EXACT_SOURCE_SUBSTRING,BACKUP,C1,d2lce_20dc13bc32661f00e7c68b89,d2l_selected_campaign_scope_v1,PASS_CORPUS_EXTRACTED,"Exact source substring, hashes, provenance, and offsets verified.",False,True,ctx_e103354145e998be1861c7f8,587b8244b8459e8ab30d078fa0977c76036b71bd39e5ddadc3ae6c4d8e3df408,d2l_methodology_corpus_origin_audit,1.0.0
ctx_e165d697ee1e17ec619ac2fb,document,d2l_appendix_mathematics_for_deep_learning,d2l_appendix_mathematics_for_deep_learning_statistics_b037,sentence_5234cb3db36234c5cf3c5544,"```{.python .input}
#@tab tensorflow
# Statistical bias
def stat_bias(true_theta, est_theta):
    return(tf.reduce_mean(est_theta) - true_theta)

# Mean squared error
def mse(data, true_theta):
    return(tf.reduce_mean(tf.square(data - true_theta)))
```",0,254,39,55,c22620a96e3fbd97526f13ea9ccf508307d1175ea9bb8d3a5b6dfefb098a3f7f,CORPUS_EXTRACTED,EXACT_SOURCE_SUBSTRING,PRIMARY,C4,d2lce_b5d6207f8142a696435e27e0,d2l_selected_campaign_scope_v1,PASS_CORPUS_EXTRACTED,"Exact source substring, hashes, provenance, and offsets verified.",True,True,ctx_e165d697ee1e17ec619ac2fb,1743d110f8f655761041dc93f66f0f9d02580bd79d872439e4493dd986ff3faf,d2l_methodology_corpus_origin_audit,1.0.0
ctx_e19d49bc2dd4e4708089da67,document,d2l_appendix_tools_for_deep_learning,d2l_appendix_tools_for_deep_learning_selecting_servers_gpus_b013,sentence_be42556957ed922e26549898,Look for wide memory buses if using GDDR6.,747,789,21,26,c22620a96e3fbd97526f13ea9ccf508307d1175ea9bb8d3a5b6dfefb098a3f7f,CORPUS_EXTRACTED,EXACT_SOURCE_SUBSTRING,BACKUP,C2,d2lce_0e100796a86968fbdb5730e8,d2l_selected_campaign_scope_v1,PASS_CORPUS_EXTRACTED,"Exact source substring, hashes, provenance, and offsets verified.",False,True,ctx_e19d49bc2dd4e4708089da67,b1c05bdf67343b02510844128582a151d13637c07e52bcb4cddffd0ca64d21e9,d2l_methodology_corpus_origin_audit,1.0.0
ctx_e1b68dcd92df41c824d6b973,document,d2l_recommender_systems,d2l_recommender_systems_autorec_b004,sentence_e5cec1953ccbb566c92f2f5a,"It uses a partially observed interaction matrix as the input, aiming to reconstruct a completed rating matrix.",177,287,29,47,c22620a96e3fbd97526f13ea9ccf508307d1175ea9bb8d3a5b6dfefb098a3f7f,CORPUS_EXTRACTED,EXACT_SOURCE_SUBSTRING,BACKUP,C1,d2lce_c01c503b792019c6e3827ac0,d2l_selected_campaign_scope_v1,PASS_CORPUS_EXTRACTED,"Exact source substring, hashes, provenance, and offsets verified.",False,True,ctx_e1b68dcd92df41c824d6b973,8feb052361e6d2f724276e4843dc553e8a642a4a3a90a9dd94605e4f09cac5df,d2l_methodology_corpus_origin_audit,1.0.0
ctx_e1fa0d830f4e4018432efd83,document,d2l_multilayer_perceptrons,d2l_multilayer_perceptrons_numerical_stability_and_init_b002,sentence_d91e0a1cbfd4a2fabb35b3a1,"Poor choices here can cause us to encounter
exploding or vanishing gradients while training.",742,834,57,76,c22620a96e3fbd97526f13ea9ccf508307d1175ea9bb8d3a5b6dfefb098a3f7f,CORPUS_EXTRACTED,EXACT_SOURCE_SUBSTRING,BACKUP,C2,d2lce_d7976d0b101e65c34c011871,d2l_selected_campaign_scope_v1,PASS_CORPUS_EXTRACTED,"Exact source substring, hashes, provenance, and offsets verified.",False,True,ctx_e1fa0d830f4e4018432efd83,50a19a705363c3e2330f8155df393b740e54a2610721e40f2289a4d688f3e5c8,d2l_methodology_corpus_origin_audit,1.0.0
ctx_e23c66fedee3dfe32279366e,document,d2l_recommender_systems,d2l_recommender_systems_mf_b017,sentence_b323f2a14019e9ec09f6387e,The user and item latent factors can be created with the `nn.Embedding`.,68,140,18,32,c22620a96e3fbd97526f13ea9ccf508307d1175ea9bb8d3a5b6dfefb098a3f7f,CORPUS_EXTRACTED,EXACT_SOURCE_SUBSTRING,PRIMARY,C1,d2lce_f7c1845f1d67dcb386e8fc22,d2l_selected_campaign_scope_v1,PASS_CORPUS_EXTRACTED,"Exact source substring, hashes, provenance, and offsets verified.",True,True,ctx_e23c66fedee3dfe32279366e,146529c80b9a6186da3b4c3a3c05c597d536890a842231697bac5d22eae0870a,d2l_methodology_corpus_origin_audit,1.0.0
ctx_e2c73661a87aaf8cdb54006d,document,d2l_natural_language_processing_applications,d2l_natural_language_processing_applications_natural_language_inference_bert_b007,sentence_dc3fafb18ee0db021a93ea57,## Loading Pretrained BERT,0,26,11,26,c22620a96e3fbd97526f13ea9ccf508307d1175ea9bb8d3a5b6dfefb098a3f7f,CORPUS_EXTRACTED,EXACT_SOURCE_SUBSTRING,PRIMARY,C2,d2lce_e27a9787bb13f8580103adc4,d2l_selected_campaign_scope_v1,PASS_CORPUS_EXTRACTED,"Exact source substring, hashes, provenance, and offsets verified.",True,True,ctx_e2c73661a87aaf8cdb54006d,6684fec93ca4180639c51b0a8f5a0c15b01edebe82fc49b88d88a44ce5dff4eb,d2l_methodology_corpus_origin_audit,1.0.0
ctx_e31d70fd51aadff019c9601e,document,d2l_convolutional_modern,d2l_convolutional_modern_densenet_b008,sentence_5e4f28a59105b4ed4482dbdf,"One solution was 
DenseNet :cite:`Huang.Liu.Van-Der-Maaten.ea.2017`.",170,238,18,26,c22620a96e3fbd97526f13ea9ccf508307d1175ea9bb8d3a5b6dfefb098a3f7f,CORPUS_EXTRACTED,EXACT_SOURCE_SUBSTRING,BACKUP,C1,d2lce_20dc13bc32661f00e7c68b89,d2l_selected_campaign_scope_v1,PASS_CORPUS_EXTRACTED,"Exact source substring, hashes, provenance, and offsets verified.",False,True,ctx_e31d70fd51aadff019c9601e,1af32519bfe957e95457d53360219ae4a56d20591a3c7c717f3c4e1bb5cf346b,d2l_methodology_corpus_origin_audit,1.0.0
ctx_e35e3b1e2bfeb5965b0bd614,document,d2l_multilayer_perceptrons,d2l_multilayer_perceptrons_underfit_overfit_b023,sentence_4d09c46bf4a2a58e74e5a9c0,"For now, a simple rule of thumb is quite useful:
a model that can readily explain arbitrary facts
is what statisticians view as complex,
whereas one that has only a limited expressive power
but still manages to explain the data well
is probably closer to the truth.",144,409,184,189,c22620a96e3fbd97526f13ea9ccf508307d1175ea9bb8d3a5b6dfefb098a3f7f,CORPUS_EXTRACTED,EXACT_SOURCE_SUBSTRING,PRIMARY,C1,d2lce_2b76c0f26436945cdf880aed,d2l_selected_campaign_scope_v1,PASS_CORPUS_EXTRACTED,"Exact source substring, hashes, provenance, and offsets verified.",True,True,ctx_e35e3b1e2bfeb5965b0bd614,ec71ba2bc315a13b236b96beee71ead29cc9c183af35f532e012cde44ebd50da,d2l_methodology_corpus_origin_audit,1.0.0
ctx_e3686abbec23ffeb19f2dfef,document,d2l_multilayer_perceptrons,d2l_multilayer_perceptrons_dropout_b013,sentence_fa3308a8e44cabdd2de25110,"Their idea, called *dropout*, involves
injecting noise while computing
each internal layer during forward propagation,
and it has become a standard technique
for training neural networks.",0,187,98,105,c22620a96e3fbd97526f13ea9ccf508307d1175ea9bb8d3a5b6dfefb098a3f7f,CORPUS_EXTRACTED,EXACT_SOURCE_SUBSTRING,BACKUP,C1,d2lce_fbe9efe0d390976cb31e5af7,d2l_selected_campaign_scope_v1,PASS_CORPUS_EXTRACTED,"Exact source substring, hashes, provenance, and offsets verified.",False,True,ctx_e3686abbec23ffeb19f2dfef,cd934c6d08ee116a47f52b9b32e789351380565387606971f0a8b924b7292b55,d2l_methodology_corpus_origin_audit,1.0.0
ctx_e3a4772ecd482355d1d71feb,document,d2l_introduction,d2l_introduction_index_b025,sentence_5700a426581db0e5405886b2,"When every example is characterized by the same number of numerical values,
we say that the data consist of fixed-length vectors
and we describe the constant length of the vectors
as the *dimensionality* of the data.",0,216,149,157,c22620a96e3fbd97526f13ea9ccf508307d1175ea9bb8d3a5b6dfefb098a3f7f,CORPUS_EXTRACTED,EXACT_SOURCE_SUBSTRING,BACKUP,C1,d2lce_46e81052dcb25b16e429062a,d2l_selected_campaign_scope_v1,PASS_CORPUS_EXTRACTED,"Exact source substring, hashes, provenance, and offsets verified.",False,True,ctx_e3a4772ecd482355d1d71feb,77ab0c299eb668b61041aa0da8bc1e42976dd21f3e287c879be47c4eccfcfbf2,d2l_methodology_corpus_origin_audit,1.0.0
ctx_e3bd3e8dcc83a702caf288d2,document,d2l_recurrent_neural_networks,d2l_recurrent_neural_networks_sequence_b016,sentence_267fd5807d3c480dabc898cb,Both cases raise the obvious question of how to generate training data.,0,71,57,70,c22620a96e3fbd97526f13ea9ccf508307d1175ea9bb8d3a5b6dfefb098a3f7f,CORPUS_EXTRACTED,EXACT_SOURCE_SUBSTRING,PRIMARY,C3,d2lce_d30763678be8999b747cf0ee,d2l_selected_campaign_scope_v1,PASS_CORPUS_EXTRACTED,"Exact source substring, hashes, provenance, and offsets verified.",True,True,ctx_e3bd3e8dcc83a702caf288d2,0bd441e3db8fd50ba2805cc440362dd7641d755c3e7d19fb6d0db958691639b5,d2l_methodology_corpus_origin_audit,1.0.0
ctx_e3bf9e80bcc3730f9ba86f3f,document,d2l_multilayer_perceptrons,d2l_multilayer_perceptrons_mlp_b015,sentence_e281a4d5b714ff195948f32b,"Since the hidden and output layers are both fully connected,
we have hidden-layer weights $\mathbf{W}^{(1)} \in \mathbb{R}^{d \times h}$ and biases $\mathbf{b}^{(1)} \in \mathbb{R}^{1 \times h}$
and output-layer weights $\mathbf{W}^{(2)} \in \mathbb{R}^{h \times q}$ and biases $\mathbf{b}^{(2)} \in \mathbb{R}^{1 \times q}$.",443,768,141,147,c22620a96e3fbd97526f13ea9ccf508307d1175ea9bb8d3a5b6dfefb098a3f7f,CORPUS_EXTRACTED,EXACT_SOURCE_SUBSTRING,PRIMARY,C1,d2lce_ad13d119a140210b487eeb9c,d2l_selected_campaign_scope_v1,PASS_CORPUS_EXTRACTED,"Exact source substring, hashes, provenance, and offsets verified.",True,True,ctx_e3bf9e80bcc3730f9ba86f3f,e29e5247dc08946806d2a9bec66fff1fbbc0254c78fb392c26c6f04493ea79ad,d2l_methodology_corpus_origin_audit,1.0.0
ctx_e3dc582632a5a667da04879d,document,d2l_computational_performance,d2l_computational_performance_multiple_gpus_b049,sentence_d59502dd5b7c15e5d397569d,"```{.python .input}
def train(num_gpus, batch_size, lr):
    train_iter, test_iter = d2l.load_data_fashion_mnist(batch_size)
    devices = [d2l.try_gpu(i) for i in range(num_gpus)]
    # Copy model parameters to `num_gpus` GPUs
    device_params = [get_params(params, d) for d in devices]
    num_epochs = 10
    animator = d2l.Animator('epoch', 'test acc', xlim=[1, num_epochs])
    timer = d2l.Timer()
    for epoch in range(num_epochs):
        timer.start()
        for X, y in train_iter:
            # Perform multi-GPU training for a single minibatch
            train_batch(X, y, device_params, devices, lr)
            npx.waitall()
        timer.stop()
        # Evaluate the model on GPU 0
        animator.add(epoch + 1, (d2l.evaluate_accuracy_gpu(
            lambda x: lenet(x, device_params[0]), test_iter, devices[0]),))
    print(f'test acc: {animator.Y[0][-1]:.2f}, {timer.avg():.1f} sec/epoch '
          f'on {str(devices)}')
```",0,949,516,534,c22620a96e3fbd97526f13ea9ccf508307d1175ea9bb8d3a5b6dfefb098a3f7f,CORPUS_EXTRACTED,EXACT_SOURCE_SUBSTRING,PRIMARY,C4,d2lce_6898a7f7f35ca368f75fda48,d2l_selected_campaign_scope_v1,PASS_CORPUS_EXTRACTED,"Exact source substring, hashes, provenance, and offsets verified.",True,True,ctx_e3dc582632a5a667da04879d,d38e61e27f723799a8f8346e55adbb622dbc0a0ca2337aea35edb3d5a831b4d5,d2l_methodology_corpus_origin_audit,1.0.0
ctx_e3ef71ac342723539664fb0b,document,d2l_natural_language_processing_applications,d2l_natural_language_processing_applications_sentiment_analysis_cnn_b032,sentence_820abc6e937af3309b4ea931,"```{.python .input}
class TextCNN(nn.Block):
    def __init__(self, vocab_size, embed_size, kernel_sizes, num_channels,
                 **kwargs):
        super(TextCNN, self).__init__(**kwargs)
        self.embedding = nn.Embedding(vocab_size, embed_size)
        # The embedding layer not to be trained
        self.constant_embedding = nn.Embedding(vocab_size, embed_size)
        self.dropout = nn.Dropout(0.5)
        self.decoder = nn.Dense(2)
        # The max-over-time pooling layer has no parameters, so this instance
        # can be shared
        self.pool = nn.GlobalMaxPool1D()
        # Create multiple one-dimensional convolutional layers
        self.convs = nn.Sequential()
        for c, k in zip(num_channels, kernel_sizes):
            self.convs.add(nn.Conv1D(c, k, activation='relu'))

    def forward(self, inputs):
        # Concatenate two embedding layer outputs with shape (batch size, no.",0,919,479,492,c22620a96e3fbd97526f13ea9ccf508307d1175ea9bb8d3a5b6dfefb098a3f7f,CORPUS_EXTRACTED,EXACT_SOURCE_SUBSTRING,PRIMARY,C2,d2lce_2b9f63478b6ef59511a4f930,d2l_selected_campaign_scope_v1,PASS_CORPUS_EXTRACTED,"Exact source substring, hashes, provenance, and offsets verified.",True,True,ctx_e3ef71ac342723539664fb0b,3bc3d21ad1afb6cadab1ec4afb44a198bc8c5d9418de750e339079d932fa2bd6,d2l_methodology_corpus_origin_audit,1.0.0
ctx_e40cd2162abe8f988abaddfb,document,d2l_optimization,d2l_optimization_optimization_intro_b038,sentence_ba093069eb316c43ffb54f67,"Consider a simple MLP with a single hidden layer of, say, $d$ dimensions in the hidden layer and a single output.",3,116,18,21,c22620a96e3fbd97526f13ea9ccf508307d1175ea9bb8d3a5b6dfefb098a3f7f,CORPUS_EXTRACTED,EXACT_SOURCE_SUBSTRING,PRIMARY,C1,d2lce_0ac8f3308547fb001c31e869,d2l_selected_campaign_scope_v1,PASS_CORPUS_EXTRACTED,"Exact source substring, hashes, provenance, and offsets verified.",True,True,ctx_e40cd2162abe8f988abaddfb,57e3f748a91bed4d0b82caac69c18bb8a89cee959a0aeeb530fa4686e4d1a13c,d2l_methodology_corpus_origin_audit,1.0.0
ctx_e468e6c3444203918151241e,document,d2l_recurrent_modern,d2l_recurrent_modern_gru_b010,sentence_630e0254f99ea2f5aa43f832,"![Computing the reset gate and the update gate in a GRU model.](../img/gru-1.svg)
:label:`fig_gru_1`",0,100,35,46,c22620a96e3fbd97526f13ea9ccf508307d1175ea9bb8d3a5b6dfefb098a3f7f,CORPUS_EXTRACTED,EXACT_SOURCE_SUBSTRING,BACKUP,C2,d2lce_a47c0fa6efae6f5b3c950575,d2l_selected_campaign_scope_v1,PASS_CORPUS_EXTRACTED,"Exact source substring, hashes, provenance, and offsets verified.",False,True,ctx_e468e6c3444203918151241e,5bd1f3f7b875a9bbbc01273649d14a61f34de0229868747c0ed698a5041f4155,d2l_methodology_corpus_origin_audit,1.0.0
ctx_e46954f1823711a2d1112200,document,d2l_multilayer_perceptrons,d2l_multilayer_perceptrons_environment_b018,sentence_9a16baf5b1c1627a1caf9fae,*Label shift* describes the converse problem.,0,45,1,12,c22620a96e3fbd97526f13ea9ccf508307d1175ea9bb8d3a5b6dfefb098a3f7f,CORPUS_EXTRACTED,EXACT_SOURCE_SUBSTRING,PRIMARY,C1,d2lce_a5537c415bcbe54cdd82a669,d2l_selected_campaign_scope_v1,PASS_CORPUS_EXTRACTED,"Exact source substring, hashes, provenance, and offsets verified.",True,True,ctx_e46954f1823711a2d1112200,23f42c77a835cb4b58746bbb219dfacdca8be71220e60e0508ed72cf9789fc72,d2l_methodology_corpus_origin_audit,1.0.0
ctx_e484e6d55d0193ab9cfe2285,document,d2l_natural_language_processing_applications,d2l_natural_language_processing_applications_natural_language_inference_and_dataset_b028,sentence_ceaaca6af90d8e7c397729e4,The argument `num_steps` in the class constructor specifies the length of a text sequence so that each minibatch of sequences will have the same shape.,102,253,38,49,c22620a96e3fbd97526f13ea9ccf508307d1175ea9bb8d3a5b6dfefb098a3f7f,CORPUS_EXTRACTED,EXACT_SOURCE_SUBSTRING,BACKUP,C2,d2lce_7d7b617aacd41c76538d06af,d2l_selected_campaign_scope_v1,PASS_CORPUS_EXTRACTED,"Exact source substring, hashes, provenance, and offsets verified.",False,True,ctx_e484e6d55d0193ab9cfe2285,affdd57e99a41abf7c11a7cb8215afad1a5a950b780141c3afd3f8092a0db729,d2l_methodology_corpus_origin_audit,1.0.0
ctx_e4f5d547b5a2e976a337fefd,document,d2l_appendix_mathematics_for_deep_learning,d2l_appendix_mathematics_for_deep_learning_statistics_b053,sentence_3d8c41b0e5b790f3a421a923,"In this case, our null hypothesis will be that there is no difference between the two groups, and our alternate will be that there is.",278,412,18,33,c22620a96e3fbd97526f13ea9ccf508307d1175ea9bb8d3a5b6dfefb098a3f7f,CORPUS_EXTRACTED,EXACT_SOURCE_SUBSTRING,PRIMARY,C3,d2lce_11e1c294000ac67785408dcd,d2l_selected_campaign_scope_v1,PASS_CORPUS_EXTRACTED,"Exact source substring, hashes, provenance, and offsets verified.",True,True,ctx_e4f5d547b5a2e976a337fefd,18967777874581d37624598ca3482be53979930752190d9848f1bf2b7fea08e6,d2l_methodology_corpus_origin_audit,1.0.0
ctx_e596c2db961d7da1d125a384,document,d2l_recurrent_modern,d2l_recurrent_modern_machine_translation_and_dataset_b002,sentence_46f9bf7d3f2a444b7ecfac8c,"We have used RNNs to design language models,
which are key to natural language processing.",0,90,62,89,c22620a96e3fbd97526f13ea9ccf508307d1175ea9bb8d3a5b6dfefb098a3f7f,CORPUS_EXTRACTED,EXACT_SOURCE_SUBSTRING,PRIMARY,C3,d2lce_609638f74bc5b32d32469bbc,d2l_selected_campaign_scope_v1,PASS_CORPUS_EXTRACTED,"Exact source substring, hashes, provenance, and offsets verified.",True,True,ctx_e596c2db961d7da1d125a384,87685a1a7593f4cb4de1bc6e45f14dcfc8e7a78442a1c338b3817cacb0ebf9c7,d2l_methodology_corpus_origin_audit,1.0.0
ctx_e5e0cc83210d92e8eeb9732e,document,d2l_natural_language_processing_pretraining,d2l_natural_language_processing_pretraining_bert_b013,sentence_e98d2c565d70684195cb779b,"BERT further improved the state of the art on eleven natural language processing tasks
under broad categories of (i) single text classification (e.g., sentiment analysis), (ii) text pair classification (e.g., natural language inference),
(iii) question answering, (iv) text tagging (e.g., named entity recognition).",0,315,244,262,c22620a96e3fbd97526f13ea9ccf508307d1175ea9bb8d3a5b6dfefb098a3f7f,CORPUS_EXTRACTED,EXACT_SOURCE_SUBSTRING,PRIMARY,C1,d2lce_41109297e6bf8f44d9bb9178,d2l_selected_campaign_scope_v1,PASS_CORPUS_EXTRACTED,"Exact source substring, hashes, provenance, and offsets verified.",True,True,ctx_e5e0cc83210d92e8eeb9732e,7343945726cc4dbd9a82d9cf31cbc461092cb59c4f924c4a2637724c17e58040,d2l_methodology_corpus_origin_audit,1.0.0
ctx_e5f07ff7564002cf0a876394,document,d2l_appendix_mathematics_for_deep_learning,d2l_appendix_mathematics_for_deep_learning_eigendecomposition_b001,sentence_db5ff12cea5868d7d9c5ae40,"# Eigendecompositions
:label:`sec_eigendecompositions`",0,54,2,21,c22620a96e3fbd97526f13ea9ccf508307d1175ea9bb8d3a5b6dfefb098a3f7f,CORPUS_EXTRACTED,EXACT_SOURCE_SUBSTRING,PRIMARY,C4,d2lce_10d4d01fa40b67d92527e5ed,d2l_selected_campaign_scope_v1,PASS_CORPUS_EXTRACTED,"Exact source substring, hashes, provenance, and offsets verified.",True,True,ctx_e5f07ff7564002cf0a876394,3697500ad53fbb5538f748abcd6c26dd3236d29c6b1a48dd57a790c0fd697aaf,d2l_methodology_corpus_origin_audit,1.0.0
ctx_e603f93a871e9ee36882fbe5,document,d2l_computer_vision,d2l_computer_vision_neural_style_b006,sentence_9e7e466f864bbcd035823dfe,"This synthesized image is the only variable that needs to be updated during the style transfer process,
i.e., the model parameters to be updated during training.",191,352,80,94,c22620a96e3fbd97526f13ea9ccf508307d1175ea9bb8d3a5b6dfefb098a3f7f,CORPUS_EXTRACTED,EXACT_SOURCE_SUBSTRING,PRIMARY,C4,d2lce_041add3a2f3aa452408a5384,d2l_selected_campaign_scope_v1,PASS_CORPUS_EXTRACTED,"Exact source substring, hashes, provenance, and offsets verified.",True,True,ctx_e603f93a871e9ee36882fbe5,deb5037067e95bdf1cb2bdf9db8a634c39bd0d700c2e2a2a37b226f159def6c4,d2l_methodology_corpus_origin_audit,1.0.0
ctx_e6c6794a381193953f6e941b,document,d2l_appendix_mathematics_for_deep_learning,d2l_appendix_mathematics_for_deep_learning_eigendecomposition_b002,sentence_520e50cac7c8421118c65803,"Below, we introduce eigendecomposition and 
try to convey some sense of just why it is so important.",168,268,20,38,c22620a96e3fbd97526f13ea9ccf508307d1175ea9bb8d3a5b6dfefb098a3f7f,CORPUS_EXTRACTED,EXACT_SOURCE_SUBSTRING,BACKUP,C1,d2lce_10d4d01fa40b67d92527e5ed,d2l_selected_campaign_scope_v1,PASS_CORPUS_EXTRACTED,"Exact source substring, hashes, provenance, and offsets verified.",False,True,ctx_e6c6794a381193953f6e941b,d8881e5e7e0fbefd7a12b16a6c27bc34f288780da085483576be91019982e66e,d2l_methodology_corpus_origin_audit,1.0.0
ctx_e70f2e4fd3f749f374288b7a,document,d2l_recurrent_neural_networks,d2l_recurrent_neural_networks_bptt_b062,sentence_47deff27df26c170b215c316,"Besides gradient clipping, can you think of any other methods to cope with gradient explosion in recurrent neural networks?",641,764,8,25,c22620a96e3fbd97526f13ea9ccf508307d1175ea9bb8d3a5b6dfefb098a3f7f,CORPUS_EXTRACTED,EXACT_SOURCE_SUBSTRING,BACKUP,C4,d2lce_8d226b48ba7ec1493faa4ec8,d2l_selected_campaign_scope_v1,PASS_CORPUS_EXTRACTED,"Exact source substring, hashes, provenance, and offsets verified.",False,True,ctx_e70f2e4fd3f749f374288b7a,767f4f93ac48171943865df434ebd5bf6da1f85775e9f1f6f2020f71c502e085,d2l_methodology_corpus_origin_audit,1.0.0
ctx_e7143839c5cd7a24ea737b53,document,d2l_computational_performance,d2l_computational_performance_hardware_b007,sentence_9e834d90db4b1f4a89287905,"* Durable storage, such as a magnetic hard disk drive, a solid state drive, in many cases connected using the PCIe bus.",746,865,110,114,c22620a96e3fbd97526f13ea9ccf508307d1175ea9bb8d3a5b6dfefb098a3f7f,CORPUS_EXTRACTED,EXACT_SOURCE_SUBSTRING,BACKUP,C2,d2lce_35df896f9860f8aac814ce37,d2l_selected_campaign_scope_v1,PASS_CORPUS_EXTRACTED,"Exact source substring, hashes, provenance, and offsets verified.",False,True,ctx_e7143839c5cd7a24ea737b53,f4f7fae19d1465398995ebf4183334bfdc0c8753bad37ce5eca59b358e4e46d5,d2l_methodology_corpus_origin_audit,1.0.0
ctx_e7437fb0f0bdad9c3645e83b,document,d2l_convolutional_modern,d2l_convolutional_modern_alexnet_b030,sentence_ec2876b3a76c818267c2da4a,"Moreover, AlexNet has ten times more convolution channels than LeNet.",556,625,49,57,c22620a96e3fbd97526f13ea9ccf508307d1175ea9bb8d3a5b6dfefb098a3f7f,CORPUS_EXTRACTED,EXACT_SOURCE_SUBSTRING,PRIMARY,C1,d2lce_270e1a75bb70807d9c2dd507,d2l_selected_campaign_scope_v1,PASS_CORPUS_EXTRACTED,"Exact source substring, hashes, provenance, and offsets verified.",True,True,ctx_e7437fb0f0bdad9c3645e83b,d086acf8c49c1788b9872727b259c4ffb1c423b45153341ad91fc2db7d570011,d2l_methodology_corpus_origin_audit,1.0.0
ctx_e7697bfcdc8c8d5ccbb78a65,document,d2l_preliminaries,d2l_preliminaries_index_b005,sentence_4bb165785d49373204de74c6,"To reason rigorously under uncertainty
we will need to invoke the language of probability.",152,242,27,38,c22620a96e3fbd97526f13ea9ccf508307d1175ea9bb8d3a5b6dfefb098a3f7f,CORPUS_EXTRACTED,EXACT_SOURCE_SUBSTRING,PRIMARY,C2,d2lce_73dbe839de3f1d00bf1226f0,d2l_selected_campaign_scope_v1,PASS_CORPUS_EXTRACTED,"Exact source substring, hashes, provenance, and offsets verified.",True,True,ctx_e7697bfcdc8c8d5ccbb78a65,0489072a377ce5d05f2150e166cf5237275c076e68116440fdd577fcf270fc95,d2l_methodology_corpus_origin_audit,1.0.0
ctx_e76e266186271f4f56e42317,document,d2l_natural_language_processing_pretraining,d2l_natural_language_processing_pretraining_bert_pretraining_b025,sentence_e8b27a93e04a55cf0162247f,"Similarly, `encoded_pair[:, 0, :]` is the encoded result of the entire sentence pair from the pretrained BERT.",71,181,94,109,c22620a96e3fbd97526f13ea9ccf508307d1175ea9bb8d3a5b6dfefb098a3f7f,CORPUS_EXTRACTED,EXACT_SOURCE_SUBSTRING,BACKUP,C1,d2lce_e27a9787bb13f8580103adc4,d2l_selected_campaign_scope_v1,PASS_CORPUS_EXTRACTED,"Exact source substring, hashes, provenance, and offsets verified.",False,True,ctx_e76e266186271f4f56e42317,f3f601659b223c57f250bd90c29483cd87f58d5a2fc82764a211732da9e75936,d2l_methodology_corpus_origin_audit,1.0.0
ctx_e7740f3e3eacd0600fc7f1e8,document,d2l_recommender_systems,d2l_recommender_systems_deepfm_b005,sentence_0a3b31711e0b045f1ceeec56,The deep component is an MLP that is used to capture high-order feature interactions and nonlinearities.,226,330,64,84,c22620a96e3fbd97526f13ea9ccf508307d1175ea9bb8d3a5b6dfefb098a3f7f,CORPUS_EXTRACTED,EXACT_SOURCE_SUBSTRING,BACKUP,C2,d2lce_8de4d36bcb2f1ad2291dd52e,d2l_selected_campaign_scope_v1,PASS_CORPUS_EXTRACTED,"Exact source substring, hashes, provenance, and offsets verified.",False,True,ctx_e7740f3e3eacd0600fc7f1e8,65636444ce0abc3039ae99b33e778f11ff6b1e1a0f7ac2eaff211a4d8386974d,d2l_methodology_corpus_origin_audit,1.0.0
ctx_e7ad2905fd773a830f6b4c43,document,d2l_optimization,d2l_optimization_lr_scheduler_b007,sentence_f1351f02c1b8d1a32749acc0,"```{.python .input}
%matplotlib inline
from d2l import mxnet as d2l
from mxnet import autograd, gluon, init, lr_scheduler, np, npx
from mxnet.gluon import nn
npx.set_np()

net = nn.HybridSequential()
net.add(nn.Conv2D(channels=6, kernel_size=5, padding=2, activation='relu'),
        nn.MaxPool2D(pool_size=2, strides=2),
        nn.Conv2D(channels=16, kernel_size=5, activation='relu'),
        nn.MaxPool2D(pool_size=2, strides=2),
        nn.Dense(120, activation='relu'),
        nn.Dense(84, activation='relu'),
        nn.Dense(10))
net.hybridize()
loss = gluon.loss.SoftmaxCrossEntropyLoss()
device = d2l.try_gpu()

batch_size = 256
train_iter, test_iter = d2l.load_data_fashion_mnist(batch_size=batch_size)

# The code is almost identical to `d2l.train_ch6` defined in the 
# lenet section of chapter convolutional neural networks
def train(net, train_iter, test_iter, num_epochs, loss, trainer, device):
    net.initialize(force_reinit=True, ctx=device, init=init.Xavier())
    animator = d2l.Animator(xlabel='epoch', xlim=[0, num_epochs],
                            legend=['train loss', 'train acc', 'test acc'])
    for epoch in range(num_epochs):
        metric = d2l.Accumulator(3)  # train_loss, train_acc, num_examples
        for i, (X, y) in enumerate(train_iter):
            X, y = X.as_in_ctx(device), y.as_in_ctx(device)
            with autograd.record():
                y_hat = net(X)
                l = loss(y_hat, y)
            l.backward()
            trainer.step(X.shape[0])
            metric.add(l.sum(), d2l.accuracy(y_hat, y), X.shape[0])
            train_loss = metric[0] / metric[2]
            train_acc = metric[1] / metric[2]
            if (i + 1) % 50 == 0:
                animator.add(epoch + i / len(train_iter),
                             (train_loss, train_acc, None))
        test_acc = d2l.evaluate_accuracy_gpu(net, test_iter)
        animator.add(epoch + 1, (None, None, test_acc))
    print(f'train loss {train_loss:.3f}, train acc {train_acc:.3f}, '
          f'test acc {test_acc:.3f}')
```",0,2049,218,226,c22620a96e3fbd97526f13ea9ccf508307d1175ea9bb8d3a5b6dfefb098a3f7f,CORPUS_EXTRACTED,EXACT_SOURCE_SUBSTRING,BACKUP,C1,d2lce_270e1a75bb70807d9c2dd507,d2l_selected_campaign_scope_v1,PASS_CORPUS_EXTRACTED,"Exact source substring, hashes, provenance, and offsets verified.",False,True,ctx_e7ad2905fd773a830f6b4c43,6ac8758ac6e79af836cdb9cac87e1acd9dd7e1dec905a9ebfbdd5f6484564376,d2l_methodology_corpus_origin_audit,1.0.0
ctx_e7f67dd37287b32e45850474,document,d2l_appendix_mathematics_for_deep_learning,d2l_appendix_mathematics_for_deep_learning_information_theory_b057,sentence_91ab43549975f0911615e1e7,"Precisely, on the one hand, if $(X, Y)$ is a pair of discrete random variables, then",0,84,53,78,c22620a96e3fbd97526f13ea9ccf508307d1175ea9bb8d3a5b6dfefb098a3f7f,CORPUS_EXTRACTED,EXACT_SOURCE_SUBSTRING,PRIMARY,C1,d2lce_e1a7c8e04c91b48272b3b5ee,d2l_selected_campaign_scope_v1,PASS_CORPUS_EXTRACTED,"Exact source substring, hashes, provenance, and offsets verified.",True,True,ctx_e7f67dd37287b32e45850474,65ce373cc973f587e56c07d352b0ea686bbb932feb40a9ff72a7e9c5712dfeb6,d2l_methodology_corpus_origin_audit,1.0.0
ctx_e8008e6c726f8c456dd13670,document,d2l_computational_performance,d2l_computational_performance_hardware_b007,sentence_d46c117b90663ba8e67c16af,* A high speed expansion bus (PCIe) to connect the system to one or more GPUs.,486,564,25,28,c22620a96e3fbd97526f13ea9ccf508307d1175ea9bb8d3a5b6dfefb098a3f7f,CORPUS_EXTRACTED,EXACT_SOURCE_SUBSTRING,PRIMARY,C1,d2lce_0e100796a86968fbdb5730e8,d2l_selected_campaign_scope_v1,PASS_CORPUS_EXTRACTED,"Exact source substring, hashes, provenance, and offsets verified.",True,True,ctx_e8008e6c726f8c456dd13670,7e71d850a7c3d3d8f54a6efea9eac1d85e103bac49fd5d44d17529f11e1940b4,d2l_methodology_corpus_origin_audit,1.0.0
ctx_e826a9c4223fe2ac0df99dd6,document,d2l_recurrent_neural_networks,d2l_recurrent_neural_networks_rnn_scratch_b024,sentence_d2a49fb32a5f396b7b2554d8,"To define an RNN model,
we first need [**an `init_rnn_state` function
to return the hidden state at initialization.**]
It returns a tensor filled with 0 and with a shape of (batch size, number of hidden units).",0,210,100,114,c22620a96e3fbd97526f13ea9ccf508307d1175ea9bb8d3a5b6dfefb098a3f7f,CORPUS_EXTRACTED,EXACT_SOURCE_SUBSTRING,BACKUP,C3,d2lce_8373decbb6e405f0386ec8a0,d2l_selected_campaign_scope_v1,PASS_CORPUS_EXTRACTED,"Exact source substring, hashes, provenance, and offsets verified.",False,True,ctx_e826a9c4223fe2ac0df99dd6,3e7352b6e899b1c9c3a42186a2578e16e2cff71c22a411334b99b7cf023d0723,d2l_methodology_corpus_origin_audit,1.0.0
ctx_e8375363c7b7a5c455de05c5,document,d2l_convolutional_modern,d2l_convolutional_modern_alexnet_b047,sentence_1436c15044ad07812eec15c9,"Now, we can [**start training AlexNet.**]
Compared with LeNet in :numref:`sec_lenet`,
the main change here is the use of a smaller learning rate
and much slower training due to the deeper and wider network,
the higher image resolution, and the more costly convolutions.",0,269,131,144,c22620a96e3fbd97526f13ea9ccf508307d1175ea9bb8d3a5b6dfefb098a3f7f,CORPUS_EXTRACTED,EXACT_SOURCE_SUBSTRING,PRIMARY,C1,d2lce_cc4cb853eff638abcbdf7691,d2l_selected_campaign_scope_v1,PASS_CORPUS_EXTRACTED,"Exact source substring, hashes, provenance, and offsets verified.",True,True,ctx_e8375363c7b7a5c455de05c5,f60d9c910e298784f6bbddfc53f174c29e461627e2d878e0cb0215c82a383af7,d2l_methodology_corpus_origin_audit,1.0.0
ctx_e859a0568c857a572640c892,document,d2l_deep_learning_computation,d2l_deep_learning_computation_model_construction_b050,sentence_61752c55ee55ad8d1b4b12e5,"This is equivalent to sharing
        # parameters with two fully-connected layers
        X = self.linear(X)
        # Control flow
        while X.abs().sum() > 1:
            X /= 2
        return X.sum()
```",597,808,120,132,c22620a96e3fbd97526f13ea9ccf508307d1175ea9bb8d3a5b6dfefb098a3f7f,CORPUS_EXTRACTED,EXACT_SOURCE_SUBSTRING,BACKUP,C3,d2lce_6c7e95cd232fb7fcca6b3bdc,d2l_selected_campaign_scope_v1,PASS_CORPUS_EXTRACTED,"Exact source substring, hashes, provenance, and offsets verified.",False,True,ctx_e859a0568c857a572640c892,204135dcd9be1dc1308ce47ca8fe61756c1473a0e558e5ad5918dc68e3ea041b,d2l_methodology_corpus_origin_audit,1.0.0
ctx_e871cab6ee40803901bb1ec7,document,d2l_natural_language_processing_pretraining,d2l_natural_language_processing_pretraining_word_embedding_dataset_b035,sentence_85902cbc725264b2eed2ac4c,"For a pair of center word and context word, 
we randomly sample `K` (5 in the experiment) noise words.",0,102,90,101,c22620a96e3fbd97526f13ea9ccf508307d1175ea9bb8d3a5b6dfefb098a3f7f,CORPUS_EXTRACTED,EXACT_SOURCE_SUBSTRING,PRIMARY,C1,d2lce_5c270f3b3ebe4f0059649e18,d2l_selected_campaign_scope_v1,PASS_CORPUS_EXTRACTED,"Exact source substring, hashes, provenance, and offsets verified.",True,True,ctx_e871cab6ee40803901bb1ec7,cde28e9a9c935a78b4c15bebaf7a9c5f0ce1f256811cc9c327142dfac2e01c08,d2l_methodology_corpus_origin_audit,1.0.0
ctx_e8877b610c0af1e834561705,document,d2l_introduction,d2l_introduction_index_b021,sentence_d478547b3655022e50910adb,An *algorithm* to adjust the model's parameters to optimize the objective function.,167,250,64,73,c22620a96e3fbd97526f13ea9ccf508307d1175ea9bb8d3a5b6dfefb098a3f7f,CORPUS_EXTRACTED,EXACT_SOURCE_SUBSTRING,PRIMARY,C1,d2lce_cf168d11faf5e675efa7e0a3,d2l_selected_campaign_scope_v1,PASS_CORPUS_EXTRACTED,"Exact source substring, hashes, provenance, and offsets verified.",True,True,ctx_e8877b610c0af1e834561705,f3d83f5539a19a5e10f7b84fef0938e531ba870fad758aa4845b79d7b35fedb7,d2l_methodology_corpus_origin_audit,1.0.0
ctx_e8b4b42870033c825829a5f6,document,d2l_recurrent_modern,d2l_recurrent_modern_bi_rnn_b033,sentence_dd157f046b891c9ac8441939,"In deep bidirectional RNNs with multiple hidden layers,
such information
is passed on as *input* to the next bidirectional layer.",231,360,8,26,c22620a96e3fbd97526f13ea9ccf508307d1175ea9bb8d3a5b6dfefb098a3f7f,CORPUS_EXTRACTED,EXACT_SOURCE_SUBSTRING,PRIMARY,C1,d2lce_80f4d6555a6ea1d2e5e881a1,d2l_selected_campaign_scope_v1,PASS_CORPUS_EXTRACTED,"Exact source substring, hashes, provenance, and offsets verified.",True,True,ctx_e8b4b42870033c825829a5f6,0ceddb96ec8d78f072db8f4982b91f98c40ff8e5d9ad5ccb52443df115137067,d2l_methodology_corpus_origin_audit,1.0.0
ctx_e929021ac3cc878dcab6d00f,document,d2l_natural_language_processing_pretraining,d2l_natural_language_processing_pretraining_bert_b006,sentence_deddca9e9820f4abe9d5e8f2,"Leveraging different best models for different tasks at that time,
adding ELMo improved the state of the art across six natural language processing tasks:
sentiment analysis, natural language inference,
semantic role labeling, coreference resolution,
named entity recognition, and question answering.",735,1035,192,201,c22620a96e3fbd97526f13ea9ccf508307d1175ea9bb8d3a5b6dfefb098a3f7f,CORPUS_EXTRACTED,EXACT_SOURCE_SUBSTRING,UNSELECTED,C5,d2lce_1ff0c13e857af8ab6956fc96,d2l_selected_campaign_scope_v1,PASS_CORPUS_EXTRACTED,"Exact source substring, hashes, provenance, and offsets verified.",False,False,ctx_e929021ac3cc878dcab6d00f,dcd90d472cf647e3175bc4bc55bee1db5c110021d4a3c8e6156cb2a255a83559,d2l_methodology_corpus_origin_audit,1.0.0
ctx_e9402aa6f9b633df0ecf9fc4,document,d2l_convolutional_modern,d2l_convolutional_modern_index_b003,sentence_df7daf6167d7f8876fa764d2,"These models include AlexNet, the first large-scale network deployed 
to beat conventional computer vision methods on a large-scale vision challenge;
the VGG network, which makes use of a number of repeating blocks of elements; the network in network (NiN) which convolves 
whole neural networks patch-wise over inputs; 
GoogLeNet, which uses networks with parallel concatenations;
residual networks (ResNet), which remain the most popular 
off-the-shelf architecture in computer vision;
and densely connected networks (DenseNet), 
which are expensive to compute but have set some recent benchmarks.",0,599,520,528,c22620a96e3fbd97526f13ea9ccf508307d1175ea9bb8d3a5b6dfefb098a3f7f,CORPUS_EXTRACTED,EXACT_SOURCE_SUBSTRING,PRIMARY,C1,d2lce_20dc13bc32661f00e7c68b89,d2l_selected_campaign_scope_v1,PASS_CORPUS_EXTRACTED,"Exact source substring, hashes, provenance, and offsets verified.",True,True,ctx_e9402aa6f9b633df0ecf9fc4,bcb94135dcccf1f365180c9b1ea506523a7aace7db46db0375bec134ba31c671,d2l_methodology_corpus_origin_audit,1.0.0
ctx_e9575e9da1e8984c39373503,document,d2l_recurrent_neural_networks,d2l_recurrent_neural_networks_language_models_and_dataset_b055,sentence_842b1991209c48246ad42a97,"```{.python .input}
#@tab mxnet, pytorch
def seq_data_iter_sequential(corpus, batch_size, num_steps):  #@save
    """"""Generate a minibatch of subsequences using sequential partitioning.""""""
    # Start with a random offset to partition a sequence
    offset = random.randint(0, num_steps)
    num_tokens = ((len(corpus) - offset - 1) // batch_size) * batch_size
    Xs = d2l.tensor(corpus[offset: offset + num_tokens])
    Ys = d2l.tensor(corpus[offset + 1: offset + 1 + num_tokens])
    Xs, Ys = Xs.reshape(batch_size, -1), Ys.reshape(batch_size, -1)
    num_batches = Xs.shape[1] // num_steps
    for i in range(0, num_steps * num_batches, num_steps):
        X = Xs[:, i: i + num_steps]
        Y = Ys[:, i: i + num_steps]
        yield X, Y
```",0,746,160,183,c22620a96e3fbd97526f13ea9ccf508307d1175ea9bb8d3a5b6dfefb098a3f7f,CORPUS_EXTRACTED,EXACT_SOURCE_SUBSTRING,BACKUP,C1,d2lce_e8992d8478a28e673fe551dc,d2l_selected_campaign_scope_v1,PASS_CORPUS_EXTRACTED,"Exact source substring, hashes, provenance, and offsets verified.",False,True,ctx_e9575e9da1e8984c39373503,095d1eb19108eac69eb4c3c7f29784a415e5cae332d8679e3098d2d02ef1dfc6,d2l_methodology_corpus_origin_audit,1.0.0
ctx_e9947a95d89c9d79c07f1e69,document,d2l_recurrent_neural_networks,d2l_recurrent_neural_networks_rnn_scratch_b036,sentence_54987552a27678ba22c968af,"Let us [**check whether the outputs have the correct shapes**], e.g., to ensure that the dimensionality of the hidden state remains unchanged.",0,142,89,103,c22620a96e3fbd97526f13ea9ccf508307d1175ea9bb8d3a5b6dfefb098a3f7f,CORPUS_EXTRACTED,EXACT_SOURCE_SUBSTRING,BACKUP,C1,d2lce_f3dedf5fcd54a46940474022,d2l_selected_campaign_scope_v1,PASS_CORPUS_EXTRACTED,"Exact source substring, hashes, provenance, and offsets verified.",False,True,ctx_e9947a95d89c9d79c07f1e69,b245c4ef1298e6fe66459438ff70db79f029ef877e2485dc41ab75e2c58a04fa,d2l_methodology_corpus_origin_audit,1.0.0
ctx_e9df20e49655a73442ecc990,document,d2l_computer_vision,d2l_computer_vision_neural_style_b004,sentence_e068ff88f9694e7449d74034,"![Given content and style images, style transfer outputs a synthesized image.](../img/style-transfer.svg)
:label:`fig_style_transfer`",0,133,34,48,c22620a96e3fbd97526f13ea9ccf508307d1175ea9bb8d3a5b6dfefb098a3f7f,CORPUS_EXTRACTED,EXACT_SOURCE_SUBSTRING,PRIMARY,C3,d2lce_041add3a2f3aa452408a5384,d2l_selected_campaign_scope_v1,PASS_CORPUS_EXTRACTED,"Exact source substring, hashes, provenance, and offsets verified.",True,True,ctx_e9df20e49655a73442ecc990,ebae76a613590a5f76986b81459288e73c57e849b65054718f538865ea01c8b8,d2l_methodology_corpus_origin_audit,1.0.0
ctx_ea5790fe6044cd61bc133385,document,d2l_introduction,d2l_introduction_index_b015,sentence_4dc923592f20885f25666f07,"In other words,
we *train* our model with data.",304,351,20,25,c22620a96e3fbd97526f13ea9ccf508307d1175ea9bb8d3a5b6dfefb098a3f7f,CORPUS_EXTRACTED,EXACT_SOURCE_SUBSTRING,PRIMARY,C3,d2lce_d1ca2fd5568e11a79b1b3366,d2l_selected_campaign_scope_v1,PASS_CORPUS_EXTRACTED,"Exact source substring, hashes, provenance, and offsets verified.",True,True,ctx_ea5790fe6044cd61bc133385,7fa555b9d534cbf56b1bc94cc0b4038fca150150d84e330e02cf51315614ed10,d2l_methodology_corpus_origin_audit,1.0.0
ctx_ea66b3ce575e4204be2d5f9e,document,d2l_recurrent_neural_networks,d2l_recurrent_neural_networks_text_preprocessing_b014,sentence_43e891d8bf3d0eb20562a95c,Any token that does not exist in the corpus or has been removed is mapped into a special unknown token “&lt;unk&gt;”.,485,602,89,102,c22620a96e3fbd97526f13ea9ccf508307d1175ea9bb8d3a5b6dfefb098a3f7f,CORPUS_EXTRACTED,EXACT_SOURCE_SUBSTRING,PRIMARY,C1,d2lce_9e5c3dd254843c7ec95d4960,d2l_selected_campaign_scope_v1,PASS_CORPUS_EXTRACTED,"Exact source substring, hashes, provenance, and offsets verified.",True,True,ctx_ea66b3ce575e4204be2d5f9e,68668ee3a1a35c8b07833db7fe4b2598b0d74d2c5b7c0057179b3c66e3b84859,d2l_methodology_corpus_origin_audit,1.0.0
ctx_ea695244ac38f31f89ef729b,document,d2l_recurrent_neural_networks,d2l_recurrent_neural_networks_sequence_b023,sentence_fb2c63e4cf86ca3825c60497,"Now the *input* for step 2 is perturbed by $\epsilon_1$, hence we suffer some error in the order of $\epsilon_2 = \bar\epsilon + c \epsilon_1$ for some constant $c$, and so on.",10055,10231,152,160,c22620a96e3fbd97526f13ea9ccf508307d1175ea9bb8d3a5b6dfefb098a3f7f,CORPUS_EXTRACTED,EXACT_SOURCE_SUBSTRING,PRIMARY,C1,d2lce_46e81052dcb25b16e429062a,d2l_selected_campaign_scope_v1,PASS_CORPUS_EXTRACTED,"Exact source substring, hashes, provenance, and offsets verified.",True,True,ctx_ea695244ac38f31f89ef729b,2b0a6cf49e21983744a4845988dc8f211d7fb120b009a513f0546245357d32c1,d2l_methodology_corpus_origin_audit,1.0.0
ctx_ea72ec8122738d9978381416,document,d2l_appendix_mathematics_for_deep_learning,d2l_appendix_mathematics_for_deep_learning_geometry_linear_algebraic_ops_b098,sentence_76de0c91899f1761556a3b72,"and show that $\mathbf{C}$ has rank two since, for instance,
the first two columns are linearly independent,
however any of the four collections of three columns are dependent.",0,176,87,107,c22620a96e3fbd97526f13ea9ccf508307d1175ea9bb8d3a5b6dfefb098a3f7f,CORPUS_EXTRACTED,EXACT_SOURCE_SUBSTRING,BACKUP,C2,d2lce_e246c0d41c7b8bc2c145f69a,d2l_selected_campaign_scope_v1,PASS_CORPUS_EXTRACTED,"Exact source substring, hashes, provenance, and offsets verified.",False,True,ctx_ea72ec8122738d9978381416,dd20f8aed2c2fb5568b9e7b2de804543e95c8ce944dda570b83d0e41c73607ed,d2l_methodology_corpus_origin_audit,1.0.0
ctx_eaaf8f351dd451d99604be0e,document,d2l_preliminaries,d2l_preliminaries_ndarray_b019,sentence_809b981c15da22dbe29d3a1b,"(**We can access a tensor's *shape***) (~~and the total number of elements~~) (the length along each axis)
by inspecting its `shape` property.",0,142,29,34,c22620a96e3fbd97526f13ea9ccf508307d1175ea9bb8d3a5b6dfefb098a3f7f,CORPUS_EXTRACTED,EXACT_SOURCE_SUBSTRING,PRIMARY,C1,d2lce_7d91b65d1e0031ab994be237,d2l_selected_campaign_scope_v1,PASS_CORPUS_EXTRACTED,"Exact source substring, hashes, provenance, and offsets verified.",True,True,ctx_eaaf8f351dd451d99604be0e,352b1b64f814cae157f053ab95d1e9b53ffede4cd7944ff35b119e518da70c2e,d2l_methodology_corpus_origin_audit,1.0.0
ctx_eaf1420ee977982e7eb8baf6,document,d2l_preliminaries,d2l_preliminaries_autograd_b045,sentence_c964b75b062dac43ec1a12f5,## Computing the Gradient of Python Control Flow,0,48,36,48,c22620a96e3fbd97526f13ea9ccf508307d1175ea9bb8d3a5b6dfefb098a3f7f,CORPUS_EXTRACTED,EXACT_SOURCE_SUBSTRING,PRIMARY,C1,d2lce_6c7e95cd232fb7fcca6b3bdc,d2l_selected_campaign_scope_v1,PASS_CORPUS_EXTRACTED,"Exact source substring, hashes, provenance, and offsets verified.",True,True,ctx_eaf1420ee977982e7eb8baf6,ca6b59ea66ad3a26122e67951c699e03d18d000fc28694c769492b2af8a9e25c,d2l_methodology_corpus_origin_audit,1.0.0
ctx_eafeb346f16534dd44c4414d,document,d2l_linear_networks,d2l_linear_networks_softmax_regression_b018,sentence_f175f09b17949d79fdfe6562,"## Parameterization Cost of Fully-Connected Layers
:label:`subsec_parameterization-cost-fc-layers`",0,98,28,50,c22620a96e3fbd97526f13ea9ccf508307d1175ea9bb8d3a5b6dfefb098a3f7f,CORPUS_EXTRACTED,EXACT_SOURCE_SUBSTRING,BACKUP,C1,d2lce_98b37a7bcb47cd2ef2e5f296,d2l_selected_campaign_scope_v1,PASS_CORPUS_EXTRACTED,"Exact source substring, hashes, provenance, and offsets verified.",False,True,ctx_eafeb346f16534dd44c4414d,209462aaaabe856b76321b092e6ee9b123e3331300e4b31148effd382c70ec2b,d2l_methodology_corpus_origin_audit,1.0.0
ctx_eb00b5802d52495b67261199,document,d2l_appendix_mathematics_for_deep_learning,d2l_appendix_mathematics_for_deep_learning_naive_bayes_b063,sentence_6a268a6c6300c9e5d3dcb9de,"```{.python .input}
a = 0.1
print('underflow:', a**784)
print('logarithm is normal:', 784*math.log(a))
```",0,106,35,44,c22620a96e3fbd97526f13ea9ccf508307d1175ea9bb8d3a5b6dfefb098a3f7f,CORPUS_EXTRACTED,EXACT_SOURCE_SUBSTRING,PRIMARY,C3,d2lce_9bd5113780f8e8160a24e6ad,d2l_selected_campaign_scope_v1,PASS_CORPUS_EXTRACTED,"Exact source substring, hashes, provenance, and offsets verified.",True,True,ctx_eb00b5802d52495b67261199,9e41548533aec3a6e87d3af40013a173c8ba212d1e1ee29a2f438a9e02113138,d2l_methodology_corpus_origin_audit,1.0.0
ctx_eb05e20b7827c8e88746abb2,document,d2l_computational_performance,d2l_computational_performance_hardware_b009,sentence_18eb86d3e0918935e84ad97d,"As :numref:`fig_mobo-symbol` indicates, most components (network, GPU, and storage) are connected to the CPU across the PCIe bus.",0,129,120,124,c22620a96e3fbd97526f13ea9ccf508307d1175ea9bb8d3a5b6dfefb098a3f7f,CORPUS_EXTRACTED,EXACT_SOURCE_SUBSTRING,PRIMARY,C2,d2lce_35df896f9860f8aac814ce37,d2l_selected_campaign_scope_v1,PASS_CORPUS_EXTRACTED,"Exact source substring, hashes, provenance, and offsets verified.",True,True,ctx_eb05e20b7827c8e88746abb2,819bf2480ddb7014bbdbac28245cb122673b32fe458a02358078b16b7d06807d,d2l_methodology_corpus_origin_audit,1.0.0
ctx_ebc0a0797c85b97bb1f894e1,document,d2l_natural_language_processing_applications,d2l_natural_language_processing_applications_natural_language_inference_and_dataset_b006,sentence_69d2839052dd1f09fe5a748e,Natural language inference is also known as the recognizing textual entailment task.,0,84,68,78,c22620a96e3fbd97526f13ea9ccf508307d1175ea9bb8d3a5b6dfefb098a3f7f,CORPUS_EXTRACTED,EXACT_SOURCE_SUBSTRING,BACKUP,C2,d2lce_ca2ca961829e131bbc0fd92b,d2l_selected_campaign_scope_v1,PASS_CORPUS_EXTRACTED,"Exact source substring, hashes, provenance, and offsets verified.",False,True,ctx_ebc0a0797c85b97bb1f894e1,96a51dbf7b75c2e0dc2c7628a9f56de3ed5655c1591afddfc855fc25c4f3eb6f,d2l_methodology_corpus_origin_audit,1.0.0
ctx_ebf04bc98574f005873df1b9,document,d2l_computational_performance,d2l_computational_performance_async_computation_b018,sentence_619aab1bc703a23db2ac3702,Let us look at another toy example to understand the dependency graph a bit better.,0,83,53,63,c22620a96e3fbd97526f13ea9ccf508307d1175ea9bb8d3a5b6dfefb098a3f7f,CORPUS_EXTRACTED,EXACT_SOURCE_SUBSTRING,BACKUP,C2,d2lce_144baca5ccb9be2154705e92,d2l_selected_campaign_scope_v1,PASS_CORPUS_EXTRACTED,"Exact source substring, hashes, provenance, and offsets verified.",False,True,ctx_ebf04bc98574f005873df1b9,2100c96f2e6a6b436103c34725431f5454d1adc72350b1b99a0f79d32f6b3b94,d2l_methodology_corpus_origin_audit,1.0.0
ctx_ec292af69704274aef814a00,document,d2l_computer_vision,d2l_computer_vision_anchor_b007,sentence_5090b2df768ec575a506b2e9,"Let the *scale* be $s\in (0, 1]$ and
the *aspect ratio* (ratio of width to height) is $r > 0$.",152,246,42,54,c22620a96e3fbd97526f13ea9ccf508307d1175ea9bb8d3a5b6dfefb098a3f7f,CORPUS_EXTRACTED,EXACT_SOURCE_SUBSTRING,PRIMARY,C4,d2lce_ddf8557de1cd5ff23b86e10e,d2l_selected_campaign_scope_v1,PASS_CORPUS_EXTRACTED,"Exact source substring, hashes, provenance, and offsets verified.",True,True,ctx_ec292af69704274aef814a00,e4774d168bd0761b0a13fcf4464c5b5f156c54e8d45372deca8d779f4803bc5d,d2l_methodology_corpus_origin_audit,1.0.0
ctx_ece546a2d6d19914a8d8e91c,document,d2l_convolutional_modern,d2l_convolutional_modern_vgg_b013,sentence_97cff04d6cd2dbb44e48c3d1,"Like AlexNet and LeNet,
the VGG Network can be partitioned into two parts:
the first consisting mostly of convolutional and pooling layers
and the second consisting of fully-connected layers.",0,191,28,39,c22620a96e3fbd97526f13ea9ccf508307d1175ea9bb8d3a5b6dfefb098a3f7f,CORPUS_EXTRACTED,EXACT_SOURCE_SUBSTRING,PRIMARY,C1,d2lce_7be1455c48134d411f51fe7c,d2l_selected_campaign_scope_v1,PASS_CORPUS_EXTRACTED,"Exact source substring, hashes, provenance, and offsets verified.",True,True,ctx_ece546a2d6d19914a8d8e91c,5962c4dbcc6c46891264bdb7af137dd3585eb235d28c91353a7a7ea524c95126,d2l_methodology_corpus_origin_audit,1.0.0
ctx_ed7839f97c63c1b48869a6f0,document,d2l_computer_vision,d2l_computer_vision_fine_tuning_b024,sentence_86531b13a9dd3208d795cf93,"In addition, 
for the three RGB (red, green, and blue) color channels
we *standardize* their values channel by channel.",295,414,74,85,c22620a96e3fbd97526f13ea9ccf508307d1175ea9bb8d3a5b6dfefb098a3f7f,CORPUS_EXTRACTED,EXACT_SOURCE_SUBSTRING,PRIMARY,C1,d2lce_d53294d467b28b07bf000b10,d2l_selected_campaign_scope_v1,PASS_CORPUS_EXTRACTED,"Exact source substring, hashes, provenance, and offsets verified.",True,True,ctx_ed7839f97c63c1b48869a6f0,5c43a52e4d5a69306763645032f25a04e66c0a4066ee0ea8d08887065aa2a808,d2l_methodology_corpus_origin_audit,1.0.0
ctx_eda09302351a178011612455,document,d2l_computational_performance,d2l_computational_performance_async_computation_b015,sentence_f65006cddc55844f4ad474e9,"Regardless of the frontend programming language used, the execution of MXNet programs occurs primarily in the backend of C++ implementations.",315,456,18,26,c22620a96e3fbd97526f13ea9ccf508307d1175ea9bb8d3a5b6dfefb098a3f7f,CORPUS_EXTRACTED,EXACT_SOURCE_SUBSTRING,BACKUP,C2,d2lce_24988c975f984ef488776c0b,d2l_selected_campaign_scope_v1,PASS_CORPUS_EXTRACTED,"Exact source substring, hashes, provenance, and offsets verified.",False,True,ctx_eda09302351a178011612455,e856fccbfa5aa530fa2702c41a19c8a070083cd5daccbc4ce0bbfb5e8a0bda94,d2l_methodology_corpus_origin_audit,1.0.0
ctx_edcd80c52e50572aaffd0ddf,document,d2l_natural_language_processing_pretraining,d2l_natural_language_processing_pretraining_approx_training_b022,sentence_8fc684b979f03a4be6cf50b4,"![Hierarchical softmax for approximate training, where each leaf node of the tree represents a word in the dictionary.](../img/hi-softmax.svg)
:label:`fig_hi_softmax`",0,166,27,47,c22620a96e3fbd97526f13ea9ccf508307d1175ea9bb8d3a5b6dfefb098a3f7f,CORPUS_EXTRACTED,EXACT_SOURCE_SUBSTRING,BACKUP,C2,d2lce_28ab2b419f6b871a62a06060,d2l_selected_campaign_scope_v1,PASS_CORPUS_EXTRACTED,"Exact source substring, hashes, provenance, and offsets verified.",False,True,ctx_edcd80c52e50572aaffd0ddf,0ac8636805d2db0e05f0b6f0e44665d05acd2a2120a97229dd39a98d42781158,d2l_methodology_corpus_origin_audit,1.0.0
ctx_edee5fe2e1661000bfa4fb46,document,d2l_computer_vision,d2l_computer_vision_anchor_b008,sentence_01f3dea307145bea57d193d9,"To generate multiple anchor boxes with different shapes,
let us set a series of scales
$s_1,\ldots, s_n$ and 
a series of aspect ratios $r_1,\ldots, r_m$.",0,154,122,135,c22620a96e3fbd97526f13ea9ccf508307d1175ea9bb8d3a5b6dfefb098a3f7f,CORPUS_EXTRACTED,EXACT_SOURCE_SUBSTRING,PRIMARY,C1,d2lce_ddf8557de1cd5ff23b86e10e,d2l_selected_campaign_scope_v1,PASS_CORPUS_EXTRACTED,"Exact source substring, hashes, provenance, and offsets verified.",True,True,ctx_edee5fe2e1661000bfa4fb46,5926affe66d822f005352ca617ce88c4696db28d1f272efb037f9e90f21a800a,d2l_methodology_corpus_origin_audit,1.0.0
ctx_edef178f074ab52163e1ff73,document,d2l_preliminaries,d2l_preliminaries_linear_algebra_b188,sentence_9d4b202aa38f48c7f859b76e,"In deep learning, we are often trying to solve optimization problems:
*maximize* the probability assigned to observed data;
*minimize* the distance between predictions
and the ground-truth observations.",129,331,189,201,c22620a96e3fbd97526f13ea9ccf508307d1175ea9bb8d3a5b6dfefb098a3f7f,CORPUS_EXTRACTED,EXACT_SOURCE_SUBSTRING,UNSELECTED,NONE,d2lce_4f85955c4fd10e184dc97d32,d2l_selected_campaign_scope_v1,PASS_CORPUS_EXTRACTED,"Exact source substring, hashes, provenance, and offsets verified.",False,False,ctx_edef178f074ab52163e1ff73,77d0bf778db11555ffbe2729614dbc5a3bb15999b93065fdeb7ce25f80e6b6c5,d2l_methodology_corpus_origin_audit,1.0.0
ctx_ee12194666632f9d5902d342,document,d2l_recurrent_modern,d2l_recurrent_modern_gru_b040,sentence_428714e584ec84a270a24e31,Now we will define [**the hidden state initialization function**] `init_gru_state`.,0,83,39,53,c22620a96e3fbd97526f13ea9ccf508307d1175ea9bb8d3a5b6dfefb098a3f7f,CORPUS_EXTRACTED,EXACT_SOURCE_SUBSTRING,BACKUP,C2,d2lce_8373decbb6e405f0386ec8a0,d2l_selected_campaign_scope_v1,PASS_CORPUS_EXTRACTED,"Exact source substring, hashes, provenance, and offsets verified.",False,True,ctx_ee12194666632f9d5902d342,811c0b6bf8d4ded4b67940d2e00d8b84403df80270ac97f577dafcebf559219f,d2l_methodology_corpus_origin_audit,1.0.0
ctx_ee34c2df4e3b3b9663241088,document,d2l_appendix_mathematics_for_deep_learning,d2l_appendix_mathematics_for_deep_learning_naive_bayes_b030,sentence_248d3ba44e4aa61928bb62a1,"In a classification task, we map an example into a category.",0,60,5,24,c22620a96e3fbd97526f13ea9ccf508307d1175ea9bb8d3a5b6dfefb098a3f7f,CORPUS_EXTRACTED,EXACT_SOURCE_SUBSTRING,PRIMARY,C1,d2lce_d89e6e83e5f07d1fcb18c6aa,d2l_selected_campaign_scope_v1,PASS_CORPUS_EXTRACTED,"Exact source substring, hashes, provenance, and offsets verified.",True,True,ctx_ee34c2df4e3b3b9663241088,15ff4f48c0d8d890ef0202bb6ae5d27ef0551071fcce225834eb3fd3e0716cae,d2l_methodology_corpus_origin_audit,1.0.0
ctx_eef3a0e3a150b78b03b45d89,document,d2l_optimization,d2l_optimization_optimization_intro_b030,sentence_c18b91bf97ffd834a47fcc1a,This makes saddle points more likely than local minima.,113,168,48,54,c22620a96e3fbd97526f13ea9ccf508307d1175ea9bb8d3a5b6dfefb098a3f7f,CORPUS_EXTRACTED,EXACT_SOURCE_SUBSTRING,BACKUP,C1,d2lce_455f2de181035ca8388c30b0,d2l_selected_campaign_scope_v1,PASS_CORPUS_EXTRACTED,"Exact source substring, hashes, provenance, and offsets verified.",False,True,ctx_eef3a0e3a150b78b03b45d89,933c5c3df2e5955447dc39280560c3c0d02b25dfaa9672f8ea4acf6a180dd8af,d2l_methodology_corpus_origin_audit,1.0.0
ctx_ef08148c1866b77ae7d4ed7f,document,d2l_recurrent_modern,d2l_recurrent_modern_lstm_b004,sentence_5c55018b2481b5ab6faeb4f1,We refer to this as the *input gate*.,514,551,25,35,c22620a96e3fbd97526f13ea9ccf508307d1175ea9bb8d3a5b6dfefb098a3f7f,CORPUS_EXTRACTED,EXACT_SOURCE_SUBSTRING,PRIMARY,C1,d2lce_c6c1c6e96c39b88a9f94e8d9,d2l_selected_campaign_scope_v1,PASS_CORPUS_EXTRACTED,"Exact source substring, hashes, provenance, and offsets verified.",True,True,ctx_ef08148c1866b77ae7d4ed7f,5d9a5991940951c74d1ff4a4ea2994880adc6628ae7b3ae3a80b4ae8c11c4b08,d2l_methodology_corpus_origin_audit,1.0.0
ctx_ef578138a49d3927c6563ea2,document,d2l_appendix_mathematics_for_deep_learning,d2l_appendix_mathematics_for_deep_learning_statistics_b036,sentence_1c7a62590fff4a6e61ffdc90,"```{.python .input}
#@tab pytorch
# Statistical bias
def stat_bias(true_theta, est_theta):
    return(torch.mean(est_theta) - true_theta)

# Mean squared error
def mse(data, true_theta):
    return(torch.mean(torch.square(data - true_theta)))
```",0,246,36,52,c22620a96e3fbd97526f13ea9ccf508307d1175ea9bb8d3a5b6dfefb098a3f7f,CORPUS_EXTRACTED,EXACT_SOURCE_SUBSTRING,PRIMARY,C4,d2lce_b5d6207f8142a696435e27e0,d2l_selected_campaign_scope_v1,PASS_CORPUS_EXTRACTED,"Exact source substring, hashes, provenance, and offsets verified.",True,True,ctx_ef578138a49d3927c6563ea2,fde05e0c2edbceb126b03e2fda79fc7d7f134855d39ad0fc10a4860ced3d0a40,d2l_methodology_corpus_origin_audit,1.0.0
ctx_ef837c5a48f145a0fcf4a0e0,document,d2l_multilayer_perceptrons,d2l_multilayer_perceptrons_environment_b067,sentence_21f8a16a594b4c8cce31ba79,"One nice thing about label shift is that
if we have a reasonably good model
on the source distribution,
then we can get consistent estimates of these weights
without ever having to deal with the ambient dimension.",0,213,21,32,c22620a96e3fbd97526f13ea9ccf508307d1175ea9bb8d3a5b6dfefb098a3f7f,CORPUS_EXTRACTED,EXACT_SOURCE_SUBSTRING,PRIMARY,C2,d2lce_a5537c415bcbe54cdd82a669,d2l_selected_campaign_scope_v1,PASS_CORPUS_EXTRACTED,"Exact source substring, hashes, provenance, and offsets verified.",True,True,ctx_ef837c5a48f145a0fcf4a0e0,ee52e7f6f05ecba9efa6e07c62c628d3ffc62790331d4ebfdbee9f7d95ba8a19,d2l_methodology_corpus_origin_audit,1.0.0
ctx_efedd61e884ed0fdc81eff25,document,d2l_recommender_systems,d2l_recommender_systems_seqrec_b003,sentence_cc4e0ff54c598e39504930cb,"The main component of Caser consists of a horizontal convolutional network and a vertical convolutional network, aiming to uncover the union-level and point-level sequence patterns, respectively.",229,424,22,27,c22620a96e3fbd97526f13ea9ccf508307d1175ea9bb8d3a5b6dfefb098a3f7f,CORPUS_EXTRACTED,EXACT_SOURCE_SUBSTRING,PRIMARY,C4,d2lce_52085fef12f840d2350b2049,d2l_selected_campaign_scope_v1,PASS_CORPUS_EXTRACTED,"Exact source substring, hashes, provenance, and offsets verified.",True,True,ctx_efedd61e884ed0fdc81eff25,684df94a437d3298a84c71eb1f36aecf0ace43c8e84cb4ea465dcb3956674591,d2l_methodology_corpus_origin_audit,1.0.0
ctx_f02e4c6150e91731a4b448a8,document,d2l_convolutional_neural_networks,d2l_convolutional_neural_networks_pooling_b019,sentence_f030b2307b9f45c5f37604d9,We can construct the input tensor `X` in :numref:`fig_pooling` to [**validate the output of the two-dimensional maximum pooling layer**].,0,137,112,133,c22620a96e3fbd97526f13ea9ccf508307d1175ea9bb8d3a5b6dfefb098a3f7f,CORPUS_EXTRACTED,EXACT_SOURCE_SUBSTRING,BACKUP,C3,d2lce_c343a692fe9bdfdabefe7687,d2l_selected_campaign_scope_v1,PASS_CORPUS_EXTRACTED,"Exact source substring, hashes, provenance, and offsets verified.",False,True,ctx_f02e4c6150e91731a4b448a8,e244c98f7a722dbe4e491dc60fc88b94fb368ccc0086e0479bd6cf7de465ab88,d2l_methodology_corpus_origin_audit,1.0.0
ctx_f0330e5bbe33531cd9316565,document,d2l_attention_mechanisms,d2l_attention_mechanisms_attention_cues_b028,sentence_4e7fc31efacc45276c9def8f,"* Attention mechanisms bias selection over values (sensory inputs) via attention pooling, which incorporates queries (volitional cues) and keys (nonvolitional cues).",343,508,145,163,c22620a96e3fbd97526f13ea9ccf508307d1175ea9bb8d3a5b6dfefb098a3f7f,CORPUS_EXTRACTED,EXACT_SOURCE_SUBSTRING,BACKUP,C4,d2lce_abae8f75b732ffe9c8a965c0,d2l_selected_campaign_scope_v1,PASS_CORPUS_EXTRACTED,"Exact source substring, hashes, provenance, and offsets verified.",False,True,ctx_f0330e5bbe33531cd9316565,81c2313d5e8e35e6a2355122dbff36edb35ff9c8ea34c83eb52868da6c27affb,d2l_methodology_corpus_origin_audit,1.0.0
ctx_f04ed703e48d432f4e1b350f,document,d2l_natural_language_processing_pretraining,d2l_natural_language_processing_pretraining_bert_pretraining_b027,sentence_4d5381ec26f7b90cdfea37ac,"In :numref:`chap_nlp_app`, we will fine-tune a pretrained BERT model
for downstream natural language processing applications.",0,125,47,62,c22620a96e3fbd97526f13ea9ccf508307d1175ea9bb8d3a5b6dfefb098a3f7f,CORPUS_EXTRACTED,EXACT_SOURCE_SUBSTRING,PRIMARY,C1,d2lce_e27a9787bb13f8580103adc4,d2l_selected_campaign_scope_v1,PASS_CORPUS_EXTRACTED,"Exact source substring, hashes, provenance, and offsets verified.",True,True,ctx_f04ed703e48d432f4e1b350f,cb1aecfa8ad233b6d53a18c731fbc63df40cf85248e1a3fb8d424bf79321a08e,d2l_methodology_corpus_origin_audit,1.0.0
ctx_f0652b693aa1982997b28188,document,d2l_recurrent_neural_networks,d2l_recurrent_neural_networks_language_models_and_dataset_b054,sentence_9ad3a654e37f34be42cc752a,"In addition to random sampling of the original sequence, [**we can also ensure that 
the subsequences from two adjacent minibatches
during iteration
are adjacent on the original sequence.**]
This strategy preserves the order of split subsequences when iterating over minibatches, hence is called sequential partitioning.",0,320,296,319,c22620a96e3fbd97526f13ea9ccf508307d1175ea9bb8d3a5b6dfefb098a3f7f,CORPUS_EXTRACTED,EXACT_SOURCE_SUBSTRING,PRIMARY,C1,d2lce_e8992d8478a28e673fe551dc,d2l_selected_campaign_scope_v1,PASS_CORPUS_EXTRACTED,"Exact source substring, hashes, provenance, and offsets verified.",True,True,ctx_f0652b693aa1982997b28188,d003bafa77370039349019fa27a7c347f4e5fd1f93ce8241b216e5ed8b77fa18,d2l_methodology_corpus_origin_audit,1.0.0
ctx_f06f07b9418a51a6b9edecab,document,d2l_natural_language_processing_applications,d2l_natural_language_processing_applications_natural_language_inference_and_dataset_b025,sentence_bf3483a65ea77072ca388fb2,"The following shows that 
the three labels ""entailment"", ""contradiction"", and ""neutral"" are balanced in 
both the training set and the testing set.",84,231,44,54,c22620a96e3fbd97526f13ea9ccf508307d1175ea9bb8d3a5b6dfefb098a3f7f,CORPUS_EXTRACTED,EXACT_SOURCE_SUBSTRING,PRIMARY,C2,d2lce_ca2ca961829e131bbc0fd92b,d2l_selected_campaign_scope_v1,PASS_CORPUS_EXTRACTED,"Exact source substring, hashes, provenance, and offsets verified.",True,True,ctx_f06f07b9418a51a6b9edecab,ea5c74835dd776cf1605d11838c7aaeb3a6a6c7646d856796915ec7ce55eb47d,d2l_methodology_corpus_origin_audit,1.0.0
ctx_f07eed0f884f117c57662fd2,document,d2l_appendix_mathematics_for_deep_learning,d2l_appendix_mathematics_for_deep_learning_geometry_linear_algebraic_ops_b092,sentence_31299b908382b938afd2c883,"If the columns of a matrix are linearly independent,
no compression occurs and the operation can be undone.",360,467,31,51,c22620a96e3fbd97526f13ea9ccf508307d1175ea9bb8d3a5b6dfefb098a3f7f,CORPUS_EXTRACTED,EXACT_SOURCE_SUBSTRING,BACKUP,C2,d2lce_e246c0d41c7b8bc2c145f69a,d2l_selected_campaign_scope_v1,PASS_CORPUS_EXTRACTED,"Exact source substring, hashes, provenance, and offsets verified.",False,True,ctx_f07eed0f884f117c57662fd2,55904f7f33e14f8865f1780280ab0592b749b1b25a3f84cc17f020e424262027,d2l_methodology_corpus_origin_audit,1.0.0
ctx_f0c64b01d15f034d29c1d6ce,document,d2l_installation,d2l_installation_index_b038,sentence_3db6a583ed5df7dccea64584,"Assume that you have installed CUDA 10.1,
then you can install with the following command:",151,241,31,35,c22620a96e3fbd97526f13ea9ccf508307d1175ea9bb8d3a5b6dfefb098a3f7f,CORPUS_EXTRACTED,EXACT_SOURCE_SUBSTRING,PRIMARY,C3,d2lce_ebd36388b50538b928ebbb4a,d2l_selected_campaign_scope_v1,PASS_CORPUS_EXTRACTED,"Exact source substring, hashes, provenance, and offsets verified.",True,True,ctx_f0c64b01d15f034d29c1d6ce,dd5d7df36ab54b110cc1ecc6f789dd5e8d687b1e310b7fedeac96450b748c9da,d2l_methodology_corpus_origin_audit,1.0.0
ctx_f11208ffa6d465fe135750ee,document,d2l_optimization,d2l_optimization_optimization_intro_b028,sentence_1c59deebbd7ea53225198a0c,"We assume that the input of a function is a $k$-dimensional vector and its
output is a scalar, so its Hessian matrix will have $k$ eigenvalues
(refer to the [online appendix on eigendecompositions](https://d2l.ai/chapter_appendix-mathematics-for-deep-learning/eigendecomposition.html)).",0,286,177,196,c22620a96e3fbd97526f13ea9ccf508307d1175ea9bb8d3a5b6dfefb098a3f7f,CORPUS_EXTRACTED,EXACT_SOURCE_SUBSTRING,BACKUP,C1,d2lce_10d4d01fa40b67d92527e5ed,d2l_selected_campaign_scope_v1,PASS_CORPUS_EXTRACTED,"Exact source substring, hashes, provenance, and offsets verified.",False,True,ctx_f11208ffa6d465fe135750ee,4900bba74c0cda560107876a0eafa2c8c6adf320a4f21892eadedb20eee39ea5,d2l_methodology_corpus_origin_audit,1.0.0
ctx_f1d2db847faaa16d40367e41,document,d2l_computer_vision,d2l_computer_vision_kaggle_cifar10_b052,sentence_f0d19a4c72bac7375a294640,"```{.python .input}
def train(net, train_iter, valid_iter, num_epochs, lr, wd, devices, lr_period,
          lr_decay):
    trainer = gluon.Trainer(net.collect_params(), 'sgd',
                            {'learning_rate': lr, 'momentum': 0.9, 'wd': wd})
    num_batches, timer = len(train_iter), d2l.Timer()
    legend = ['train loss', 'train acc']
    if valid_iter is not None:
        legend.append('valid acc')
    animator = d2l.Animator(xlabel='epoch', xlim=[1, num_epochs],
                            legend=legend)
    for epoch in range(num_epochs):
        metric = d2l.Accumulator(3)
        if epoch > 0 and epoch % lr_period == 0:
            trainer.set_learning_rate(trainer.learning_rate * lr_decay)
        for i, (features, labels) in enumerate(train_iter):
            timer.start()
            l, acc = d2l.train_batch_ch13(
                net, features, labels.astype('float32'), loss, trainer,
                devices, d2l.split_batch)
            metric.add(l, acc, labels.shape[0])
            timer.stop()
            if (i + 1) % (num_batches // 5) == 0 or i == num_batches - 1:
                animator.add(epoch + (i + 1) / num_batches,
                             (metric[0] / metric[2], metric[1] / metric[2],
                              None))
        if valid_iter is not None:
            valid_acc = d2l.evaluate_accuracy_gpus(net, valid_iter,
                                                   d2l.split_batch)
            animator.add(epoch + 1, (None, None, valid_acc))
    measures = (f'train loss {metric[0] / metric[2]:.3f}, '
                f'train acc {metric[1] / metric[2]:.3f}')
    if valid_iter is not None:
        measures += f', valid acc {valid_acc:.3f}'
    print(measures + f'\n{metric[2] * num_epochs / timer.sum():.1f}'
          f' examples/sec on {str(devices)}')
```",0,1831,228,236,c22620a96e3fbd97526f13ea9ccf508307d1175ea9bb8d3a5b6dfefb098a3f7f,CORPUS_EXTRACTED,EXACT_SOURCE_SUBSTRING,BACKUP,C2,d2lce_addfcc9899bef06c500b6b0e,d2l_selected_campaign_scope_v1,PASS_CORPUS_EXTRACTED,"Exact source substring, hashes, provenance, and offsets verified.",False,True,ctx_f1d2db847faaa16d40367e41,460607106a3c830822fc9e7a456ab37049a651a2f7c737e0b99fa65ade546165,d2l_methodology_corpus_origin_audit,1.0.0
ctx_f1dca10462ef375780339aec,document,d2l_preface,d2l_preface_index_b014,sentence_aa78e3be46bd55c67e20fedc,"While we take some time at the outset to teach
fundamental preliminaries, like linear algebra and probability,
we want you to taste the satisfaction of training your first model
before worrying about more esoteric probability distributions.",172,412,226,239,c22620a96e3fbd97526f13ea9ccf508307d1175ea9bb8d3a5b6dfefb098a3f7f,CORPUS_EXTRACTED,EXACT_SOURCE_SUBSTRING,UNSELECTED,NONE,d2lce_c47822c187c02e12aa499ec6,d2l_selected_campaign_scope_v1,PASS_CORPUS_EXTRACTED,"Exact source substring, hashes, provenance, and offsets verified.",False,False,ctx_f1dca10462ef375780339aec,d1620e21b9d4df47634ac01470e9296c125e2a32540527c2a231541fb904f810,d2l_methodology_corpus_origin_audit,1.0.0
ctx_f1e496939bf84efa5b0055a2,document,d2l_computational_performance,d2l_computational_performance_multiple_gpus_concise_b006,sentence_b0951b106791492a4411a123,"In particular, the difference from :numref:`sec_resnet` is that we use a smaller convolution kernel, stride, and padding at the beginning.",252,390,81,99,c22620a96e3fbd97526f13ea9ccf508307d1175ea9bb8d3a5b6dfefb098a3f7f,CORPUS_EXTRACTED,EXACT_SOURCE_SUBSTRING,PRIMARY,C2,d2lce_7c27fa40b039d07e81508741,d2l_selected_campaign_scope_v1,PASS_CORPUS_EXTRACTED,"Exact source substring, hashes, provenance, and offsets verified.",True,True,ctx_f1e496939bf84efa5b0055a2,4b41a5cd943e624c78f288413c77b64e46058ab94559fd6a093f99db8479b183,d2l_methodology_corpus_origin_audit,1.0.0
ctx_f1ff669290faa81e574f5c8e,document,d2l_linear_networks,d2l_linear_networks_index_b002,sentence_e818c865634d39dfad726a3f,"Fortunately, classic statistical learning techniques such as linear and softmax regression
can be cast as *linear* neural networks.",374,505,80,90,c22620a96e3fbd97526f13ea9ccf508307d1175ea9bb8d3a5b6dfefb098a3f7f,CORPUS_EXTRACTED,EXACT_SOURCE_SUBSTRING,PRIMARY,C1,d2lce_3b6a75bdbf023ea1f3ed2cc8,d2l_selected_campaign_scope_v1,PASS_CORPUS_EXTRACTED,"Exact source substring, hashes, provenance, and offsets verified.",True,True,ctx_f1ff669290faa81e574f5c8e,34f3345e1ae98b5d631b127df6cbb8afc2e91837e883b0633e765b81ccfe3dd4,d2l_methodology_corpus_origin_audit,1.0.0
ctx_f22071ca36597da8b867623d,document,d2l_natural_language_processing_pretraining,d2l_natural_language_processing_pretraining_bert_b023,sentence_c0bb39c49cc9ea9e8129e986,"![The embeddings of the BERT input sequence are the sum
of the token embeddings, segment embeddings, and positional embeddings.](../img/bert-input.svg)
:label:`fig_bert-input`",0,175,105,126,c22620a96e3fbd97526f13ea9ccf508307d1175ea9bb8d3a5b6dfefb098a3f7f,CORPUS_EXTRACTED,EXACT_SOURCE_SUBSTRING,BACKUP,C2,d2lce_d96258f97579b9b414c21815,d2l_selected_campaign_scope_v1,PASS_CORPUS_EXTRACTED,"Exact source substring, hashes, provenance, and offsets verified.",False,True,ctx_f22071ca36597da8b867623d,83624b517e3d8d93a65700134391935e7549871f17504485c0bda152eb23cecc,d2l_methodology_corpus_origin_audit,1.0.0
ctx_f250a8f9c758c2ea0187f79a,document,d2l_appendix_mathematics_for_deep_learning,d2l_appendix_mathematics_for_deep_learning_eigendecomposition_b034,sentence_e87df87fb4a67f0190a2bb39,"This tells us that for any positive power of a matrix,
the eigendecomposition is obtained by just raising the eigenvalues to the same power.",0,140,59,77,c22620a96e3fbd97526f13ea9ccf508307d1175ea9bb8d3a5b6dfefb098a3f7f,CORPUS_EXTRACTED,EXACT_SOURCE_SUBSTRING,PRIMARY,C1,d2lce_10d4d01fa40b67d92527e5ed,d2l_selected_campaign_scope_v1,PASS_CORPUS_EXTRACTED,"Exact source substring, hashes, provenance, and offsets verified.",True,True,ctx_f250a8f9c758c2ea0187f79a,b7bab84792a3bc34f6b6cfc6cde2e45f7b6bc33b48e7887cf72056b0313733f9,d2l_methodology_corpus_origin_audit,1.0.0
ctx_f297f857fe5597d369537a7a,document,d2l_multilayer_perceptrons,d2l_multilayer_perceptrons_backprop_b026,sentence_260bcfc11bb2f6de4c09dc79,"Here we use the $\text{prod}$ operator
to multiply its arguments
after the necessary operations,
such as transposition and swapping input positions,
have been carried out.",0,171,138,147,c22620a96e3fbd97526f13ea9ccf508307d1175ea9bb8d3a5b6dfefb098a3f7f,CORPUS_EXTRACTED,EXACT_SOURCE_SUBSTRING,BACKUP,C1,d2lce_06b54fbb7406aced0daac405,d2l_selected_campaign_scope_v1,PASS_CORPUS_EXTRACTED,"Exact source substring, hashes, provenance, and offsets verified.",False,True,ctx_f297f857fe5597d369537a7a,f7b9c493ba5f4bf16e686d208d5f63133fa3fa39509d9da56111b36255a80028,d2l_methodology_corpus_origin_audit,1.0.0
ctx_f29b2527186fc4269271140f,document,d2l_convolutional_modern,d2l_convolutional_modern_alexnet_b017,sentence_d411954463de53aea5b0b9c5,"The associated competition, dubbed the ImageNet Challenge
pushed computer vision and machine learning research forward,
challenging researchers to identify which models performed best
at a greater scale than academics had previously considered.",474,718,111,118,c22620a96e3fbd97526f13ea9ccf508307d1175ea9bb8d3a5b6dfefb098a3f7f,CORPUS_EXTRACTED,EXACT_SOURCE_SUBSTRING,UNSELECTED,NONE,d2lce_fbe9efe0d390976cb31e5af7,d2l_selected_campaign_scope_v1,PASS_CORPUS_EXTRACTED,"Exact source substring, hashes, provenance, and offsets verified.",False,False,ctx_f29b2527186fc4269271140f,d7f7b12df6c787f1c60082c4fa7e6648a2452a5af1acedccd00164a247916f33,d2l_methodology_corpus_origin_audit,1.0.0
ctx_f2b3de5d26527ae31c4c6363,document,d2l_appendix_mathematics_for_deep_learning,d2l_appendix_mathematics_for_deep_learning_maximum_likelihood_b054,sentence_d257530b82bc8d8b33a7d835,"Everything that we have done so far assumes we are working with discrete random variables, but what if we want to work with continuous ones?",0,140,64,89,c22620a96e3fbd97526f13ea9ccf508307d1175ea9bb8d3a5b6dfefb098a3f7f,CORPUS_EXTRACTED,EXACT_SOURCE_SUBSTRING,BACKUP,C5,d2lce_e1a7c8e04c91b48272b3b5ee,d2l_selected_campaign_scope_v1,PASS_CORPUS_EXTRACTED,"Exact source substring, hashes, provenance, and offsets verified.",False,True,ctx_f2b3de5d26527ae31c4c6363,9c41ad0e397ee68fca7482c53d0a9a5bade31c39694f2f2571bd1c831a292db9,d2l_methodology_corpus_origin_audit,1.0.0
ctx_f2e17ee567b215267ffa2690,document,d2l_convolutional_neural_networks,d2l_convolutional_neural_networks_conv_layer_b009,sentence_7903ae627796e7be773d504e,"Because the kernel has width and height greater than one,
we can only properly compute the cross-correlation
for locations where the kernel fits wholly within the image,
the output size is given by the input size $n_h \times n_w$
minus the size of the convolution kernel $k_h \times k_w$
via",84,375,252,270,c22620a96e3fbd97526f13ea9ccf508307d1175ea9bb8d3a5b6dfefb098a3f7f,CORPUS_EXTRACTED,EXACT_SOURCE_SUBSTRING,PRIMARY,C3,d2lce_7c27fa40b039d07e81508741,d2l_selected_campaign_scope_v1,PASS_CORPUS_EXTRACTED,"Exact source substring, hashes, provenance, and offsets verified.",True,True,ctx_f2e17ee567b215267ffa2690,556f41845cc64d596088def2159eed3ab0377b60109c2e686bc2653fd03b58ba,d2l_methodology_corpus_origin_audit,1.0.0
ctx_f2f9bdd4c1c0ac5391f9f713,document,d2l_attention_mechanisms,d2l_attention_mechanisms_attention_cues_b014,sentence_e79b8cc3fdceb32e5990c22d,These sensory inputs are called *values* in the context of attention mechanisms.,366,446,6,20,c22620a96e3fbd97526f13ea9ccf508307d1175ea9bb8d3a5b6dfefb098a3f7f,CORPUS_EXTRACTED,EXACT_SOURCE_SUBSTRING,PRIMARY,C3,d2lce_bc240ce7b3e0abeb18f82a6b,d2l_selected_campaign_scope_v1,PASS_CORPUS_EXTRACTED,"Exact source substring, hashes, provenance, and offsets verified.",True,True,ctx_f2f9bdd4c1c0ac5391f9f713,dc09ec72f05a22e1624d2848ce8296894419aac54b1adf07242e86768c31fa3c,d2l_methodology_corpus_origin_audit,1.0.0
ctx_f33974c8e2ea51a218101f34,document,d2l_linear_networks,d2l_linear_networks_softmax_regression_scratch_b025,sentence_394577d9bc4e81a23aca31b6,"Note that while this looks correct mathematically,
we were a bit sloppy in our implementation
because we failed to take precautions against numerical overflow or underflow
due to large or very small elements of the matrix.",0,222,162,171,c22620a96e3fbd97526f13ea9ccf508307d1175ea9bb8d3a5b6dfefb098a3f7f,CORPUS_EXTRACTED,EXACT_SOURCE_SUBSTRING,BACKUP,C2,d2lce_9bd5113780f8e8160a24e6ad,d2l_selected_campaign_scope_v1,PASS_CORPUS_EXTRACTED,"Exact source substring, hashes, provenance, and offsets verified.",False,True,ctx_f33974c8e2ea51a218101f34,df68ef4b2b651d4efb670e0b231ce0f20d7460cbcd9a8612d3c4e6fa4a5ed323,d2l_methodology_corpus_origin_audit,1.0.0
ctx_f3748c61eb87a6d37adb7d42,document,d2l_computational_performance,d2l_computational_performance_parameterserver_b008,sentence_1e71f197bd58cf231338f6e1,"Since the CPUs have too few PCIe lanes to connect to all GPUs directly (e.g., consumer-grade Intel CPUs have 24 lanes) we need a [multiplexer](https://www.broadcom.com/products/pcie-switches-bridges/pcie-switches).",488,702,33,38,c22620a96e3fbd97526f13ea9ccf508307d1175ea9bb8d3a5b6dfefb098a3f7f,CORPUS_EXTRACTED,EXACT_SOURCE_SUBSTRING,BACKUP,C4,d2lce_54e0621e7c3812cb511231dc,d2l_selected_campaign_scope_v1,PASS_CORPUS_EXTRACTED,"Exact source substring, hashes, provenance, and offsets verified.",False,True,ctx_f3748c61eb87a6d37adb7d42,17d0beab8f1f6f933841470c3785806b6dda25a00c385fc8a074df7a76605380,d2l_methodology_corpus_origin_audit,1.0.0
ctx_f39416c0356d035abdc7883d,document,d2l_recurrent_modern,d2l_recurrent_modern_gru_b013,sentence_c314b07c72b9375228103087,"where $\mathbf{W}_{xr}, \mathbf{W}_{xz} \in \mathbb{R}^{d \times h}$ and
$\mathbf{W}_{hr}, \mathbf{W}_{hz} \in \mathbb{R}^{h \times h}$ are weight
parameters and $\mathbf{b}_r, \mathbf{b}_z \in \mathbb{R}^{1 \times h}$ are
biases.",0,230,223,229,c22620a96e3fbd97526f13ea9ccf508307d1175ea9bb8d3a5b6dfefb098a3f7f,CORPUS_EXTRACTED,EXACT_SOURCE_SUBSTRING,PRIMARY,C1,d2lce_ad13d119a140210b487eeb9c,d2l_selected_campaign_scope_v1,PASS_CORPUS_EXTRACTED,"Exact source substring, hashes, provenance, and offsets verified.",True,True,ctx_f39416c0356d035abdc7883d,0e63ed2a3d5fd81e80cf49615b3829fb43fcc973228b6a8159a3f267df766e83,d2l_methodology_corpus_origin_audit,1.0.0
ctx_f394e4eeabb8358a5b205328,document,d2l_linear_networks,d2l_linear_networks_softmax_regression_b035,sentence_490dd188ba8c24634b04eec0,"We will rely on maximum likelihood estimation,
the very same concept that we encountered
when providing a probabilistic justification
for the mean squared error objective in linear regression
(:numref:`subsec_normal_distribution_and_squared_loss`).",85,333,142,160,c22620a96e3fbd97526f13ea9ccf508307d1175ea9bb8d3a5b6dfefb098a3f7f,CORPUS_EXTRACTED,EXACT_SOURCE_SUBSTRING,BACKUP,C1,d2lce_49603071e9c21eb4bcbdf1e7,d2l_selected_campaign_scope_v1,PASS_CORPUS_EXTRACTED,"Exact source substring, hashes, provenance, and offsets verified.",False,True,ctx_f394e4eeabb8358a5b205328,380d4a95ea2b7a6b7fa5184686624c89c44ff208ce2f7eae4c7b221e0f5b6d8a,d2l_methodology_corpus_origin_audit,1.0.0
ctx_f3b8e197930d717e638aae95,document,d2l_appendix_mathematics_for_deep_learning,d2l_appendix_mathematics_for_deep_learning_geometry_linear_algebraic_ops_b101,sentence_c27fd56bddaac93a349c43b0,"We have seen above that multiplication by a matrix with linearly dependent columns
cannot be undone, i.e., there is no inverse operation that can always recover the input.",0,171,119,126,c22620a96e3fbd97526f13ea9ccf508307d1175ea9bb8d3a5b6dfefb098a3f7f,CORPUS_EXTRACTED,EXACT_SOURCE_SUBSTRING,PRIMARY,C2,d2lce_98211ac6b2c27c6359ce6dae,d2l_selected_campaign_scope_v1,PASS_CORPUS_EXTRACTED,"Exact source substring, hashes, provenance, and offsets verified.",True,True,ctx_f3b8e197930d717e638aae95,c4b5349b3addf61362c48f98d4ac51eb6a20853628b3724f47cf29e54d6f65a7,d2l_methodology_corpus_origin_audit,1.0.0
ctx_f3d1cfd65cb60c18b67864a5,document,d2l_recommender_systems,d2l_recommender_systems_seqrec_b030,sentence_65b6653cbfccefea9ccdce40,"```{.python .input  n=7}
devices = d2l.try_all_gpus()
net = Caser(10, num_users, num_items, L)
net.initialize(ctx=devices, force_reinit=True, init=mx.init.Normal(0.01))
lr, num_epochs, wd, optimizer = 0.04, 8, 1e-5, 'adam'
loss = d2l.BPRLoss()
trainer = gluon.Trainer(net.collect_params(), optimizer,
                        {""learning_rate"": lr, 'wd': wd})

d2l.train_ranking(net, train_iter, test_iter, loss, trainer, test_seq_iter,
                  num_users, num_items, num_epochs, devices,
                  d2l.evaluate_ranking, candidates, eval_step=1)
```",0,564,60,65,c22620a96e3fbd97526f13ea9ccf508307d1175ea9bb8d3a5b6dfefb098a3f7f,CORPUS_EXTRACTED,EXACT_SOURCE_SUBSTRING,PRIMARY,C2,d2lce_52085fef12f840d2350b2049,d2l_selected_campaign_scope_v1,PASS_CORPUS_EXTRACTED,"Exact source substring, hashes, provenance, and offsets verified.",True,True,ctx_f3d1cfd65cb60c18b67864a5,af4f79ff854880205d5a506c13d8ca71b26103c5b81b40e95e2d4d44e49def2b,d2l_methodology_corpus_origin_audit,1.0.0
ctx_f416911a3fe34d06b66e6afd,document,d2l_computational_performance,d2l_computational_performance_multiple_gpus_b005,sentence_b684d76774f147806176438b,This allows us to process data with larger networks when compared with what a single GPU could handle.,228,330,78,88,c22620a96e3fbd97526f13ea9ccf508307d1175ea9bb8d3a5b6dfefb098a3f7f,CORPUS_EXTRACTED,EXACT_SOURCE_SUBSTRING,PRIMARY,C1,d2lce_e014da89e120449f8881dd5b,d2l_selected_campaign_scope_v1,PASS_CORPUS_EXTRACTED,"Exact source substring, hashes, provenance, and offsets verified.",True,True,ctx_f416911a3fe34d06b66e6afd,98dd815ecd327060046d2a823627b5a45d4313058d50405e2e4e57b6d15cce65,d2l_methodology_corpus_origin_audit,1.0.0
ctx_f4392f740a7e9df79b8c5e6a,document,d2l_appendix_mathematics_for_deep_learning,d2l_appendix_mathematics_for_deep_learning_statistics_b055,sentence_148aa679a04b0c7a92d27869,"If we can now show that the null hypothesis is very unlikely to be true, we may reject it with confidence.",129,235,28,43,c22620a96e3fbd97526f13ea9ccf508307d1175ea9bb8d3a5b6dfefb098a3f7f,CORPUS_EXTRACTED,EXACT_SOURCE_SUBSTRING,PRIMARY,C3,d2lce_11e1c294000ac67785408dcd,d2l_selected_campaign_scope_v1,PASS_CORPUS_EXTRACTED,"Exact source substring, hashes, provenance, and offsets verified.",True,True,ctx_f4392f740a7e9df79b8c5e6a,b0ce9e2808ae9bb61f562af576c9c31c5b5022b4aaaa5232af9c30e5a686d6df,d2l_methodology_corpus_origin_audit,1.0.0
ctx_f478a8fd9500cc043c25cf47,document,d2l_natural_language_processing_applications,d2l_natural_language_processing_applications_finetuning_bert_b018,sentence_e430dbdc3769698cb5580bf2,## Question Answering,0,21,3,21,c22620a96e3fbd97526f13ea9ccf508307d1175ea9bb8d3a5b6dfefb098a3f7f,CORPUS_EXTRACTED,EXACT_SOURCE_SUBSTRING,PRIMARY,C2,d2lce_41109297e6bf8f44d9bb9178,d2l_selected_campaign_scope_v1,PASS_CORPUS_EXTRACTED,"Exact source substring, hashes, provenance, and offsets verified.",True,True,ctx_f478a8fd9500cc043c25cf47,200f44850b0ae515c3cfee2b8f02eb1f03c0c66b73079720930ac8f398e80d08,d2l_methodology_corpus_origin_audit,1.0.0
ctx_f4a2c74c968df044ff098382,document,d2l_introduction,d2l_introduction_index_b028,sentence_026bf42388f36ed6e8d61f00,"In sensitive applications of machine learning,
like predictive policing, resume screening, and risk models used for lending,
we must be especially alert to the consequences of garbage data.",395,584,95,99,c22620a96e3fbd97526f13ea9ccf508307d1175ea9bb8d3a5b6dfefb098a3f7f,CORPUS_EXTRACTED,EXACT_SOURCE_SUBSTRING,BACKUP,C1,d2lce_c9e2beab505998c5b3b560b5,d2l_selected_campaign_scope_v1,PASS_CORPUS_EXTRACTED,"Exact source substring, hashes, provenance, and offsets verified.",False,True,ctx_f4a2c74c968df044ff098382,6e5281749dfa3d909e241ce125d413291de42596437303e01c67e1447b96e195,d2l_methodology_corpus_origin_audit,1.0.0
ctx_f4c012def8b4623e96d4ac12,document,d2l_computer_vision,d2l_computer_vision_ssd_b002,sentence_2f2624ed2b721154419d7fd4,"Now we are ready to use such background
knowledge to design an object detection model:
single shot multibox detection
(SSD) :cite:`Liu.Anguelov.Erhan.ea.2016`.",174,333,119,122,c22620a96e3fbd97526f13ea9ccf508307d1175ea9bb8d3a5b6dfefb098a3f7f,CORPUS_EXTRACTED,EXACT_SOURCE_SUBSTRING,PRIMARY,C2,d2lce_c6d5679eb20ff0719dfc35b2,d2l_selected_campaign_scope_v1,PASS_CORPUS_EXTRACTED,"Exact source substring, hashes, provenance, and offsets verified.",True,True,ctx_f4c012def8b4623e96d4ac12,89720f740cb62153ca280b8b6f85d340c756260901095cce8681b74b82b5bb63,d2l_methodology_corpus_origin_audit,1.0.0
ctx_f4fa216c07f2cf0249eb37ca,document,d2l_recurrent_neural_networks,d2l_recurrent_neural_networks_sequence_b023,sentence_467449b36bf28a6c820cac7e,"```{.python .input}
#@tab mxnet, pytorch
tau = 4
features = d2l.zeros((T - tau, tau))
for i in range(tau):
    features[:, i] = x[i: T - tau + i]
labels = d2l.reshape(x[tau:], (-1, 1))
```

```{.python .input}
#@tab tensorflow
tau = 4
features = tf.Variable(d2l.zeros((T - tau, tau)))
for i in range(tau):
    features[:, i].assign(x[i: T - tau + i])
labels = d2l.reshape(x[tau:], (-1, 1))
```

```{.python .input}
#@tab all
batch_size, n_train = 16, 600
# Only the first `n_train` examples are used for training
train_iter = d2l.load_array((features[:n_train], labels[:n_train]),
                            batch_size, is_train=True)
```

Here we [**keep the architecture fairly simple:
just an MLP**] with two fully-connected layers, ReLU activation, and squared loss.",3567,4338,713,735,c22620a96e3fbd97526f13ea9ccf508307d1175ea9bb8d3a5b6dfefb098a3f7f,CORPUS_EXTRACTED,EXACT_SOURCE_SUBSTRING,BACKUP,C1,d2lce_98b37a7bcb47cd2ef2e5f296,d2l_selected_campaign_scope_v1,PASS_CORPUS_EXTRACTED,"Exact source substring, hashes, provenance, and offsets verified.",False,True,ctx_f4fa216c07f2cf0249eb37ca,0526460416ecb9a4e81b163d3754ebf9d3e718559cac42c5ec9e5ec65b4549e5,d2l_methodology_corpus_origin_audit,1.0.0
ctx_f50d0e155359e097e4dd53f9,document,d2l_recurrent_neural_networks,d2l_recurrent_neural_networks_sequence_b005,sentence_0f64abf23ad737c7f6aacc1e,"In statistics, the former (predicting beyond the known observations) is called *extrapolation* whereas the latter (estimating between the existing observations) is called *interpolation*.",487,674,55,67,c22620a96e3fbd97526f13ea9ccf508307d1175ea9bb8d3a5b6dfefb098a3f7f,CORPUS_EXTRACTED,EXACT_SOURCE_SUBSTRING,PRIMARY,C1,d2lce_4f85955c4fd10e184dc97d32,d2l_selected_campaign_scope_v1,PASS_CORPUS_EXTRACTED,"Exact source substring, hashes, provenance, and offsets verified.",True,True,ctx_f50d0e155359e097e4dd53f9,79a968bc7728799e1de7ff8254a784b0b20c2484711bf0c526a677282c4d002b,d2l_methodology_corpus_origin_audit,1.0.0
ctx_f544543d23373dd72d348b73,document,d2l_computer_vision,d2l_computer_vision_semantic_segmentation_and_dataset_b002,sentence_30af31576f9972c4df5506eb,"Compared with in object detection,
the pixel-level borders labeled
in semantic segmentation are obviously more fine-grained.",618,742,70,91,c22620a96e3fbd97526f13ea9ccf508307d1175ea9bb8d3a5b6dfefb098a3f7f,CORPUS_EXTRACTED,EXACT_SOURCE_SUBSTRING,PRIMARY,C2,d2lce_2e41378b04489016bfe5707a,d2l_selected_campaign_scope_v1,PASS_CORPUS_EXTRACTED,"Exact source substring, hashes, provenance, and offsets verified.",True,True,ctx_f544543d23373dd72d348b73,a64d46e2e4f07648eafb854417af16c52de83cccb569ca8179fa802e53280789,d2l_methodology_corpus_origin_audit,1.0.0
ctx_f57f479949897e554691786b,document,d2l_deep_learning_computation,d2l_deep_learning_computation_model_construction_b018,sentence_f74d1f2165be12da4f1d80d3,Note that the output may have a different shape from the input.,152,215,42,47,c22620a96e3fbd97526f13ea9ccf508307d1175ea9bb8d3a5b6dfefb098a3f7f,CORPUS_EXTRACTED,EXACT_SOURCE_SUBSTRING,PRIMARY,C3,d2lce_7d91b65d1e0031ab994be237,d2l_selected_campaign_scope_v1,PASS_CORPUS_EXTRACTED,"Exact source substring, hashes, provenance, and offsets verified.",True,True,ctx_f57f479949897e554691786b,c4848b8a84db8e651f7c3527f9115fe6d195642717047bf09ecf8c215c1a647e,d2l_methodology_corpus_origin_audit,1.0.0
ctx_f5d11ac90b12d0ac504bdbf3,document,d2l_attention_mechanisms,d2l_attention_mechanisms_attention_scoring_functions_b046,sentence_30932a4e9070cc43edd20934,"of queries)
    def forward(self, queries, keys, values, valid_lens=None):
        d = queries.shape[-1]
        # Set `transpose_b=True` to swap the last two dimensions of `keys`
        scores = torch.bmm(queries, keys.transpose(1,2)) / math.sqrt(d)
        self.attention_weights = masked_softmax(scores, valid_lens)
        return torch.bmm(self.dropout(self.attention_weights), values)
```",549,943,221,230,c22620a96e3fbd97526f13ea9ccf508307d1175ea9bb8d3a5b6dfefb098a3f7f,CORPUS_EXTRACTED,EXACT_SOURCE_SUBSTRING,PRIMARY,C1,d2lce_6b1b75f43b72ec9bace62065,d2l_selected_campaign_scope_v1,PASS_CORPUS_EXTRACTED,"Exact source substring, hashes, provenance, and offsets verified.",True,True,ctx_f5d11ac90b12d0ac504bdbf3,9414dec00fb28009fd1a16955b1dc109562d14557b796b9baeb603e33fa7da08,d2l_methodology_corpus_origin_audit,1.0.0
ctx_f6224c38623494a8a418203b,document,d2l_computational_performance,d2l_computational_performance_hardware_b023,sentence_d19ed062fc9f260d6933560c,"That said, it is not recommended to use SSDs for swapping files or for large aggregations of log-files.",812,915,40,44,c22620a96e3fbd97526f13ea9ccf508307d1175ea9bb8d3a5b6dfefb098a3f7f,CORPUS_EXTRACTED,EXACT_SOURCE_SUBSTRING,BACKUP,C2,d2lce_355f5686f2178281893eb6cb,d2l_selected_campaign_scope_v1,PASS_CORPUS_EXTRACTED,"Exact source substring, hashes, provenance, and offsets verified.",False,True,ctx_f6224c38623494a8a418203b,f9ca8e9e40f5f3c3af42739db0e13913ab2338dbdbf88fc50012cb8d1f3b8fdb,d2l_methodology_corpus_origin_audit,1.0.0
ctx_f66d6f0f60f34de0d401b86a,document,d2l_recurrent_modern,d2l_recurrent_modern_bi_rnn_b026,sentence_5aacd2b8329e21d7f1d3a7bc,"![Architecture of a bidirectional RNN.](../img/birnn.svg)
:label:`fig_birnn`",0,76,20,37,c22620a96e3fbd97526f13ea9ccf508307d1175ea9bb8d3a5b6dfefb098a3f7f,CORPUS_EXTRACTED,EXACT_SOURCE_SUBSTRING,PRIMARY,C4,d2lce_80f4d6555a6ea1d2e5e881a1,d2l_selected_campaign_scope_v1,PASS_CORPUS_EXTRACTED,"Exact source substring, hashes, provenance, and offsets verified.",True,True,ctx_f66d6f0f60f34de0d401b86a,8a81de44eb27af2fd298c149f4b516b1891518a6ffd21e5678b13b68a62fcbde,d2l_methodology_corpus_origin_audit,1.0.0
ctx_f6a47145f376202745ec79b1,document,d2l_linear_networks,d2l_linear_networks_softmax_regression_concise_b017,sentence_47f926cbd3b52a4ff339aba2,"These might be rounded to zero due to finite precision (i.e., *underflow*),
making $\hat y_j$ zero and giving us `-inf` for $\log(\hat y_j)$.",210,351,63,72,c22620a96e3fbd97526f13ea9ccf508307d1175ea9bb8d3a5b6dfefb098a3f7f,CORPUS_EXTRACTED,EXACT_SOURCE_SUBSTRING,PRIMARY,C1,d2lce_9bd5113780f8e8160a24e6ad,d2l_selected_campaign_scope_v1,PASS_CORPUS_EXTRACTED,"Exact source substring, hashes, provenance, and offsets verified.",True,True,ctx_f6a47145f376202745ec79b1,443a387156b4162bcac72f7a786e20d9bc85d020b0e07b5c1e2b7d103ad8eb2c,d2l_methodology_corpus_origin_audit,1.0.0
ctx_f749ad3cd3bc4c80f1a78ce4,document,d2l_natural_language_processing_pretraining,d2l_natural_language_processing_pretraining_word_embedding_dataset_b001,sentence_2132c2a201bd78a3fcc7df2b,"# The Dataset for Pretraining Word Embeddings
:label:`sec_word2vec_data`",0,72,30,45,c22620a96e3fbd97526f13ea9ccf508307d1175ea9bb8d3a5b6dfefb098a3f7f,CORPUS_EXTRACTED,EXACT_SOURCE_SUBSTRING,BACKUP,C2,d2lce_ce222dd206341f61f2986f7a,d2l_selected_campaign_scope_v1,PASS_CORPUS_EXTRACTED,"Exact source substring, hashes, provenance, and offsets verified.",False,True,ctx_f749ad3cd3bc4c80f1a78ce4,d035ecb39f1a4cb2767d2df8f583a415a4853066ae20bd205ff21a3aeff4bc0d,d2l_methodology_corpus_origin_audit,1.0.0
ctx_f7640ef083e72312572602e6,document,d2l_recommender_systems,d2l_recommender_systems_mf_b034,sentence_65fcc2dc638a5e37fb4ff1fb,How does the size of latent factors influence the model performance?,35,103,21,35,c22620a96e3fbd97526f13ea9ccf508307d1175ea9bb8d3a5b6dfefb098a3f7f,CORPUS_EXTRACTED,EXACT_SOURCE_SUBSTRING,PRIMARY,C2,d2lce_f7c1845f1d67dcb386e8fc22,d2l_selected_campaign_scope_v1,PASS_CORPUS_EXTRACTED,"Exact source substring, hashes, provenance, and offsets verified.",True,True,ctx_f7640ef083e72312572602e6,1d1bcd0fb7c220d67f1db4e9f424b8e46ebce2d9a996f08adf4911c627bcaab9,d2l_methodology_corpus_origin_audit,1.0.0
ctx_f7e9706f82de50c8f6380d6c,document,d2l_deep_learning_computation,d2l_deep_learning_computation_index_b002,sentence_7cf4429a6f0297a7a3c96268,"Just as semiconductor designers went from specifying transistors
to logical circuits to writing code,
neural networks researchers have moved from thinking about
the behavior of individual artificial neurons
to conceiving of networks in terms of whole layers,
and now often design architectures with far coarser *blocks* in mind.",510,838,312,318,c22620a96e3fbd97526f13ea9ccf508307d1175ea9bb8d3a5b6dfefb098a3f7f,CORPUS_EXTRACTED,EXACT_SOURCE_SUBSTRING,PRIMARY,C1,d2lce_20c658fd4e221ee551790ec2,d2l_selected_campaign_scope_v1,PASS_CORPUS_EXTRACTED,"Exact source substring, hashes, provenance, and offsets verified.",True,True,ctx_f7e9706f82de50c8f6380d6c,8161a678ce7da375f31f58b7628b991b579a535b56e17c40a43df4275577a82d,d2l_methodology_corpus_origin_audit,1.0.0
ctx_f813489a437efb8e7e42d969,document,d2l_preliminaries,d2l_preliminaries_ndarray_b091,sentence_389a72fbe3cfef589e458f5b,"If we do not update in place, other references will still point to
the old memory location, making it possible for parts of our code
to inadvertently reference stale parameters.",378,555,20,28,c22620a96e3fbd97526f13ea9ccf508307d1175ea9bb8d3a5b6dfefb098a3f7f,CORPUS_EXTRACTED,EXACT_SOURCE_SUBSTRING,PRIMARY,C1,d2lce_2684090fd4500122fec2a334,d2l_selected_campaign_scope_v1,PASS_CORPUS_EXTRACTED,"Exact source substring, hashes, provenance, and offsets verified.",True,True,ctx_f813489a437efb8e7e42d969,a4545a996e27a79035c073225837e126f66f70d7c2c938ab8a711e2456abb06b,d2l_methodology_corpus_origin_audit,1.0.0
ctx_f81b65ecf8b2145ff73b3d4b,document,d2l_attention_mechanisms,d2l_attention_mechanisms_nadaraya_watson_b014,sentence_e5e7bc114348c99a85a2bde0,"```{.python .input}
def f(x):
    return 2 * d2l.sin(x) + x**0.8

y_train = f(x_train) + d2l.normal(0.0, 0.5, (n_train,))  # Training outputs
x_test = d2l.arange(0, 5, 0.1)  # Testing examples
y_truth = f(x_test)  # Ground-truth outputs for the testing examples
n_test = len(x_test)  # No.",0,289,216,228,c22620a96e3fbd97526f13ea9ccf508307d1175ea9bb8d3a5b6dfefb098a3f7f,CORPUS_EXTRACTED,EXACT_SOURCE_SUBSTRING,PRIMARY,C1,d2lce_d0b3a65c5f21e6064395a475,d2l_selected_campaign_scope_v1,PASS_CORPUS_EXTRACTED,"Exact source substring, hashes, provenance, and offsets verified.",True,True,ctx_f81b65ecf8b2145ff73b3d4b,111a0ed4146a479b015004de45139b544fad7107eec2580976cbf3bd65cece7c,d2l_methodology_corpus_origin_audit,1.0.0
ctx_f8448e2bed424bbc3037f2af,document,d2l_recommender_systems,d2l_recommender_systems_ctr_b014,sentence_e37465900e2a4cd34ef7c8ff,"```{.python .input  n=13}
#@save
class CTRDataset(gluon.data.Dataset):
    def __init__(self, data_path, feat_mapper=None, defaults=None,
                 min_threshold=4, num_feat=34):
        self.NUM_FEATS, self.count, self.data = num_feat, 0, {}
        feat_cnts = defaultdict(lambda: defaultdict(int))
        self.feat_mapper, self.defaults = feat_mapper, defaults
        self.field_dims = np.zeros(self.NUM_FEATS, dtype=np.int64)
        with open(data_path) as f:
            for line in f:
                instance = {}
                values = line.rstrip('\n').split('\t')
                if len(values) != self.NUM_FEATS + 1:
                    continue
                label = np.float32([0, 0])
                label[int(values[0])] = 1
                instance['y'] = [np.float32(values[0])]
                for i in range(1, self.NUM_FEATS + 1):
                    feat_cnts[i][values[i]] += 1
                    instance.setdefault('x', []).append(values[i])
                self.data[self.count] = instance
                self.count = self.count + 1
        if self.feat_mapper is None and self.defaults is None:
            feat_mapper = {i: {feat for feat, c in cnt.items() if c >=
                               min_threshold} for i, cnt in feat_cnts.items()}
            self.feat_mapper = {i: {feat_v: idx for idx, feat_v in enumerate(feat_values)}
                                for i, feat_values in feat_mapper.items()}
            self.defaults = {i: len(feat_values) for i, feat_values in feat_mapper.items()}
        for i, fm in self.feat_mapper.items():
            self.field_dims[i - 1] = len(fm) + 1
        self.offsets = np.array((0, *np.cumsum(self.field_dims).asnumpy()
                                 [:-1]))
        
    def __len__(self):
        return self.count
    
    def __getitem__(self, idx):
        feat = np.array([self.feat_mapper[i + 1].get(v, self.defaults[i + 1])
                         for i, v in enumerate(self.data[idx]['x'])])
        return feat + self.offsets, self.data[idx]['y']
```",0,2058,1654,1661,c22620a96e3fbd97526f13ea9ccf508307d1175ea9bb8d3a5b6dfefb098a3f7f,CORPUS_EXTRACTED,EXACT_SOURCE_SUBSTRING,BACKUP,C1,d2lce_e749bbd007351d6963f2bbd0,d2l_selected_campaign_scope_v1,PASS_CORPUS_EXTRACTED,"Exact source substring, hashes, provenance, and offsets verified.",False,True,ctx_f8448e2bed424bbc3037f2af,3875eb68917893ba9775a190235bd0752172418b51f8f8c3c344c76b303eac17,d2l_methodology_corpus_origin_audit,1.0.0
ctx_f875ab990af98aaf8fbc46b2,document,d2l_recommender_systems,d2l_recommender_systems_recsys_intro_b012,sentence_461378f83c359e99b35d020a,Collaborative filtering is a key concept in recommendation.,73,132,0,23,c22620a96e3fbd97526f13ea9ccf508307d1175ea9bb8d3a5b6dfefb098a3f7f,CORPUS_EXTRACTED,EXACT_SOURCE_SUBSTRING,PRIMARY,C2,d2lce_fb9ad6a6ac7e4ba9167913e1,d2l_selected_campaign_scope_v1,PASS_CORPUS_EXTRACTED,"Exact source substring, hashes, provenance, and offsets verified.",True,True,ctx_f875ab990af98aaf8fbc46b2,a81327a8ff72ccc7ab98bbb74a85c7f2bea7fd0ca7f8e17370110339f4d801f3,d2l_methodology_corpus_origin_audit,1.0.0
ctx_f89df5c093f024523f393168,document,d2l_deep_learning_computation,d2l_deep_learning_computation_model_construction_b004,sentence_131b10f408750d0b523927b2,"Similar architectures in which layers are arranged
in various repeating patterns
are now ubiquitous in other domains,
including natural language processing and speech.",810,977,128,155,c22620a96e3fbd97526f13ea9ccf508307d1175ea9bb8d3a5b6dfefb098a3f7f,CORPUS_EXTRACTED,EXACT_SOURCE_SUBSTRING,BACKUP,C2,d2lce_609638f74bc5b32d32469bbc,d2l_selected_campaign_scope_v1,PASS_CORPUS_EXTRACTED,"Exact source substring, hashes, provenance, and offsets verified.",False,True,ctx_f89df5c093f024523f393168,74caeea8a65c6acb78a3669d96a9f2499078094b69121aa3d4cc1a92c92a36db,d2l_methodology_corpus_origin_audit,1.0.0
ctx_f8a8c5c0211fed297689abc4,document,d2l_deep_learning_computation,d2l_deep_learning_computation_model_construction_b053,sentence_cb19533dd1c7717193825451,"We ran a while-loop, testing
on the condition its $L_1$ norm is larger than $1$,
and dividing our output vector by $2$
until it satisfied the condition.",72,224,56,60,c22620a96e3fbd97526f13ea9ccf508307d1175ea9bb8d3a5b6dfefb098a3f7f,CORPUS_EXTRACTED,EXACT_SOURCE_SUBSTRING,BACKUP,C1,d2lce_3e633e212e54590ca20bfc99,d2l_selected_campaign_scope_v1,PASS_CORPUS_EXTRACTED,"Exact source substring, hashes, provenance, and offsets verified.",False,True,ctx_f8a8c5c0211fed297689abc4,7560cd041f41cf76d7ef08a6702f183a7a35827e6f5937929419399d144d02e7,d2l_methodology_corpus_origin_audit,1.0.0
ctx_f9057a408bf3295c1dcc296d,document,d2l_convolutional_modern,d2l_convolutional_modern_densenet_b003,sentence_3c15a7702b9bda43e055e9fc,## From ResNet to DenseNet,0,26,18,26,c22620a96e3fbd97526f13ea9ccf508307d1175ea9bb8d3a5b6dfefb098a3f7f,CORPUS_EXTRACTED,EXACT_SOURCE_SUBSTRING,PRIMARY,C3,d2lce_20dc13bc32661f00e7c68b89,d2l_selected_campaign_scope_v1,PASS_CORPUS_EXTRACTED,"Exact source substring, hashes, provenance, and offsets verified.",True,True,ctx_f9057a408bf3295c1dcc296d,71b870c17ce939ba3fea5aef3c7845329339113f2f34872eee6849ed923ee1ff,d2l_methodology_corpus_origin_audit,1.0.0
ctx_f94fc680303cbcb3c27ab99b,document,d2l_linear_networks,d2l_linear_networks_softmax_regression_b051,sentence_57c332d1cc85d89ebc27a2c9,"This loss is called the *cross-entropy loss* and it is
one of the most commonly used losses for classification problems.",576,696,96,119,c22620a96e3fbd97526f13ea9ccf508307d1175ea9bb8d3a5b6dfefb098a3f7f,CORPUS_EXTRACTED,EXACT_SOURCE_SUBSTRING,BACKUP,C1,d2lce_7070b47672fcb2311c0527b6,d2l_selected_campaign_scope_v1,PASS_CORPUS_EXTRACTED,"Exact source substring, hashes, provenance, and offsets verified.",False,True,ctx_f94fc680303cbcb3c27ab99b,27cfdcae40b85cb8c04753205d0c102bdd5c0107fbc23c8900c3cea8ce8c950f,d2l_methodology_corpus_origin_audit,1.0.0
ctx_f9902516e49104afd3afe24a,document,d2l_computational_performance,d2l_computational_performance_hardware_b022,sentence_f63a17d256b8018f30f36fc5,"Modern SSDs can operate at 100,000 to 500,000 IOPs, i.e., up to 3 orders of magnitude faster than HDDs.",134,237,7,11,c22620a96e3fbd97526f13ea9ccf508307d1175ea9bb8d3a5b6dfefb098a3f7f,CORPUS_EXTRACTED,EXACT_SOURCE_SUBSTRING,PRIMARY,C2,d2lce_355f5686f2178281893eb6cb,d2l_selected_campaign_scope_v1,PASS_CORPUS_EXTRACTED,"Exact source substring, hashes, provenance, and offsets verified.",True,True,ctx_f9902516e49104afd3afe24a,831092954049c177d67447a5b805871a989592398ecad7e34e7971f222d55c7f,d2l_methodology_corpus_origin_audit,1.0.0
ctx_f99c821572f5bad6256c826c,document,d2l_convolutional_neural_networks,d2l_convolutional_neural_networks_pooling_b007,sentence_e481d0edda25cce783e740d2,"However, unlike the cross-correlation computation
of the inputs and kernels in the convolutional layer,
the pooling layer contains no parameters (there is no *kernel*).",270,438,108,121,c22620a96e3fbd97526f13ea9ccf508307d1175ea9bb8d3a5b6dfefb098a3f7f,CORPUS_EXTRACTED,EXACT_SOURCE_SUBSTRING,PRIMARY,C3,d2lce_2b9f63478b6ef59511a4f930,d2l_selected_campaign_scope_v1,PASS_CORPUS_EXTRACTED,"Exact source substring, hashes, provenance, and offsets verified.",True,True,ctx_f99c821572f5bad6256c826c,787856939048e905e59912a0937161b83a9e133806fb87cc2ac5a3e101e3b8c3,d2l_methodology_corpus_origin_audit,1.0.0
ctx_f9d71dcb8bd80dd6e5eeb4f5,document,d2l_generative_adversarial_networks,d2l_generative_adversarial_networks_dcgan_b021,sentence_7ae324ae77fc5723203d7a82,The basic block of the generator contains a transposed convolution layer followed by the batch normalization and ReLU activation.,323,452,113,128,c22620a96e3fbd97526f13ea9ccf508307d1175ea9bb8d3a5b6dfefb098a3f7f,CORPUS_EXTRACTED,EXACT_SOURCE_SUBSTRING,PRIMARY,C1,d2lce_42900db05a19228ce33eafe0,d2l_selected_campaign_scope_v1,PASS_CORPUS_EXTRACTED,"Exact source substring, hashes, provenance, and offsets verified.",True,True,ctx_f9d71dcb8bd80dd6e5eeb4f5,cf53599c11e89d385bde9e793095e684cd17e04ee6d019048f705f78463fdda3,d2l_methodology_corpus_origin_audit,1.0.0
ctx_fa4857a0dd6e85e72fbd8c3a,document,d2l_computer_vision,d2l_computer_vision_anchor_b042,sentence_dcb7e201582cc077da4cace9,### Labeling Classes and Offsets,0,32,25,32,c22620a96e3fbd97526f13ea9ccf508307d1175ea9bb8d3a5b6dfefb098a3f7f,CORPUS_EXTRACTED,EXACT_SOURCE_SUBSTRING,BACKUP,C2,d2lce_e749bbd007351d6963f2bbd0,d2l_selected_campaign_scope_v1,PASS_CORPUS_EXTRACTED,"Exact source substring, hashes, provenance, and offsets verified.",False,True,ctx_fa4857a0dd6e85e72fbd8c3a,aaf95ab85a44fb4fea967cce58531f6d3eae2c70492bd207fc729e0e306986cb,d2l_methodology_corpus_origin_audit,1.0.0
ctx_fa891237430b0fc11cd6280f,document,d2l_recommender_systems,d2l_recommender_systems_neumf_b004,sentence_444f68f67800183ebbc9ac7e,The GMF is a generic neural network version of matrix factorization where the input is the elementwise product of user and item latent factors.,48,191,128,142,c22620a96e3fbd97526f13ea9ccf508307d1175ea9bb8d3a5b6dfefb098a3f7f,CORPUS_EXTRACTED,EXACT_SOURCE_SUBSTRING,PRIMARY,C1,d2lce_f7c1845f1d67dcb386e8fc22,d2l_selected_campaign_scope_v1,PASS_CORPUS_EXTRACTED,"Exact source substring, hashes, provenance, and offsets verified.",True,True,ctx_fa891237430b0fc11cd6280f,65dd0c85092c9d5adcdfd45dc848e2af4c9e277619c6889ebc6a910f717fdd5c,d2l_methodology_corpus_origin_audit,1.0.0
ctx_faa4efe019d52f783381c40a,document,d2l_convolutional_neural_networks,d2l_convolutional_neural_networks_why_conv_b001,sentence_f0efc3942625f9a21822a8b0,"# From Fully-Connected Layers to Convolutions
:label:`sec_why-conv`",0,67,7,29,c22620a96e3fbd97526f13ea9ccf508307d1175ea9bb8d3a5b6dfefb098a3f7f,CORPUS_EXTRACTED,EXACT_SOURCE_SUBSTRING,PRIMARY,C1,d2lce_98b37a7bcb47cd2ef2e5f296,d2l_selected_campaign_scope_v1,PASS_CORPUS_EXTRACTED,"Exact source substring, hashes, provenance, and offsets verified.",True,True,ctx_faa4efe019d52f783381c40a,fd5182c340dd172ff7c56861be75e7f107f318710b707b4d4abd5c8a5468aec8,d2l_methodology_corpus_origin_audit,1.0.0
ctx_fad78fb3a08530724c4b2aef,document,d2l_natural_language_processing_pretraining,d2l_natural_language_processing_pretraining_word_embedding_dataset_b038,sentence_0409e07b40e56bc8456f99c0,"After
all the center words
together with their
context words and sampled noise words are extracted,
they will be transformed into 
minibatches of examples
that can be iteratively loaded
during training.",0,202,73,84,c22620a96e3fbd97526f13ea9ccf508307d1175ea9bb8d3a5b6dfefb098a3f7f,CORPUS_EXTRACTED,EXACT_SOURCE_SUBSTRING,BACKUP,C2,d2lce_5c270f3b3ebe4f0059649e18,d2l_selected_campaign_scope_v1,PASS_CORPUS_EXTRACTED,"Exact source substring, hashes, provenance, and offsets verified.",False,True,ctx_fad78fb3a08530724c4b2aef,8f5ed8856ec9bd169e6ce1b58d8ce3d4da72dda2b7202fd29a94727f8308da8f,d2l_methodology_corpus_origin_audit,1.0.0
ctx_fb04cc0ce9370004208a4fe6,document,d2l_linear_networks,d2l_linear_networks_linear_regression_b049,sentence_664c88b83d24c2b16def0ca4,"Estimating targets given features is
commonly called *prediction* or *inference*.",206,287,70,79,c22620a96e3fbd97526f13ea9ccf508307d1175ea9bb8d3a5b6dfefb098a3f7f,CORPUS_EXTRACTED,EXACT_SOURCE_SUBSTRING,UNSELECTED,C4,d2lce_1ff0c13e857af8ab6956fc96,d2l_selected_campaign_scope_v1,PASS_CORPUS_EXTRACTED,"Exact source substring, hashes, provenance, and offsets verified.",False,False,ctx_fb04cc0ce9370004208a4fe6,5769a11281fccf9ec338617f424c27ae7deea41a1e0d25ec00d44d84a9d6eba5,d2l_methodology_corpus_origin_audit,1.0.0
ctx_fb0bce3ae7d50e936e3d1fd2,document,d2l_appendix_mathematics_for_deep_learning,d2l_appendix_mathematics_for_deep_learning_eigendecomposition_b040,sentence_282eb53a0ece1710a18db447,"Finally, recall that the rank was the maximum number 
of linearly independent columns of your matrix.",0,101,57,77,c22620a96e3fbd97526f13ea9ccf508307d1175ea9bb8d3a5b6dfefb098a3f7f,CORPUS_EXTRACTED,EXACT_SOURCE_SUBSTRING,PRIMARY,C2,d2lce_e246c0d41c7b8bc2c145f69a,d2l_selected_campaign_scope_v1,PASS_CORPUS_EXTRACTED,"Exact source substring, hashes, provenance, and offsets verified.",True,True,ctx_fb0bce3ae7d50e936e3d1fd2,51946702d1d04c2e7eb9824e294fc71dd5aee35ed8f1cc44f424d6c0e13e9023,d2l_methodology_corpus_origin_audit,1.0.0
ctx_fb0f1c491294165f833df59e,document,d2l_recommender_systems,d2l_recommender_systems_ranking_b024,sentence_3316b408360cba25092535a0,- Are there any variants of BPR and hinge loss available?,0,57,28,31,c22620a96e3fbd97526f13ea9ccf508307d1175ea9bb8d3a5b6dfefb098a3f7f,CORPUS_EXTRACTED,EXACT_SOURCE_SUBSTRING,PRIMARY,C2,d2lce_0dbb5a3cc045f69a43d09a7a,d2l_selected_campaign_scope_v1,PASS_CORPUS_EXTRACTED,"Exact source substring, hashes, provenance, and offsets verified.",True,True,ctx_fb0f1c491294165f833df59e,3157219f59f079baa1f97e51d1dacd2b397d725d133c8459cecb27c6e27548fd,d2l_methodology_corpus_origin_audit,1.0.0
ctx_fb1febc2efebf2be14297c4f,document,d2l_linear_networks,d2l_linear_networks_softmax_regression_b029,sentence_aefada9c81ed6acf6476805f,"Although softmax is a nonlinear function,
the outputs of softmax regression are still *determined* by
an affine transformation of input features;
thus, softmax regression is a linear model.",0,189,105,126,c22620a96e3fbd97526f13ea9ccf508307d1175ea9bb8d3a5b6dfefb098a3f7f,CORPUS_EXTRACTED,EXACT_SOURCE_SUBSTRING,PRIMARY,C4,d2lce_539543a2360129e2a2fa1b6d,d2l_selected_campaign_scope_v1,PASS_CORPUS_EXTRACTED,"Exact source substring, hashes, provenance, and offsets verified.",True,True,ctx_fb1febc2efebf2be14297c4f,a9f9c69812d3067549cda607bccd414861fe4036d0c5c97c9373a283dae8ef58,d2l_methodology_corpus_origin_audit,1.0.0
ctx_fb27ea5cc8cb345d667494e6,document,d2l_recurrent_modern,d2l_recurrent_modern_gru_b009,sentence_5124ba81bbc32751cf3a0de2,"The outputs of two gates
are given by two fully-connected layers
with a sigmoid activation function.",215,315,72,99,c22620a96e3fbd97526f13ea9ccf508307d1175ea9bb8d3a5b6dfefb098a3f7f,CORPUS_EXTRACTED,EXACT_SOURCE_SUBSTRING,BACKUP,C1,d2lce_2485cc2d1b2606bcc62d63c1,d2l_selected_campaign_scope_v1,PASS_CORPUS_EXTRACTED,"Exact source substring, hashes, provenance, and offsets verified.",False,True,ctx_fb27ea5cc8cb345d667494e6,2245c91a7ffe4b9ea43290737c039fff9b23df0fed9795690b62c39169b89c21,d2l_methodology_corpus_origin_audit,1.0.0
ctx_fb69017e7a227340fe43b097,document,d2l_multilayer_perceptrons,d2l_multilayer_perceptrons_environment_b018,sentence_a93ad251c6f1d9d465df989d,"Label shift is a reasonable assumption to make
when we believe that $y$ causes $\mathbf{x}$.",196,288,0,11,c22620a96e3fbd97526f13ea9ccf508307d1175ea9bb8d3a5b6dfefb098a3f7f,CORPUS_EXTRACTED,EXACT_SOURCE_SUBSTRING,PRIMARY,C1,d2lce_a5537c415bcbe54cdd82a669,d2l_selected_campaign_scope_v1,PASS_CORPUS_EXTRACTED,"Exact source substring, hashes, provenance, and offsets verified.",True,True,ctx_fb69017e7a227340fe43b097,58832d0c367e93bfa5d32aa5d72e27f75e952287c6e898735f5fffc286f862db,d2l_methodology_corpus_origin_audit,1.0.0
ctx_fbb8b66ce00e1ca91661df77,document,d2l_linear_networks,d2l_linear_networks_linear_regression_concise_b032,sentence_f1271ecfc4d3015f4cf98fc7,This module provides various methods for model parameter initialization.,71,143,41,56,c22620a96e3fbd97526f13ea9ccf508307d1175ea9bb8d3a5b6dfefb098a3f7f,CORPUS_EXTRACTED,EXACT_SOURCE_SUBSTRING,PRIMARY,C2,d2lce_ed44d125cc1110c1c39f7b3e,d2l_selected_campaign_scope_v1,PASS_CORPUS_EXTRACTED,"Exact source substring, hashes, provenance, and offsets verified.",True,True,ctx_fbb8b66ce00e1ca91661df77,25972f7b48279cc581e9750647cf246d911b20fc0395890842a44a48ef9eead8,d2l_methodology_corpus_origin_audit,1.0.0
ctx_fbdaf8cf3c95a1d855ee6d1f,document,d2l_natural_language_processing_pretraining,d2l_natural_language_processing_pretraining_bert_b008,sentence_9b131687a7dae03dd8b91d05,"GPT was evaluated on twelve tasks of natural language inference,
question answering, sentence similarity, and classification,
and improved the state of the art in nine of them with minimal changes
to the model architecture.",936,1159,65,83,c22620a96e3fbd97526f13ea9ccf508307d1175ea9bb8d3a5b6dfefb098a3f7f,CORPUS_EXTRACTED,EXACT_SOURCE_SUBSTRING,BACKUP,C1,d2lce_41109297e6bf8f44d9bb9178,d2l_selected_campaign_scope_v1,PASS_CORPUS_EXTRACTED,"Exact source substring, hashes, provenance, and offsets verified.",False,True,ctx_fbdaf8cf3c95a1d855ee6d1f,6b5c85681a44cb706f8db6e43d064df8abed3ec47d3f26d320d47300893cc7fa,d2l_methodology_corpus_origin_audit,1.0.0
ctx_fbe202aec2a07cda6debbc1e,document,d2l_linear_networks,d2l_linear_networks_linear_regression_concise_b058,sentence_ca0e82a81502e4502ed53459,"To refresh your memory: for some number of epochs,
we will make a complete pass over the dataset (`train_data`),
iteratively grabbing one minibatch of inputs
and the corresponding ground-truth labels.",0,200,180,192,c22620a96e3fbd97526f13ea9ccf508307d1175ea9bb8d3a5b6dfefb098a3f7f,CORPUS_EXTRACTED,EXACT_SOURCE_SUBSTRING,PRIMARY,C2,d2lce_d0b3a65c5f21e6064395a475,d2l_selected_campaign_scope_v1,PASS_CORPUS_EXTRACTED,"Exact source substring, hashes, provenance, and offsets verified.",True,True,ctx_fbe202aec2a07cda6debbc1e,a09a08d52d5d40c9990185ed0eaae448f4f4a0cdd78bdec60eec84fd742083dc,d2l_methodology_corpus_origin_audit,1.0.0
ctx_fc7040b8bb11e8f5908a5b2e,document,d2l_computer_vision,d2l_computer_vision_image_augmentation_b020,sentence_4653b3c6257b67742ac39817,"In :numref:`sec_pooling`, we explained that the pooling layer can reduce the sensitivity of a convolutional layer to the target position.",111,248,48,61,c22620a96e3fbd97526f13ea9ccf508307d1175ea9bb8d3a5b6dfefb098a3f7f,CORPUS_EXTRACTED,EXACT_SOURCE_SUBSTRING,PRIMARY,C3,d2lce_2b9f63478b6ef59511a4f930,d2l_selected_campaign_scope_v1,PASS_CORPUS_EXTRACTED,"Exact source substring, hashes, provenance, and offsets verified.",True,True,ctx_fc7040b8bb11e8f5908a5b2e,03910359e746ca6a6bff1095068963d1f7c532fbc08aae63253f86269fe93320,d2l_methodology_corpus_origin_audit,1.0.0
ctx_fd599f0c3c95a18b0f5b16da,document,d2l_generative_adversarial_networks,d2l_generative_adversarial_networks_dcgan_b012,sentence_965a937363ed3ee419546acb,"The `ToTensor` transformation will project the pixel value into $[0, 1]$, while our generator will use the tanh function to obtain outputs in $[-1, 1]$.",41,193,107,120,c22620a96e3fbd97526f13ea9ccf508307d1175ea9bb8d3a5b6dfefb098a3f7f,CORPUS_EXTRACTED,EXACT_SOURCE_SUBSTRING,PRIMARY,C1,d2lce_658174b1687c73f5aa1957ab,d2l_selected_campaign_scope_v1,PASS_CORPUS_EXTRACTED,"Exact source substring, hashes, provenance, and offsets verified.",True,True,ctx_fd599f0c3c95a18b0f5b16da,2f214f4c629ff5516ec09930eb32ff3e606af4865f416d3cdf2806e2c6a89f07,d2l_methodology_corpus_origin_audit,1.0.0
ctx_fd7b1833cfe32e71286ed088,document,d2l_introduction,d2l_introduction_index_b057,sentence_c719cb45302ec1a18419ddcd,"The simplest form of classification is when there are only two classes,
a problem which we call *binary classification*.",305,425,97,118,c22620a96e3fbd97526f13ea9ccf508307d1175ea9bb8d3a5b6dfefb098a3f7f,CORPUS_EXTRACTED,EXACT_SOURCE_SUBSTRING,PRIMARY,C1,d2lce_bb2aa6e567ff5ce9563e209b,d2l_selected_campaign_scope_v1,PASS_CORPUS_EXTRACTED,"Exact source substring, hashes, provenance, and offsets verified.",True,True,ctx_fd7b1833cfe32e71286ed088,3dbdbc77c4de547c60f04683e83bfa4d828aaf1d87c7da97e449d95862f5690e,d2l_methodology_corpus_origin_audit,1.0.0
ctx_fdf0e7090cf0502e217b65eb,document,d2l_appendix_mathematics_for_deep_learning,d2l_appendix_mathematics_for_deep_learning_statistics_b018,sentence_b59779aa7819533b06a2a005,MSE is always non-negative.,79,106,0,3,c22620a96e3fbd97526f13ea9ccf508307d1175ea9bb8d3a5b6dfefb098a3f7f,CORPUS_EXTRACTED,EXACT_SOURCE_SUBSTRING,PRIMARY,C1,d2lce_ceb82e896665f8c0cd942ed6,d2l_selected_campaign_scope_v1,PASS_CORPUS_EXTRACTED,"Exact source substring, hashes, provenance, and offsets verified.",True,True,ctx_fdf0e7090cf0502e217b65eb,e60d0859b14446c418a1bf7b3abfba946554a023bfeab711e4d49fe7dd9477ce,d2l_methodology_corpus_origin_audit,1.0.0
ctx_feb069ef1ecb8e58ef71c482,document,d2l_multilayer_perceptrons,d2l_multilayer_perceptrons_kaggle_house_price_b053,sentence_41b5be4eb9f5dfc1d0103e9d,"Unlike in previous sections, [**our training functions
will rely on the Adam optimizer
(we will describe it in greater detail later)**].",0,136,72,76,c22620a96e3fbd97526f13ea9ccf508307d1175ea9bb8d3a5b6dfefb098a3f7f,CORPUS_EXTRACTED,EXACT_SOURCE_SUBSTRING,PRIMARY,C1,d2lce_7ef8ed3f93210606a27312a4,d2l_selected_campaign_scope_v1,PASS_CORPUS_EXTRACTED,"Exact source substring, hashes, provenance, and offsets verified.",True,True,ctx_feb069ef1ecb8e58ef71c482,12df2ae63d46c527cfd05c30ed3d18e08fede11c94f259c9f130d78d9a652626,d2l_methodology_corpus_origin_audit,1.0.0
ctx_fee67727bfbe4157c5c6994e,document,d2l_deep_learning_computation,d2l_deep_learning_computation_parameters_b048,sentence_dccca5f68879d15de2237854,":begin_tab:`mxnet`
By default, MXNet initializes weight parameters by randomly drawing from a uniform distribution $U(-0.07, 0.07)$,
clearing bias parameters to zero.",0,166,102,114,c22620a96e3fbd97526f13ea9ccf508307d1175ea9bb8d3a5b6dfefb098a3f7f,CORPUS_EXTRACTED,EXACT_SOURCE_SUBSTRING,PRIMARY,C3,d2lce_c47822c187c02e12aa499ec6,d2l_selected_campaign_scope_v1,PASS_CORPUS_EXTRACTED,"Exact source substring, hashes, provenance, and offsets verified.",True,True,ctx_fee67727bfbe4157c5c6994e,01f694e512c0be94fe62cbd45c677c1d6a88760cdb0da9732333dc0c939d0a31,d2l_methodology_corpus_origin_audit,1.0.0
ctx_ff12d4c3104d93606bf7aad1,document,d2l_recurrent_modern,d2l_recurrent_modern_bi_rnn_b023,sentence_fb88694185b918f92be891c4,See the introductory chapter of the book on sequential Monte Carlo algorithms for more details :cite:`Doucet.De-Freitas.Gordon.2001`.,483,616,44,54,c22620a96e3fbd97526f13ea9ccf508307d1175ea9bb8d3a5b6dfefb098a3f7f,CORPUS_EXTRACTED,EXACT_SOURCE_SUBSTRING,UNSELECTED,NONE,d2lce_40a50503f2fdc79aa0a549fc,d2l_selected_campaign_scope_v1,PASS_CORPUS_EXTRACTED,"Exact source substring, hashes, provenance, and offsets verified.",False,False,ctx_ff12d4c3104d93606bf7aad1,68b1d79d5b6a9d38dc4d5212ac3d5c8a5c325fedf32559d5fd6b02dbe06468e4,d2l_methodology_corpus_origin_audit,1.0.0
ctx_ffd36cb1d841c0421cbd90cc,document,d2l_recurrent_neural_networks,d2l_recurrent_neural_networks_index_b005,sentence_b3798d7240c67f79bb65225e,"In short, while CNNs can efficiently process spatial information, *recurrent neural networks* (RNNs) are designed to better handle sequential information.",0,154,16,20,c22620a96e3fbd97526f13ea9ccf508307d1175ea9bb8d3a5b6dfefb098a3f7f,CORPUS_EXTRACTED,EXACT_SOURCE_SUBSTRING,PRIMARY,C1,d2lce_c4e87e5ee47d3e26ba618290,d2l_selected_campaign_scope_v1,PASS_CORPUS_EXTRACTED,"Exact source substring, hashes, provenance, and offsets verified.",True,True,ctx_ffd36cb1d841c0421cbd90cc,56655a1443c854179e4be71ce7dd8ac0c42b8cf873fa343f2b6d0d5a5f27e457,d2l_methodology_corpus_origin_audit,1.0.0
ctx_ffdf1a13224ab9169c7fc415,document,d2l_linear_networks,d2l_linear_networks_linear_regression_b003,sentence_fa2fdf8e96a70f2837b6a7ff,"In subsequent sections, we will introduce classification problems,
where the goal is to predict membership among a set of categories.",325,458,42,65,c22620a96e3fbd97526f13ea9ccf508307d1175ea9bb8d3a5b6dfefb098a3f7f,CORPUS_EXTRACTED,EXACT_SOURCE_SUBSTRING,PRIMARY,C1,d2lce_7070b47672fcb2311c0527b6,d2l_selected_campaign_scope_v1,PASS_CORPUS_EXTRACTED,"Exact source substring, hashes, provenance, and offsets verified.",True,True,ctx_ffdf1a13224ab9169c7fc415,cb2fe52cb59f7914d98cc64677fca65cfa596fa94fd9c1e228b16a0b5b678288,d2l_methodology_corpus_origin_audit,1.0.0
ctxx_00f5dd007cb768664fadf619,,,,,"Synthetic: This paper trains one convolutional neural network, while related work compares several convolutional neural networks.",,,99,128,,SYNTHETIC_CONTROLLED,SYNTHETIC_MODEL_PROBE,CONTRASTIVE,CONTRASTIVE,d2lce_c4e87e5ee47d3e26ba618290,d2l_selected_campaign_scope_v1,FAIL_SYNTHETIC,Synthetic boundary probe retained for audit but excluded from C.,False,False,ctxx_00f5dd007cb768664fadf619,2a1837f893880c4fe2a261f2ef4d6b5d22cceaf12854a0275358a9b2f9f23637,d2l_methodology_corpus_origin_audit,1.0.0
ctxx_015c489f82e2cf03ab841d57,,,,,"Synthetic: In psychology, a nonvolitional cue can pull attention to a bright object even when the observer intends to look elsewhere.",,,28,45,,SYNTHETIC_CONTROLLED,SYNTHETIC_MODEL_PROBE,CONTRASTIVE,CONTRASTIVE,d2lce_abae8f75b732ffe9c8a965c0,d2l_selected_campaign_scope_v1,FAIL_SYNTHETIC,Synthetic boundary probe retained for audit but excluded from C.,False,False,ctxx_015c489f82e2cf03ab841d57,6f4a18201e833a0c657e4d2cb37750027d345886b14dfc9e3c116a5c21cf7392,d2l_methodology_corpus_origin_audit,1.0.0
ctxx_01a3b60f74c769d4a3b645f0,,,,,"Synthetic: Adam appears in the contributor list as a person's name, not as an optimizer.",,,11,15,,SYNTHETIC_CONTROLLED,SYNTHETIC_MODEL_PROBE,CONTRASTIVE,CONTRASTIVE,d2lce_7ef8ed3f93210606a27312a4,d2l_selected_campaign_scope_v1,FAIL_SYNTHETIC,Synthetic boundary probe retained for audit but excluded from C.,False,False,ctxx_01a3b60f74c769d4a3b645f0,bc96d774b061910db3c138763de8b73e71031dbfaf992b78652d3304c0d62995,d2l_methodology_corpus_origin_audit,1.0.0
ctxx_0395788ecac190f90a2c3609,,,,,"Synthetic: The CNN uses convolutional layers, unlike an RNN that processes sequences recurrently.",,,15,18,,SYNTHETIC_CONTROLLED,SYNTHETIC_MODEL_PROBE,CONTRASTIVE,CONTRASTIVE,d2lce_eba859df6c63311dce4a5eb7,d2l_selected_campaign_scope_v1,FAIL_SYNTHETIC,Synthetic boundary probe retained for audit but excluded from C.,False,False,ctxx_0395788ecac190f90a2c3609,1759f05de1400bb3d48f44c6ca6c345e0a28af827d7481e1d57d2ed5d6ca3d12,d2l_methodology_corpus_origin_audit,1.0.0
ctxx_04b9adf8a00921e2e82f00b3,,,,,"Synthetic: In typography, minima can refer to the short downward strokes of letters, not optimization points.",,,26,32,,SYNTHETIC_CONTROLLED,SYNTHETIC_MODEL_PROBE,CONTRASTIVE,CONTRASTIVE,d2lce_455f2de181035ca8388c30b0,d2l_selected_campaign_scope_v1,FAIL_SYNTHETIC,Synthetic boundary probe retained for audit but excluded from C.,False,False,ctxx_04b9adf8a00921e2e82f00b3,bdda7858b87cf10c48b87abe682bfc4082c457fe04ccc9976ac01e4d197c9c48,d2l_methodology_corpus_origin_audit,1.0.0
ctxx_04d9704fff4fcd51f6f64b7c,,,,,Synthetic: The workshop offered multi-GPU training for new lab technicians learning hardware maintenance.,,,32,50,,SYNTHETIC_CONTROLLED,SYNTHETIC_MODEL_PROBE,CONTRASTIVE,CONTRASTIVE,d2lce_6898a7f7f35ca368f75fda48,d2l_selected_campaign_scope_v1,FAIL_SYNTHETIC,Synthetic boundary probe retained for audit but excluded from C.,False,False,ctxx_04d9704fff4fcd51f6f64b7c,cfca5477b69402b3e2fc574540871f365f12aa04b468c8814f692d05cb439ba2,d2l_methodology_corpus_origin_audit,1.0.0
ctxx_0520cf62b1087d79b5de67e2,,,,,"Synthetic: In this chapter, question answering means an NLP task, not a classroom habit of students answering a teacher’s questions.",,,28,46,,SYNTHETIC_CONTROLLED,SYNTHETIC_MODEL_PROBE,CONTRASTIVE,CONTRASTIVE,d2lce_41109297e6bf8f44d9bb9178,d2l_selected_campaign_scope_v1,FAIL_SYNTHETIC,Synthetic boundary probe retained for audit but excluded from C.,False,False,ctxx_0520cf62b1087d79b5de67e2,997bf54daadba2da4069447e1aacce7997b7c8b8e53c9f04d28174f687cb5325,d2l_methodology_corpus_origin_audit,1.0.0
ctxx_06a7da0c75c379c01a9a2f95,,,,,"Synthetic: In literary editing, the second iteration of the poem changed its tone.",,,43,52,,SYNTHETIC_CONTROLLED,SYNTHETIC_MODEL_PROBE,CONTRASTIVE,CONTRASTIVE,d2lce_c3c46748b1a49e32c07ca9d7,d2l_selected_campaign_scope_v1,FAIL_SYNTHETIC,Synthetic boundary probe retained for audit but excluded from C.,False,False,ctxx_06a7da0c75c379c01a9a2f95,18aeb11841a97ffb05d2ad3d0789868d00de86af8d602bd0f38374550985d9c8,d2l_methodology_corpus_origin_audit,1.0.0
ctxx_074b644581723493cce06e22,,,,,"Synthetic: The learning rate of this student improved over the semester, which is unrelated to optimization.",,,15,28,,SYNTHETIC_CONTROLLED,SYNTHETIC_MODEL_PROBE,CONTRASTIVE,CONTRASTIVE,d2lce_cc4cb853eff638abcbdf7691,d2l_selected_campaign_scope_v1,FAIL_SYNTHETIC,Synthetic boundary probe retained for audit but excluded from C.,False,False,ctxx_074b644581723493cce06e22,25e6611a3b61e02ba8dcf8fa2bd7cd106ac75e6aa06ea455075febf30d4c0ff7,d2l_methodology_corpus_origin_audit,1.0.0
ctxx_09ae76f62d4c4c6032674315,,,,,Synthetic: The city planner divided the street into blocks for navigation.,,,52,58,,SYNTHETIC_CONTROLLED,SYNTHETIC_MODEL_PROBE,CONTRASTIVE,CONTRASTIVE,d2lce_20c658fd4e221ee551790ec2,d2l_selected_campaign_scope_v1,FAIL_SYNTHETIC,Synthetic boundary probe retained for audit but excluded from C.,False,False,ctxx_09ae76f62d4c4c6032674315,f19e51570ba2e0b85cb93495564c7e05d2e729961136e45096ba14d221f8b1f9,d2l_methodology_corpus_origin_audit,1.0.0
ctxx_0ae256b503125d8a9be1e7d5,,,,,"Synthetic: In a graphics editor, “convex sets” might be mentioned informally for shapes, not as the formal optimization concept defined here.",,,34,45,,SYNTHETIC_CONTROLLED,SYNTHETIC_MODEL_PROBE,CONTRASTIVE,CONTRASTIVE,d2lce_9c874642b8c028465cfbb71e,d2l_selected_campaign_scope_v1,FAIL_SYNTHETIC,Synthetic boundary probe retained for audit but excluded from C.,False,False,ctxx_0ae256b503125d8a9be1e7d5,7bcda7c1c702285ec3d362b8925641836afc6383571182d7410ef8bf5e2f7d9e,d2l_methodology_corpus_origin_audit,1.0.0
ctxx_0d1a87a213d7b77475352984,,,,,"Synthetic: In maximum likelihood estimation, the likelihood is treated as a function of the model parameters.",,,22,32,,SYNTHETIC_CONTROLLED,SYNTHETIC_MODEL_PROBE,CONTRASTIVE,CONTRASTIVE,d2lce_a1d9f9c783c09cc52dedbe55,d2l_selected_campaign_scope_v1,FAIL_SYNTHETIC,Synthetic boundary probe retained for audit but excluded from C.,False,False,ctxx_0d1a87a213d7b77475352984,aa0064519842afba350e9c6b7caf300d521ae7bf8c06194f7cd364203df1a325,d2l_methodology_corpus_origin_audit,1.0.0
ctxx_0d564f587c9e8db7c7f40227,,,,,Synthetic: The frontend of the building was renovated last year.,,,15,23,,SYNTHETIC_CONTROLLED,SYNTHETIC_MODEL_PROBE,CONTRASTIVE,CONTRASTIVE,d2lce_24988c975f984ef488776c0b,d2l_selected_campaign_scope_v1,FAIL_SYNTHETIC,Synthetic boundary probe retained for audit but excluded from C.,False,False,ctxx_0d564f587c9e8db7c7f40227,3938b2910fe1c2941e798b18f1eabd4306900e3401512abd918c30f499c652c5,d2l_methodology_corpus_origin_audit,1.0.0
ctxx_0db25ab29d9986cef4d46471,,,,,"Synthetic: In logic class, entailment is discussed as a formal relation, while here entailment is a dataset label between premise and hypothesis.",,,27,37,,SYNTHETIC_CONTROLLED,SYNTHETIC_MODEL_PROBE,CONTRASTIVE,CONTRASTIVE,d2lce_ca2ca961829e131bbc0fd92b,d2l_selected_campaign_scope_v1,FAIL_SYNTHETIC,Synthetic boundary probe retained for audit but excluded from C.,False,False,ctxx_0db25ab29d9986cef4d46471,bd95bde9b881d21d3d5a48e3a6779f1b41ae85fe002eef0a73d02c3ccec79c78,d2l_methodology_corpus_origin_audit,1.0.0
ctxx_0f47be35d8fd527a99998a48,,,,,Synthetic: The statue remained in place during the storm.,,,31,39,,SYNTHETIC_CONTROLLED,SYNTHETIC_MODEL_PROBE,CONTRASTIVE,CONTRASTIVE,d2lce_2684090fd4500122fec2a334,d2l_selected_campaign_scope_v1,FAIL_SYNTHETIC,Synthetic boundary probe retained for audit but excluded from C.,False,False,ctxx_0f47be35d8fd527a99998a48,1da8876378f8a8d8da65b558b5ebb3a1f42eb7a70bea389b42e3bc03d98813e0,d2l_methodology_corpus_origin_audit,1.0.0
ctxx_10cb8156b50875d285114451,,,,,"Synthetic: In accounting, offsets are balancing entries that reduce a debt rather than position shifts.",,,26,33,,SYNTHETIC_CONTROLLED,SYNTHETIC_MODEL_PROBE,CONTRASTIVE,CONTRASTIVE,d2lce_e749bbd007351d6963f2bbd0,d2l_selected_campaign_scope_v1,FAIL_SYNTHETIC,Synthetic boundary probe retained for audit but excluded from C.,False,False,ctxx_10cb8156b50875d285114451,167262d0f58aab8469eac66d8bfd3e0d9ea273b3ffc6f2a1a74c470e85024912,d2l_methodology_corpus_origin_audit,1.0.0
ctxx_11226ba76c96a02247095670,,,,,Synthetic: The maximum pooling layer of blankets on the bed made the room look untidy.,,,15,36,,SYNTHETIC_CONTROLLED,SYNTHETIC_MODEL_PROBE,CONTRASTIVE,CONTRASTIVE,d2lce_c343a692fe9bdfdabefe7687,d2l_selected_campaign_scope_v1,FAIL_SYNTHETIC,Synthetic boundary probe retained for audit but excluded from C.,False,False,ctxx_11226ba76c96a02247095670,2fc6909d8af87cae62f1616cfc85e15c483fa48c0f0005a3447f2b651bdf0068,d2l_methodology_corpus_origin_audit,1.0.0
ctxx_11de6b7878d206af216e9882,,,,,Synthetic: The custom layer of sediment was added by the artist to the sculpture.,,,15,27,,SYNTHETIC_CONTROLLED,SYNTHETIC_MODEL_PROBE,CONTRASTIVE,CONTRASTIVE,d2lce_4d2b37402e25d2f56746ea23,d2l_selected_campaign_scope_v1,FAIL_SYNTHETIC,Synthetic boundary probe retained for audit but excluded from C.,False,False,ctxx_11de6b7878d206af216e9882,7c8da51e697f0e4a9abd17fc3b86e14df6f54038b61e50c4787e968671d19266,d2l_methodology_corpus_origin_audit,1.0.0
ctxx_120dd7c9e9410b193072eb57,,,,,"Synthetic: Here BPR names the Bayesian personalized ranking objective, not a generic business process rule.",,,16,19,,SYNTHETIC_CONTROLLED,SYNTHETIC_MODEL_PROBE,CONTRASTIVE,CONTRASTIVE,d2lce_0dbb5a3cc045f69a43d09a7a,d2l_selected_campaign_scope_v1,FAIL_SYNTHETIC,Synthetic boundary probe retained for audit but excluded from C.,False,False,ctxx_120dd7c9e9410b193072eb57,5f5c07595c18768f035f4bbd9f0209bfe60e5d8dd0626e7f44088433d85829f0,d2l_methodology_corpus_origin_audit,1.0.0
ctxx_136190004cd2926397f62441,,,,,The bus stopped in front of the station.,,,4,7,,SYNTHETIC_CONTROLLED,SYNTHETIC_MODEL_PROBE,CONTRASTIVE,CONTRASTIVE,d2lce_0e100796a86968fbdb5730e8,d2l_selected_campaign_scope_v1,FAIL_SYNTHETIC,Synthetic boundary probe retained for audit but excluded from C.,False,False,ctxx_136190004cd2926397f62441,1351a2877e6237fca18789e6f460d3f060d1b18c9608b166e01bba8791f62b5e,d2l_methodology_corpus_origin_audit,1.0.0
ctxx_174d66f2f62420c6e2a92dbb,,,,,Synthetic: The dancers tried to synchronize their steps before the performance.,,,32,43,,SYNTHETIC_CONTROLLED,SYNTHETIC_MODEL_PROBE,CONTRASTIVE,CONTRASTIVE,d2lce_1edc567804c90f134219a8f0,d2l_selected_campaign_scope_v1,FAIL_SYNTHETIC,Synthetic boundary probe retained for audit but excluded from C.,False,False,ctxx_174d66f2f62420c6e2a92dbb,9694b6cb1961fc12f61fa2bc343b04ae2e3be0f04a4063e99c3ab130c3ebd095,d2l_methodology_corpus_origin_audit,1.0.0
ctxx_17beba5acdb3e6a8aa8878b6,,,,,"Synthetic: In this chapter, SSD refers to Single Shot Multibox Detection, not a storage drive.",,,28,31,,SYNTHETIC_CONTROLLED,SYNTHETIC_MODEL_PROBE,CONTRASTIVE,CONTRASTIVE,d2lce_c6d5679eb20ff0719dfc35b2,d2l_selected_campaign_scope_v1,FAIL_SYNTHETIC,Synthetic boundary probe retained for audit but excluded from C.,False,False,ctxx_17beba5acdb3e6a8aa8878b6,80b213793247d1c4ae728a4319bdb06866fc299070cb7dd312704056b1c067b6,d2l_methodology_corpus_origin_audit,1.0.0
ctxx_1e6dd55bc1e9c0b274749deb,,,,,"Synthetic: The chef named his new sauce the convolution kernel, but it was only a menu joke.",,,44,62,,SYNTHETIC_CONTROLLED,SYNTHETIC_MODEL_PROBE,CONTRASTIVE,CONTRASTIVE,d2lce_7c27fa40b039d07e81508741,d2l_selected_campaign_scope_v1,FAIL_SYNTHETIC,Synthetic boundary probe retained for audit but excluded from C.,False,False,ctxx_1e6dd55bc1e9c0b274749deb,5d4489c4793e50033d43204ad7a560f24faaf80fa76d8deb039a086baa8fb1ac,d2l_methodology_corpus_origin_audit,1.0.0
ctxx_1f21c52c8120c8f15dfa2c07,,,,,"Synthetic: Unlike SSD, the R-CNN first generates region proposals before classification.",,,27,32,,SYNTHETIC_CONTROLLED,SYNTHETIC_MODEL_PROBE,CONTRASTIVE,CONTRASTIVE,d2lce_ad0d7cbd5f90ad33075e89aa,d2l_selected_campaign_scope_v1,FAIL_SYNTHETIC,Synthetic boundary probe retained for audit but excluded from C.,False,False,ctxx_1f21c52c8120c8f15dfa2c07,9b41e90cb3e238ce801e1f4e37b5c026336f7c5100bb0ddfc397088b0f60c817,d2l_methodology_corpus_origin_audit,1.0.0
ctxx_1f75e4a4cb4f1038d9a59945,,,,,Synthetic: The hidden layer transforms inputs into intermediate features before the output layer produces predictions.,,,15,27,,SYNTHETIC_CONTROLLED,SYNTHETIC_MODEL_PROBE,CONTRASTIVE,CONTRASTIVE,d2lce_401e038a0835f7c5733a9857,d2l_selected_campaign_scope_v1,FAIL_SYNTHETIC,Synthetic boundary probe retained for audit but excluded from C.,False,False,ctxx_1f75e4a4cb4f1038d9a59945,046d78951d0f93a208e9de6629d3fb6c1b533cc0404dd330746c8ab2209d9a61,d2l_methodology_corpus_origin_audit,1.0.0
ctxx_20879e21980bfe53804ca4b9,,,,,"Synthetic: ReLU activation names the layer’s nonlinearity, not the weight initialization scheme.",,,11,26,,SYNTHETIC_CONTROLLED,SYNTHETIC_MODEL_PROBE,CONTRASTIVE,CONTRASTIVE,d2lce_42900db05a19228ce33eafe0,d2l_selected_campaign_scope_v1,FAIL_SYNTHETIC,Synthetic boundary probe retained for audit but excluded from C.,False,False,ctxx_20879e21980bfe53804ca4b9,9c47147c7752521bff3274a78079aef867551b48b2c0f0174e84736b7f383696,d2l_methodology_corpus_origin_audit,1.0.0
ctxx_21b8f88447b5c0d4d9adc8b7,,,,,"Synthetic: In these examples, aspect ratio means the numeric width-to-height ratio, not a named media format category.",,,30,42,,SYNTHETIC_CONTROLLED,SYNTHETIC_MODEL_PROBE,CONTRASTIVE,CONTRASTIVE,d2lce_ddf8557de1cd5ff23b86e10e,d2l_selected_campaign_scope_v1,FAIL_SYNTHETIC,Synthetic boundary probe retained for audit but excluded from C.,False,False,ctxx_21b8f88447b5c0d4d9adc8b7,3ef0366d02ea9dd9a1be587033e153df0f28e0f8013f96faef48a14387fd1ceb,d2l_methodology_corpus_origin_audit,1.0.0
ctxx_22da2d4feabde1fd9e90c75b,,,,,"Synthetic: In this chapter, activation function means a mathematical mapping in a neural network, not the act of activating a software feature.",,,28,47,,SYNTHETIC_CONTROLLED,SYNTHETIC_MODEL_PROBE,CONTRASTIVE,CONTRASTIVE,d2lce_e0c693366d811581abbb9e74,d2l_selected_campaign_scope_v1,FAIL_SYNTHETIC,Synthetic boundary probe retained for audit but excluded from C.,False,False,ctxx_22da2d4feabde1fd9e90c75b,2072f7d8441a9f66983be4faad36c8b885b785f1884a4942a02efd06c2aa7773,d2l_methodology_corpus_origin_audit,1.0.0
ctxx_22f3fbb4067eedef6a075290,,,,,"Synthetic: Here, linear regression means predicting with a linear function of features, not logistic regression for classification.",,,17,34,,SYNTHETIC_CONTROLLED,SYNTHETIC_MODEL_PROBE,CONTRASTIVE,CONTRASTIVE,d2lce_d8d3db5e12791f4de99286be,d2l_selected_campaign_scope_v1,FAIL_SYNTHETIC,Synthetic boundary probe retained for audit but excluded from C.,False,False,ctxx_22f3fbb4067eedef6a075290,d6af207ada966f4725a1b819dadd4c8aafd074ead32f8719e40cbdadaa64acd4,d2l_methodology_corpus_origin_audit,1.0.0
ctxx_24e9a9c879174e4c14787b23,,,,,"[Synthetic] Approximate training cuts computation, whereas exact training evaluates the full objective each step.",,,12,32,,SYNTHETIC_CONTROLLED,SYNTHETIC_MODEL_PROBE,CONTRASTIVE,CONTRASTIVE,d2lce_28ab2b419f6b871a62a06060,d2l_selected_campaign_scope_v1,FAIL_SYNTHETIC,Synthetic boundary probe retained for audit but excluded from C.,False,False,ctxx_24e9a9c879174e4c14787b23,8ff1bdf0f5802eed2fd6657b150c6661dc9417b05a79966ae444006debe927bc,d2l_methodology_corpus_origin_audit,1.0.0
ctxx_288b025e2226d308d6374f8f,,,,,Synthetic: The training objective is to minimize prediction error plus regularization.,,,24,33,,SYNTHETIC_CONTROLLED,SYNTHETIC_MODEL_PROBE,CONTRASTIVE,CONTRASTIVE,d2lce_cf168d11faf5e675efa7e0a3,d2l_selected_campaign_scope_v1,FAIL_SYNTHETIC,Synthetic boundary probe retained for audit but excluded from C.,False,False,ctxx_288b025e2226d308d6374f8f,a861519778f5e621b5db59fa3da745e328c8a4306e330a2a01a9dc42ba8d62f2,d2l_methodology_corpus_origin_audit,1.0.0
ctxx_28d8d20b90274cd2c85f8618,,,,,Synthetic: The file extension .mlp here does not refer to an MLP neural network.,,,31,34,,SYNTHETIC_CONTROLLED,SYNTHETIC_MODEL_PROBE,CONTRASTIVE,CONTRASTIVE,d2lce_0ac8f3308547fb001c31e869,d2l_selected_campaign_scope_v1,FAIL_SYNTHETIC,Synthetic boundary probe retained for audit but excluded from C.,False,False,ctxx_28d8d20b90274cd2c85f8618,0e5fce936ce99a87ce91631d703da35f16eb17683cb6344f9e273c6910b7b02a,d2l_methodology_corpus_origin_audit,1.0.0
ctxx_2bc34d2f3a78b341b463ae37,,,,,"Synthetic boundary probe: ""two-dimensional cross-correlation operation"" is quoted here only as a document label, not as an occurrence of the reviewed D2L sense.",,,27,70,,SYNTHETIC_CONTROLLED,SYNTHETIC_MODEL_PROBE,CONTRASTIVE,CONTRASTIVE,d2lce_963a14fc5042969e330bb020,d2l_selected_campaign_scope_v1,FAIL_SYNTHETIC,Synthetic boundary probe retained for audit but excluded from C.,False,False,ctxx_2bc34d2f3a78b341b463ae37,200110cf34a2b22bd60e56ae097091f4bc0c797b6692a7ac435307baa0fd8038,d2l_methodology_corpus_origin_audit,1.0.0
ctxx_30362ebc1c45d47a53816848,,,,,Synthetic: This parser reads a binary classification header from the file format specification.,,,31,52,,SYNTHETIC_CONTROLLED,SYNTHETIC_MODEL_PROBE,CONTRASTIVE,CONTRASTIVE,d2lce_bb2aa6e567ff5ce9563e209b,d2l_selected_campaign_scope_v1,FAIL_SYNTHETIC,Synthetic boundary probe retained for audit but excluded from C.,False,False,ctxx_30362ebc1c45d47a53816848,52017e83f85666046baea0e8bb5681a4ca621f08787ca6e81f40b2d04700f617,d2l_methodology_corpus_origin_audit,1.0.0
ctxx_30b779e89788fa1c53d8f922,,,,,"Synthetic: The representation from the hidden layer improved classification, but the elected representation changed after the vote.",,,15,29,,SYNTHETIC_CONTROLLED,SYNTHETIC_MODEL_PROBE,CONTRASTIVE,CONTRASTIVE,d2lce_f33d434f8362f23d43285427,d2l_selected_campaign_scope_v1,FAIL_SYNTHETIC,Synthetic boundary probe retained for audit but excluded from C.,False,False,ctxx_30b779e89788fa1c53d8f922,6c5d7026acd4cd4e3e301a2f905effe630b99d0573301c8d52fb3a428259fc59,d2l_methodology_corpus_origin_audit,1.0.0
ctxx_30dcd83ef77f45fbc9c6ba87,,,,,"Synthetic: In the sampler, population means the list of candidate indices rather than the full statistical population under study.",,,27,37,,SYNTHETIC_CONTROLLED,SYNTHETIC_MODEL_PROBE,CONTRASTIVE,CONTRASTIVE,d2lce_b0fd0234a2a3049734e8011c,d2l_selected_campaign_scope_v1,FAIL_SYNTHETIC,Synthetic boundary probe retained for audit but excluded from C.,False,False,ctxx_30dcd83ef77f45fbc9c6ba87,72b32b7fb5591ed809a8e19b47a47f604cace4edf06571d92a8811e4e70213e1,d2l_methodology_corpus_origin_audit,1.0.0
ctxx_341e6741173efa8aa1ba0c71,,,,,Synthetic: They train every morning for the marathon before sunrise.,,,16,21,,SYNTHETIC_CONTROLLED,SYNTHETIC_MODEL_PROBE,CONTRASTIVE,CONTRASTIVE,d2lce_d1ca2fd5568e11a79b1b3366,d2l_selected_campaign_scope_v1,FAIL_SYNTHETIC,Synthetic boundary probe retained for audit but excluded from C.,False,False,ctxx_341e6741173efa8aa1ba0c71,0ac66611c0c879c20692be0f35f6bc83aa6ee66153f8c06f768f8af5455d6b21,d2l_methodology_corpus_origin_audit,1.0.0
ctxx_36cabf1c66f9b4ec24b89888,,,,,"Synthetic: In graphic design, the artist used word embedding to place text objects inside a logo shape.",,,46,60,,SYNTHETIC_CONTROLLED,SYNTHETIC_MODEL_PROBE,CONTRASTIVE,CONTRASTIVE,d2lce_ce222dd206341f61f2986f7a,d2l_selected_campaign_scope_v1,FAIL_SYNTHETIC,Synthetic boundary probe retained for audit but excluded from C.,False,False,ctxx_36cabf1c66f9b4ec24b89888,8392c5af3e5f18bf5d810904fa878c322f93d40dbe0a5f41e9bc0ca01c7393d2,d2l_methodology_corpus_origin_audit,1.0.0
ctxx_38fbfb8ab20bbaae0ce535cb,,,,,"Synthetic: Here, attention refers to a focus-weighting idea in models, not to legal or medical emergency attention.",,,17,26,,SYNTHETIC_CONTROLLED,SYNTHETIC_MODEL_PROBE,CONTRASTIVE,CONTRASTIVE,d2lce_4a5f20bb32b66b1f07d9f37a,d2l_selected_campaign_scope_v1,FAIL_SYNTHETIC,Synthetic boundary probe retained for audit but excluded from C.,False,False,ctxx_38fbfb8ab20bbaae0ce535cb,c257d59af01695db63b7924ac6e3fcacc27b24d442e9b9e298e462ad0516d0a1,d2l_methodology_corpus_origin_audit,1.0.0
ctxx_3a64557efe58ea113612c86e,,,,,"Synthetic: In typography, a skip-gram model could be misread as a layout pattern that skips printed letter groups, not a word embedding model.",,,28,43,,SYNTHETIC_CONTROLLED,SYNTHETIC_MODEL_PROBE,CONTRASTIVE,CONTRASTIVE,d2lce_9cee0f2f668259a2568b89f4,d2l_selected_campaign_scope_v1,FAIL_SYNTHETIC,Synthetic boundary probe retained for audit but excluded from C.,False,False,ctxx_3a64557efe58ea113612c86e,b4b8165e0978fcba9d6baf4171547fd52222b2ba85bd9623d389f5923504ef23,d2l_methodology_corpus_origin_audit,1.0.0
ctxx_3e2772e947e6f76d5a66533c,,,,,Synthetic: Visitors should wait at the input gate before entering the stadium.,,,39,49,,SYNTHETIC_CONTROLLED,SYNTHETIC_MODEL_PROBE,CONTRASTIVE,CONTRASTIVE,d2lce_c6c1c6e96c39b88a9f94e8d9,d2l_selected_campaign_scope_v1,FAIL_SYNTHETIC,Synthetic boundary probe retained for audit but excluded from C.,False,False,ctxx_3e2772e947e6f76d5a66533c,9436b8b35225e888d5ad469f2347dcde55c2d6433af6429bbae3b6f98004e824,d2l_methodology_corpus_origin_audit,1.0.0
ctxx_419574fe3c1e66af04e29fe0,,,,,Synthetic: The child's generalization error in storytelling was not measured statistically.,,,23,43,,SYNTHETIC_CONTROLLED,SYNTHETIC_MODEL_PROBE,CONTRASTIVE,CONTRASTIVE,d2lce_9199c3ba27076b186a42df23,d2l_selected_campaign_scope_v1,FAIL_SYNTHETIC,Synthetic boundary probe retained for audit but excluded from C.,False,False,ctxx_419574fe3c1e66af04e29fe0,88c88350bbe53af9c572c38275a0e4cfc5fee3f230e090e0c1374ddca3999537,d2l_methodology_corpus_origin_audit,1.0.0
ctxx_42a6357f3553d007faf93757,,,,,"Synthetic boundary probe: ""padding tokens"" is quoted here only as a document label, not as an occurrence of the reviewed D2L sense.",,,27,41,,SYNTHETIC_CONTROLLED,SYNTHETIC_MODEL_PROBE,CONTRASTIVE,CONTRASTIVE,d2lce_b967af36e17c22a478eaed6d,d2l_selected_campaign_scope_v1,FAIL_SYNTHETIC,Synthetic boundary probe retained for audit but excluded from C.,False,False,ctxx_42a6357f3553d007faf93757,515618502bfa27330833bb9bd904532fbea8e74a7dda254833421a37006d8edb,d2l_methodology_corpus_origin_audit,1.0.0
ctxx_43cadbfc0b9eb9648f51f1d6,,,,,"Synthetic: In this toy example, the phrase zero mean describes a distribution centered at 0, not a zero-valued sample.",,,43,52,,SYNTHETIC_CONTROLLED,SYNTHETIC_MODEL_PROBE,CONTRASTIVE,CONTRASTIVE,d2lce_eae5d94b4d2b73165c5d8795,d2l_selected_campaign_scope_v1,FAIL_SYNTHETIC,Synthetic boundary probe retained for audit but excluded from C.,False,False,ctxx_43cadbfc0b9eb9648f51f1d6,d54aec59d35a2db0e8080bf2bffc4c238c77376eb2dd3937b9970aaffb1029bd,d2l_methodology_corpus_origin_audit,1.0.0
ctxx_441a920e9299feaf54a20bf2,,,,,"Synthetic: The museum exhibit focused on feature interactions between carved surfaces and light, not data fields.",,,41,61,,SYNTHETIC_CONTROLLED,SYNTHETIC_MODEL_PROBE,CONTRASTIVE,CONTRASTIVE,d2lce_8de4d36bcb2f1ad2291dd52e,d2l_selected_campaign_scope_v1,FAIL_SYNTHETIC,Synthetic boundary probe retained for audit but excluded from C.,False,False,ctxx_441a920e9299feaf54a20bf2,42ac49ed353be3acdafa633726ae38832eeeedabbd75bf4b3498777691dcedb2,d2l_methodology_corpus_origin_audit,1.0.0
ctxx_45c50c2a2b5c174155ab4c4e,,,,,Synthetic: Her observation about the lecture was insightful.,,,15,26,,SYNTHETIC_CONTROLLED,SYNTHETIC_MODEL_PROBE,CONTRASTIVE,CONTRASTIVE,d2lce_4f85955c4fd10e184dc97d32,d2l_selected_campaign_scope_v1,FAIL_SYNTHETIC,Synthetic boundary probe retained for audit but excluded from C.,False,False,ctxx_45c50c2a2b5c174155ab4c4e,afb3d7ed7a825c1848a9977894e35d204ab9dd185200d3cdbb0805953292dec3,d2l_methodology_corpus_origin_audit,1.0.0
ctxx_46d8100baa5bd274aaca168a,,,,,"Synthetic: In software versioning, beta refers to a pre-release testing stage, not a mathematical parameter symbol.",,,35,39,,SYNTHETIC_CONTROLLED,SYNTHETIC_MODEL_PROBE,CONTRASTIVE,CONTRASTIVE,d2lce_20a7e6887718c68fb6b88a05,d2l_selected_campaign_scope_v1,FAIL_SYNTHETIC,Synthetic boundary probe retained for audit but excluded from C.,False,False,ctxx_46d8100baa5bd274aaca168a,6668f5438f515e50e1d64f76d02ee545db5b69a638064d3a218146ed0a6990a1,d2l_methodology_corpus_origin_audit,1.0.0
ctxx_48fcd5c971dd15c9961d3824,,,,,"Synthetic: The phrase continuous bag of words here refers to a named prediction model, not just any continuously updated bag of vocabulary items.",,,22,45,,SYNTHETIC_CONTROLLED,SYNTHETIC_MODEL_PROBE,CONTRASTIVE,CONTRASTIVE,d2lce_dc193feb1eeef3a1349d9b74,d2l_selected_campaign_scope_v1,FAIL_SYNTHETIC,Synthetic boundary probe retained for audit but excluded from C.,False,False,ctxx_48fcd5c971dd15c9961d3824,c13de774679b48b714280dd988bb72a30495978011953fced284bfd4eaafab23,d2l_methodology_corpus_origin_audit,1.0.0
ctxx_4a59554994576b94331e3dd9,,,,,"Synthetic: The package was rejected because of label shift on the sticker, not because of a data distribution issue.",,,47,58,,SYNTHETIC_CONTROLLED,SYNTHETIC_MODEL_PROBE,CONTRASTIVE,CONTRASTIVE,d2lce_a5537c415bcbe54cdd82a669,d2l_selected_campaign_scope_v1,FAIL_SYNTHETIC,Synthetic boundary probe retained for audit but excluded from C.,False,False,ctxx_4a59554994576b94331e3dd9,c09fd650775ac7d63a2cc847e72c21dcaff8df6b777cce7b7c5b3fa19d8092a1,d2l_methodology_corpus_origin_audit,1.0.0
ctxx_4b9123a043f392cf6798ebdd,,,,,Synthetic: She remained constant in her support throughout the project.,,,24,32,,SYNTHETIC_CONTROLLED,SYNTHETIC_MODEL_PROBE,CONTRASTIVE,CONTRASTIVE,d2lce_46e81052dcb25b16e429062a,d2l_selected_campaign_scope_v1,FAIL_SYNTHETIC,Synthetic boundary probe retained for audit but excluded from C.,False,False,ctxx_4b9123a043f392cf6798ebdd,a6d3dedf83746496ba3b2923c422d493b5b1e1cb351bcb0f44da3538b2868c75,d2l_methodology_corpus_origin_audit,1.0.0
ctxx_4dea89c90037f013e133f06d,,,,,"Synthetic: This project runs on any GPU library, so 'CUDA' here would not refer to the specific NVIDIA platform.",,,53,57,,SYNTHETIC_CONTROLLED,SYNTHETIC_MODEL_PROBE,CONTRASTIVE,CONTRASTIVE,d2lce_ebd36388b50538b928ebbb4a,d2l_selected_campaign_scope_v1,FAIL_SYNTHETIC,Synthetic boundary probe retained for audit but excluded from C.,False,False,ctxx_4dea89c90037f013e133f06d,94d43afbf6be3fd1c0cdecfe92e50f14c720c91a47f212aab3515f6b4520d345,d2l_methodology_corpus_origin_audit,1.0.0
ctxx_4f681a1f06ff96894ab423a7,,,,,Synthetic: The second derivative in a pricing spreadsheet was left blank because no calculus was being applied.,,,15,32,,SYNTHETIC_CONTROLLED,SYNTHETIC_MODEL_PROBE,CONTRASTIVE,CONTRASTIVE,d2lce_bee01b92f7b0b02cc1d77bd7,d2l_selected_campaign_scope_v1,FAIL_SYNTHETIC,Synthetic boundary probe retained for audit but excluded from C.,False,False,ctxx_4f681a1f06ff96894ab423a7,7b421da6a2f08076d23ecb55780e47499089e25e9bbc40b6135f16d44e16ff2f,d2l_methodology_corpus_origin_audit,1.0.0
ctxx_4f964651e54483165da09758,,,,,"Synthetic: PCIe was printed on the slide as an example acronym, without referring to the hardware interconnect standard.",,,11,15,,SYNTHETIC_CONTROLLED,SYNTHETIC_MODEL_PROBE,CONTRASTIVE,CONTRASTIVE,d2lce_35df896f9860f8aac814ce37,d2l_selected_campaign_scope_v1,FAIL_SYNTHETIC,Synthetic boundary probe retained for audit but excluded from C.,False,False,ctxx_4f964651e54483165da09758,499d881b0ef586929dcf805d19e3dc201d91af20789b59665cd3f03dd2d1aace,d2l_methodology_corpus_origin_audit,1.0.0
ctxx_500edc85fffab271e5a1c3df,,,,,"Synthetic: In information theory, a bit is a unit of information rather than just a small amount.",,,36,39,,SYNTHETIC_CONTROLLED,SYNTHETIC_MODEL_PROBE,CONTRASTIVE,CONTRASTIVE,d2lce_53c32398310471fac3dacf35,d2l_selected_campaign_scope_v1,FAIL_SYNTHETIC,Synthetic boundary probe retained for audit but excluded from C.,False,False,ctxx_500edc85fffab271e5a1c3df,1d719663ff2edb4dddf17c4bc48f1fdc93c3c17b7d6931d5a1f4ff0b9c26e3c5,d2l_methodology_corpus_origin_audit,1.0.0
ctxx_5191a23f7110b644d4202364,,,,,"[Synthetic] The minibatch size stayed fixed at 32, but the minibatch contents changed every iteration.",,,16,30,,SYNTHETIC_CONTROLLED,SYNTHETIC_MODEL_PROBE,CONTRASTIVE,CONTRASTIVE,d2lce_152a9bcc9b8b5f6cc5586c54,d2l_selected_campaign_scope_v1,FAIL_SYNTHETIC,Synthetic boundary probe retained for audit but excluded from C.,False,False,ctxx_5191a23f7110b644d4202364,f29ff63202f10b5d9b1d28056ce95d077f843fd6d0b8b1236098582064fe3aa9,d2l_methodology_corpus_origin_audit,1.0.0
ctxx_520127f2d04dc6eac949f60b,,,,,"Synthetic: During software setup, initialization only created a default configuration file and no model parameters.",,,34,48,,SYNTHETIC_CONTROLLED,SYNTHETIC_MODEL_PROBE,CONTRASTIVE,CONTRASTIVE,d2lce_8373decbb6e405f0386ec8a0,d2l_selected_campaign_scope_v1,FAIL_SYNTHETIC,Synthetic boundary probe retained for audit but excluded from C.,False,False,ctxx_520127f2d04dc6eac949f60b,f4a293260c0a034bbe3f1c65cda284d85750fc14fb5b5f216233d4dcb7e88474,d2l_methodology_corpus_origin_audit,1.0.0
ctxx_554a2bbe1b9e303caac14fab,,,,,"Synthetic: In a company dashboard, MSE could be an internal project code, not mean squared error.",,,35,38,,SYNTHETIC_CONTROLLED,SYNTHETIC_MODEL_PROBE,CONTRASTIVE,CONTRASTIVE,d2lce_ceb82e896665f8c0cd942ed6,d2l_selected_campaign_scope_v1,FAIL_SYNTHETIC,Synthetic boundary probe retained for audit but excluded from C.,False,False,ctxx_554a2bbe1b9e303caac14fab,f08b4cf063d728eecaf64d8525c8e66e44e83700340057d36454fac6f9c85782,d2l_methodology_corpus_origin_audit,1.0.0
ctxx_5780e748e8152fceb29fe2ec,,,,,"Synthetic: In everyday speech, uncertainty can mean personal hesitation rather than statistical or predictive uncertainty.",,,31,42,,SYNTHETIC_CONTROLLED,SYNTHETIC_MODEL_PROBE,CONTRASTIVE,CONTRASTIVE,d2lce_73dbe839de3f1d00bf1226f0,d2l_selected_campaign_scope_v1,FAIL_SYNTHETIC,Synthetic boundary probe retained for audit but excluded from C.,False,False,ctxx_5780e748e8152fceb29fe2ec,b11554ea12805705bdaa1935f38be8d47d4d6dfa9c1934bf6e5b766ba3e095fe,d2l_methodology_corpus_origin_audit,1.0.0
ctxx_5ab100fa98fa8d89b89fa850,,,,,"Synthetic: In chemistry, an interaction matrix could summarize interactions among molecules, not user-item data.",,,28,46,,SYNTHETIC_CONTROLLED,SYNTHETIC_MODEL_PROBE,CONTRASTIVE,CONTRASTIVE,d2lce_c01c503b792019c6e3827ac0,d2l_selected_campaign_scope_v1,FAIL_SYNTHETIC,Synthetic boundary probe retained for audit but excluded from C.,False,False,ctxx_5ab100fa98fa8d89b89fa850,3312a880dd74a0c1b000a98525ec40ad4384cf625ba1372675ff4ed48fc1b532,d2l_methodology_corpus_origin_audit,1.0.0
ctxx_62a44bacfcfd9838900887b9,,,,,Synthetic: The robot lost sensory input from its temperature sensor after the cable broke.,,,26,39,,SYNTHETIC_CONTROLLED,SYNTHETIC_MODEL_PROBE,CONTRASTIVE,CONTRASTIVE,d2lce_bc240ce7b3e0abeb18f82a6b,d2l_selected_campaign_scope_v1,FAIL_SYNTHETIC,Synthetic boundary probe retained for audit but excluded from C.,False,False,ctxx_62a44bacfcfd9838900887b9,596d9f93f1709b8e128693674da65cecf0d31a2373e5e8594156ebef41149bf3,d2l_methodology_corpus_origin_audit,1.0.0
ctxx_6d6250704a0a3e44beb29e5c,,,,,[Synthetic] The city added two new lanes to reduce rush-hour congestion downtown.,,,35,40,,SYNTHETIC_CONTROLLED,SYNTHETIC_MODEL_PROBE,CONTRASTIVE,CONTRASTIVE,d2lce_54e0621e7c3812cb511231dc,d2l_selected_campaign_scope_v1,FAIL_SYNTHETIC,Synthetic boundary probe retained for audit but excluded from C.,False,False,ctxx_6d6250704a0a3e44beb29e5c,bc197e9c3def8b032805c42cf21ad5662d977a331aac62dd50474c8cff4ace9c,d2l_methodology_corpus_origin_audit,1.0.0
ctxx_6e2436fba822b8df6af232ec,,,,,"Synthetic: In medicine, a sigmoid function could be discussed as an S-shaped dose-response curve rather than specifically as a neural-network activation.",,,26,42,,SYNTHETIC_CONTROLLED,SYNTHETIC_MODEL_PROBE,CONTRASTIVE,CONTRASTIVE,d2lce_00f50f89defd8652bb8c429e,d2l_selected_campaign_scope_v1,FAIL_SYNTHETIC,Synthetic boundary probe retained for audit but excluded from C.,False,False,ctxx_6e2436fba822b8df6af232ec,e0319fd30504e69c55f69a38735a36cacdc27aea7c9b23e7699d8229bce44d12,d2l_methodology_corpus_origin_audit,1.0.0
ctxx_6e73fc3ec644b4b97b928c84,,,,,Synthetic: The moderators used collaborative filtering to jointly sort spam emails by hand.,,,31,54,,SYNTHETIC_CONTROLLED,SYNTHETIC_MODEL_PROBE,CONTRASTIVE,CONTRASTIVE,d2lce_fb9ad6a6ac7e4ba9167913e1,d2l_selected_campaign_scope_v1,FAIL_SYNTHETIC,Synthetic boundary probe retained for audit but excluded from C.,False,False,ctxx_6e73fc3ec644b4b97b928c84,a08a0c47e57d3e737715b2ad0d3ff3bd7a3919ae3f0db78206aa1732088bb4f8,d2l_methodology_corpus_origin_audit,1.0.0
ctxx_6ff4c1e031d0f55492f1ac8c,,,,,Synthetic: Social pressure and fear were latent factors behind the decision.,,,41,55,,SYNTHETIC_CONTROLLED,SYNTHETIC_MODEL_PROBE,CONTRASTIVE,CONTRASTIVE,d2lce_f7c1845f1d67dcb386e8fc22,d2l_selected_campaign_scope_v1,FAIL_SYNTHETIC,Synthetic boundary probe retained for audit but excluded from C.,False,False,ctxx_6ff4c1e031d0f55492f1ac8c,07f6561cc7b9f767ab6a6b0cf7e50d7743350eef3077d7b084a1d02d62a72b03,d2l_methodology_corpus_origin_audit,1.0.0
ctxx_7023d62a0183cfe9af9039e4,,,,,"Synthetic: These measurements are statistically independent, but not linearly independent as vectors.",,,69,89,,SYNTHETIC_CONTROLLED,SYNTHETIC_MODEL_PROBE,CONTRASTIVE,CONTRASTIVE,d2lce_e246c0d41c7b8bc2c145f69a,d2l_selected_campaign_scope_v1,FAIL_SYNTHETIC,Synthetic boundary probe retained for audit but excluded from C.,False,False,ctxx_7023d62a0183cfe9af9039e4,f20b8b3af180dcf85f3b09ea8837cdac632883bb53a529ac80615e02e344b7ac,d2l_methodology_corpus_origin_audit,1.0.0
ctxx_7131639c7f5a388520ca7307,,,,,"Synthetic: In these contexts, standardization means rescaling numeric data, not enforcing a social or industrial standard.",,,30,45,,SYNTHETIC_CONTROLLED,SYNTHETIC_MODEL_PROBE,CONTRASTIVE,CONTRASTIVE,d2lce_d53294d467b28b07bf000b10,d2l_selected_campaign_scope_v1,FAIL_SYNTHETIC,Synthetic boundary probe retained for audit but excluded from C.,False,False,ctxx_7131639c7f5a388520ca7307,bf44e42073891f80281a46b67e5d4b6a2e2c9f08dc98010d6e4d4c72cbfc6d43,d2l_methodology_corpus_origin_audit,1.0.0
ctxx_7135e843d205a1df7aacad41,,,,,"Synthetic: In image editing, “positional embeddings” could be misused to mean coordinates pasted into metadata, not neural sequence representations.",,,30,51,,SYNTHETIC_CONTROLLED,SYNTHETIC_MODEL_PROBE,CONTRASTIVE,CONTRASTIVE,d2lce_d96258f97579b9b414c21815,d2l_selected_campaign_scope_v1,FAIL_SYNTHETIC,Synthetic boundary probe retained for audit but excluded from C.,False,False,ctxx_7135e843d205a1df7aacad41,0ecb744c80dd9cb10435d0d49c29046bd6b3e9b1953ff39acd811a4f213ff229,d2l_methodology_corpus_origin_audit,1.0.0
ctxx_72700cb3a60e1d3db06d223e,,,,,Synthetic: The resort's pooling layer is the final tile coating applied inside the swimming pool.,,,24,37,,SYNTHETIC_CONTROLLED,SYNTHETIC_MODEL_PROBE,CONTRASTIVE,CONTRASTIVE,d2lce_2b9f63478b6ef59511a4f930,d2l_selected_campaign_scope_v1,FAIL_SYNTHETIC,Synthetic boundary probe retained for audit but excluded from C.,False,False,ctxx_72700cb3a60e1d3db06d223e,76c76e262e7ffd08598876c78e7ea00187910cddac5b1a311fe8e1ae0e9b698d,d2l_methodology_corpus_origin_audit,1.0.0
ctxx_72c3492a653c7eb9641454ed,,,,,"Synthetic: In this chapter, matrix factorization predicts user–item preferences by learning latent factors from an interaction matrix.",,,28,48,,SYNTHETIC_CONTROLLED,SYNTHETIC_MODEL_PROBE,CONTRASTIVE,CONTRASTIVE,d2lce_bbf89ef89c96205886255dcf,d2l_selected_campaign_scope_v1,FAIL_SYNTHETIC,Synthetic boundary probe retained for audit but excluded from C.,False,False,ctxx_72c3492a653c7eb9641454ed,9906ebd7c9093aa851a9315bf67199684732de8adb51868525fdf9995fecd756,d2l_methodology_corpus_origin_audit,1.0.0
ctxx_785b930bfe321e58de2d60e0,,,,,"Synthetic: The news article discussed political bias, not statistical bias.",,,58,74,,SYNTHETIC_CONTROLLED,SYNTHETIC_MODEL_PROBE,CONTRASTIVE,CONTRASTIVE,d2lce_b5d6207f8142a696435e27e0,d2l_selected_campaign_scope_v1,FAIL_SYNTHETIC,Synthetic boundary probe retained for audit but excluded from C.,False,False,ctxx_785b930bfe321e58de2d60e0,f8de783ed41ee9877a7c14828e013cd3ad280b70cfc8ac0f6240f0027f3470f9,d2l_methodology_corpus_origin_audit,1.0.0
ctxx_7b18eca1441d8ef083130efa,,,,,"Synthetic: In music, transpose a melody up by two semitones.",,,21,30,,SYNTHETIC_CONTROLLED,SYNTHETIC_MODEL_PROBE,CONTRASTIVE,CONTRASTIVE,d2lce_6b1b75f43b72ec9bace62065,d2l_selected_campaign_scope_v1,FAIL_SYNTHETIC,Synthetic boundary probe retained for audit but excluded from C.,False,False,ctxx_7b18eca1441d8ef083130efa,ebec12103ece9710b35f3f167c75ecd0c7ea29462ee82826099201ee8f5b7729,d2l_methodology_corpus_origin_audit,1.0.0
ctxx_7bf4f962ca5e36499fdcecbb,,,,,"Synthetic: The chemistry lab discussed reduction, meaning gain of electrons, which is unrelated to tensor reduction here.",,,39,48,,SYNTHETIC_CONTROLLED,SYNTHETIC_MODEL_PROBE,CONTRASTIVE,CONTRASTIVE,d2lce_fa115d4c3a8140d91339df15,d2l_selected_campaign_scope_v1,FAIL_SYNTHETIC,Synthetic boundary probe retained for audit but excluded from C.,False,False,ctxx_7bf4f962ca5e36499fdcecbb,89379c43c341295e042eaf5fec2a9314261daea43e0b72767508152963703bb8,d2l_methodology_corpus_origin_audit,1.0.0
ctxx_7f072bff8c2c84e16d99964b,,,,,Synthetic: She bought a Jupyter notebook to sketch ideas by hand during class.,,,24,40,,SYNTHETIC_CONTROLLED,SYNTHETIC_MODEL_PROBE,CONTRASTIVE,CONTRASTIVE,d2lce_1a91fdded89249a5cd89ec14,d2l_selected_campaign_scope_v1,FAIL_SYNTHETIC,Synthetic boundary probe retained for audit but excluded from C.,False,False,ctxx_7f072bff8c2c84e16d99964b,3a9641603ffe77199d0bc84edc1976e6460b7eb0b071263847afb435649ce990,d2l_methodology_corpus_origin_audit,1.0.0
ctxx_7fd22e3f605db0d533d0053f,,,,,"Synthetic: The ball’s momentum increased after the collision, which is a physics sense unrelated to optimization.",,,22,30,,SYNTHETIC_CONTROLLED,SYNTHETIC_MODEL_PROBE,CONTRASTIVE,CONTRASTIVE,d2lce_addfcc9899bef06c500b6b0e,d2l_selected_campaign_scope_v1,FAIL_SYNTHETIC,Synthetic boundary probe retained for audit but excluded from C.,False,False,ctxx_7fd22e3f605db0d533d0053f,68a3eaccad68cdccfdf74fbdd5fecbdb84f33b55e1046d43b807a04165534168,d2l_methodology_corpus_origin_audit,1.0.0
ctxx_81f6cec0f1edf5ca60a5d1d1,,,,,"Synthetic: In the poster, the designer created vanishing gradients as a color effect from dark blue to white.",,,47,66,,SYNTHETIC_CONTROLLED,SYNTHETIC_MODEL_PROBE,CONTRASTIVE,CONTRASTIVE,d2lce_d7976d0b101e65c34c011871,d2l_selected_campaign_scope_v1,FAIL_SYNTHETIC,Synthetic boundary probe retained for audit but excluded from C.,False,False,ctxx_81f6cec0f1edf5ca60a5d1d1,9210703ebf1bcf4c41ceac1b420d6541a18b2d8399f7ceff24dbfa07ae5e6cd8,d2l_methodology_corpus_origin_audit,1.0.0
ctxx_821e879eea68458c73930916,,,,,"Synthetic: In digital electronics, an output gate may refer to a circuit output stage, not an LSTM component.",,,38,49,,SYNTHETIC_CONTROLLED,SYNTHETIC_MODEL_PROBE,CONTRASTIVE,CONTRASTIVE,d2lce_c6b4477a845e2e0e0e02f088,d2l_selected_campaign_scope_v1,FAIL_SYNTHETIC,Synthetic boundary probe retained for audit but excluded from C.,False,False,ctxx_821e879eea68458c73930916,e947f5aa845765f34a9129c4d437a3b29381c11b02d75c0fd8aafabca5bb0768,d2l_methodology_corpus_origin_audit,1.0.0
ctxx_84628ffb91c733b908fe79fe,,,,,"Synthetic: In fluid dynamics, underflow beneath a dam changed the riverbed.",,,30,39,,SYNTHETIC_CONTROLLED,SYNTHETIC_MODEL_PROBE,CONTRASTIVE,CONTRASTIVE,d2lce_9bd5113780f8e8160a24e6ad,d2l_selected_campaign_scope_v1,FAIL_SYNTHETIC,Synthetic boundary probe retained for audit but excluded from C.,False,False,ctxx_84628ffb91c733b908fe79fe,f733ecd1d266fffa7c50de1333191edd956826972b71a90681abbf56dd09cfa1,d2l_methodology_corpus_origin_audit,1.0.0
ctxx_84b6c6da320bc9d34290eccf,,,,,Synthetic: The library faced classification problems when volunteers disagreed on where to shelve rare manuscripts.,,,29,52,,SYNTHETIC_CONTROLLED,SYNTHETIC_MODEL_PROBE,CONTRASTIVE,CONTRASTIVE,d2lce_7070b47672fcb2311c0527b6,d2l_selected_campaign_scope_v1,FAIL_SYNTHETIC,Synthetic boundary probe retained for audit but excluded from C.,False,False,ctxx_84b6c6da320bc9d34290eccf,c52c8e910e7cd65a7cdb0c1c35a7720d84a18cf4001434ab612c3daecfa1d316,d2l_methodology_corpus_origin_audit,1.0.0
ctxx_84c1d4c47c3148deef80b20d,,,,,"Synthetic: In philosophy, a person's language model of the world may shape how they speak.",,,37,51,,SYNTHETIC_CONTROLLED,SYNTHETIC_MODEL_PROBE,CONTRASTIVE,CONTRASTIVE,d2lce_a7105fea7b2b3447548b6d7a,d2l_selected_campaign_scope_v1,FAIL_SYNTHETIC,Synthetic boundary probe retained for audit but excluded from C.,False,False,ctxx_84c1d4c47c3148deef80b20d,73bc6f895c2ae307bf6f4612d5fc2eb25ac8ba4c4f6556b8d7f786e760c5caea,d2l_methodology_corpus_origin_audit,1.0.0
ctxx_85285f0d027767b78f70c1d2,,,,,Synthetic: The company changed the distribution of books across its retail stores last month.,,,35,47,,SYNTHETIC_CONTROLLED,SYNTHETIC_MODEL_PROBE,CONTRASTIVE,CONTRASTIVE,d2lce_c47822c187c02e12aa499ec6,d2l_selected_campaign_scope_v1,FAIL_SYNTHETIC,Synthetic boundary probe retained for audit but excluded from C.,False,False,ctxx_85285f0d027767b78f70c1d2,1df9e164ca93438e6e65661afadaf077e4d59bae4ecc04aaca6fc09251e980ff,d2l_methodology_corpus_origin_audit,1.0.0
ctxx_8d0da7248b4a456b1d43166f,,,,,"Synthetic: The mirror had a convex function in the decorative engraving, but no mathematical meaning was intended.",,,28,43,,SYNTHETIC_CONTROLLED,SYNTHETIC_MODEL_PROBE,CONTRASTIVE,CONTRASTIVE,d2lce_0a19e86b29b5e64f79a45ddc,d2l_selected_campaign_scope_v1,FAIL_SYNTHETIC,Synthetic boundary probe retained for audit but excluded from C.,False,False,ctxx_8d0da7248b4a456b1d43166f,98c6cbcfa8b63645c52081a977ff63fb781234fab76f61c3aa5d8ab081accc45,d2l_methodology_corpus_origin_audit,1.0.0
ctxx_8f427929265cd736a42fb29a,,,,,"Synthetic: A bidirectional RNN reads the sequence in both directions, unlike a unidirectional RNN.",,,13,30,,SYNTHETIC_CONTROLLED,SYNTHETIC_MODEL_PROBE,CONTRASTIVE,CONTRASTIVE,d2lce_80f4d6555a6ea1d2e5e881a1,d2l_selected_campaign_scope_v1,FAIL_SYNTHETIC,Synthetic boundary probe retained for audit but excluded from C.,False,False,ctxx_8f427929265cd736a42fb29a,4473ef055dfe3e426d353204a42d31b876e7df6671c7b7db3e7749e418bb5242,d2l_methodology_corpus_origin_audit,1.0.0
ctxx_910f4d9a65952b578fc14d53,,,,,"Synthetic: The museum studied style transfer across generations of painters, without generating any images computationally.",,,30,44,,SYNTHETIC_CONTROLLED,SYNTHETIC_MODEL_PROBE,CONTRASTIVE,CONTRASTIVE,d2lce_041add3a2f3aa452408a5384,d2l_selected_campaign_scope_v1,FAIL_SYNTHETIC,Synthetic boundary probe retained for audit but excluded from C.,False,False,ctxx_910f4d9a65952b578fc14d53,687b16a319a9f91809c3bf7484ee76eb4fa9c4387632c2aa66d5e0cfa4d793f4,d2l_methodology_corpus_origin_audit,1.0.0
ctxx_944c2526011bbb07ca24e8c2,,,,,Synthetic: The encoder-decoder for JPEG compression is not an RNN encoder-decoder.,,,62,81,,SYNTHETIC_CONTROLLED,SYNTHETIC_MODEL_PROBE,CONTRASTIVE,CONTRASTIVE,d2lce_43488a3e1f15598ac9b1b6bc,d2l_selected_campaign_scope_v1,FAIL_SYNTHETIC,Synthetic boundary probe retained for audit but excluded from C.,False,False,ctxx_944c2526011bbb07ca24e8c2,961124852b90e3a372a8f990a7d5b1e751070829918b0c06478864e9df7f1c0d,d2l_methodology_corpus_origin_audit,1.0.0
ctxx_94774b666e3a5ea9bb5cba01,,,,,"Synthetic boundary probe: ""contexts"" is quoted here only as a document label, not as an occurrence of the reviewed D2L sense.",,,27,35,,SYNTHETIC_CONTROLLED,SYNTHETIC_MODEL_PROBE,CONTRASTIVE,CONTRASTIVE,d2lce_382e4bbab285d56a08249753,d2l_selected_campaign_scope_v1,FAIL_SYNTHETIC,Synthetic boundary probe retained for audit but excluded from C.,False,False,ctxx_94774b666e3a5ea9bb5cba01,8a163481a63dc7955b9155f0c5678d67f51a80c98f13f52743464e32e2978902,d2l_methodology_corpus_origin_audit,1.0.0
ctxx_94cbf1bd5b9c74a5752e92bf,,,,,"Synthetic: Here, training data means examples used to fit a model, not data for training human staff.",,,17,30,,SYNTHETIC_CONTROLLED,SYNTHETIC_MODEL_PROBE,CONTRASTIVE,CONTRASTIVE,d2lce_d30763678be8999b747cf0ee,d2l_selected_campaign_scope_v1,FAIL_SYNTHETIC,Synthetic boundary probe retained for audit but excluded from C.,False,False,ctxx_94cbf1bd5b9c74a5752e92bf,55d0a00dfb5f627d90e1352abb83491eb63d61de18392783b119c3f6ba8b47b0,d2l_methodology_corpus_origin_audit,1.0.0
ctxx_96e9ef1273e4b1bb986dd43e,,,,,[Synthetic] The designer used Gradient Clipping to crop the color ramp at both ends of the poster.,,,30,47,,SYNTHETIC_CONTROLLED,SYNTHETIC_MODEL_PROBE,CONTRASTIVE,CONTRASTIVE,d2lce_8d226b48ba7ec1493faa4ec8,d2l_selected_campaign_scope_v1,FAIL_SYNTHETIC,Synthetic boundary probe retained for audit but excluded from C.,False,False,ctxx_96e9ef1273e4b1bb986dd43e,59821ad71fcb49f0a19940ffac665a90d7e54619d4afdd9cced2eee7ff3a15c5,d2l_methodology_corpus_origin_audit,1.0.0
ctxx_9773fd20dd889464110d4597,,,,,"Synthetic: The lab used a dense net to catch fish, which is unrelated to DenseNet.",,,73,81,,SYNTHETIC_CONTROLLED,SYNTHETIC_MODEL_PROBE,CONTRASTIVE,CONTRASTIVE,d2lce_20dc13bc32661f00e7c68b89,d2l_selected_campaign_scope_v1,FAIL_SYNTHETIC,Synthetic boundary probe retained for audit but excluded from C.,False,False,ctxx_9773fd20dd889464110d4597,e7f6e49d476129c284cbba6936422badfa0ca6cd8077429d334583232eb596b1,d2l_methodology_corpus_origin_audit,1.0.0
ctxx_97deae5f12df8dd84a8318fa,,,,,"Synthetic: In finance, the risk of default was estimated before approving the loan.",,,27,31,,SYNTHETIC_CONTROLLED,SYNTHETIC_MODEL_PROBE,CONTRASTIVE,CONTRASTIVE,d2lce_c9e2beab505998c5b3b560b5,d2l_selected_campaign_scope_v1,FAIL_SYNTHETIC,Synthetic boundary probe retained for audit but excluded from C.,False,False,ctxx_97deae5f12df8dd84a8318fa,a5e1291fa7af1a4d08613c61777fc36070fe05754c98d041240ce72e349383ba,d2l_methodology_corpus_origin_audit,1.0.0
ctxx_9aab1123769ff146c3545c87,,,,,"Synthetic: A token can be any wordpiece, but the unknown token is the special placeholder for out-of-vocabulary items.",,,49,62,,SYNTHETIC_CONTROLLED,SYNTHETIC_MODEL_PROBE,CONTRASTIVE,CONTRASTIVE,d2lce_9e5c3dd254843c7ec95d4960,d2l_selected_campaign_scope_v1,FAIL_SYNTHETIC,Synthetic boundary probe retained for audit but excluded from C.,False,False,ctxx_9aab1123769ff146c3545c87,4b0fd3e9619b34f972a6cc6856b6cec18fb21bd5546164b470813335e3d0ccf5,d2l_methodology_corpus_origin_audit,1.0.0
ctxx_9e314f27a0624fba37123793,,,,,"Synthetic: A sudden flash acts as a cue, but not a volitional cue, because it captures attention involuntarily.",,,51,65,,SYNTHETIC_CONTROLLED,SYNTHETIC_MODEL_PROBE,CONTRASTIVE,CONTRASTIVE,d2lce_ad03ff147d19eb2ea47d5b0e,d2l_selected_campaign_scope_v1,FAIL_SYNTHETIC,Synthetic boundary probe retained for audit but excluded from C.,False,False,ctxx_9e314f27a0624fba37123793,69ab99b333807a15713316891344de97fdc3fd30bee60c53369b474c6d3b0102,d2l_methodology_corpus_origin_audit,1.0.0
ctxx_9e8a3fd79bdc855d1a7e0d33,,,,,"Synthetic boundary probe: ""attention scoring function"" is quoted here only as a document label, not as an occurrence of the reviewed D2L sense.",,,27,53,,SYNTHETIC_CONTROLLED,SYNTHETIC_MODEL_PROBE,CONTRASTIVE,CONTRASTIVE,d2lce_18c3da2d5bdd6d05a83982fa,d2l_selected_campaign_scope_v1,FAIL_SYNTHETIC,Synthetic boundary probe retained for audit but excluded from C.,False,False,ctxx_9e8a3fd79bdc855d1a7e0d33,41875f27a707ba0e748f167f94e23590c19a24f21bc095efc863d6343a235b1f,d2l_methodology_corpus_origin_audit,1.0.0
ctxx_a2ae7fe0e53d89ee6a8bb119,,,,,Synthetic: The classification task in the museum was to sort fossils into display trays by species.,,,15,34,,SYNTHETIC_CONTROLLED,SYNTHETIC_MODEL_PROBE,CONTRASTIVE,CONTRASTIVE,d2lce_d89e6e83e5f07d1fcb18c6aa,d2l_selected_campaign_scope_v1,FAIL_SYNTHETIC,Synthetic boundary probe retained for audit but excluded from C.,False,False,ctxx_a2ae7fe0e53d89ee6a8bb119,7b7eb7dc967cf7f6403afc36c049f7d995b905c54f6d55e277797869dd1df7a6,d2l_methodology_corpus_origin_audit,1.0.0
ctxx_a3ccd49d589dc3af43f18b02,,,,,"Synthetic: Here, dimensionality means how many features or axes represent the data, not the physical length of an object.",,,17,31,,SYNTHETIC_CONTROLLED,SYNTHETIC_MODEL_PROBE,CONTRASTIVE,CONTRASTIVE,d2lce_f3dedf5fcd54a46940474022,d2l_selected_campaign_scope_v1,FAIL_SYNTHETIC,Synthetic boundary probe retained for audit but excluded from C.,False,False,ctxx_a3ccd49d589dc3af43f18b02,9981cd01f3c317ccfbe6a28686e7aa6ca10a89ca67cea0c77baf57038e410345,d2l_methodology_corpus_origin_audit,1.0.0
ctxx_ad0c031ce4d8893e1d1ad1ee,,,,,"Synthetic: In this note, mean squared error refers to prediction error, not to the mean of arbitrary squared numbers.",,,25,43,,SYNTHETIC_CONTROLLED,SYNTHETIC_MODEL_PROBE,CONTRASTIVE,CONTRASTIVE,d2lce_49603071e9c21eb4bcbdf1e7,d2l_selected_campaign_scope_v1,FAIL_SYNTHETIC,Synthetic boundary probe retained for audit but excluded from C.,False,False,ctxx_ad0c031ce4d8893e1d1ad1ee,5ce6d25f2063e2406042e897946e13dfb0c29698187d43c4a5e8b5576165b5c3,d2l_methodology_corpus_origin_audit,1.0.0
ctxx_b0a67e051ec709b51f04bce9,,,,,Synthetic: VGG network sponsored the event as a media company.,,,11,22,,SYNTHETIC_CONTROLLED,SYNTHETIC_MODEL_PROBE,CONTRASTIVE,CONTRASTIVE,d2lce_7be1455c48134d411f51fe7c,d2l_selected_campaign_scope_v1,FAIL_SYNTHETIC,Synthetic boundary probe retained for audit but excluded from C.,False,False,ctxx_b0a67e051ec709b51f04bce9,f755e6f238b239957e849ad3e9d4a427fdf5d80963cfd60bbfacef8ca9c76614,d2l_methodology_corpus_origin_audit,1.0.0
ctxx_b0f418c27ca404d28a5696bb,,,,,"Synthetic boundary probe: ""forward propagation"" is quoted here only as a document label, not as an occurrence of the reviewed D2L sense.",,,27,46,,SYNTHETIC_CONTROLLED,SYNTHETIC_MODEL_PROBE,CONTRASTIVE,CONTRASTIVE,d2lce_fbe9efe0d390976cb31e5af7,d2l_selected_campaign_scope_v1,FAIL_SYNTHETIC,Synthetic boundary probe retained for audit but excluded from C.,False,False,ctxx_b0f418c27ca404d28a5696bb,00868fcb07e87c8dfd20a0fd738dceea21d5a959883c8155ad09a641df30ee5d,d2l_methodology_corpus_origin_audit,1.0.0
ctxx_b48926bec7193caca70c4e14,,,,,"Synthetic: The sound engineer discussed the decomposition of the audio signal, not its eigendecomposition.",,,87,105,,SYNTHETIC_CONTROLLED,SYNTHETIC_MODEL_PROBE,CONTRASTIVE,CONTRASTIVE,d2lce_10d4d01fa40b67d92527e5ed,d2l_selected_campaign_scope_v1,FAIL_SYNTHETIC,Synthetic boundary probe retained for audit but excluded from C.,False,False,ctxx_b48926bec7193caca70c4e14,2f48292d3f7199f2aba92ac0889e3300ebd1a59f7da3e4e69d110344099845a0,d2l_methodology_corpus_origin_audit,1.0.0
ctxx_b6e39d014543fc56157b513b,,,,,"[Synthetic] The tanh function is nonlinear, unlike the identity function y = x.",,,16,29,,SYNTHETIC_CONTROLLED,SYNTHETIC_MODEL_PROBE,CONTRASTIVE,CONTRASTIVE,d2lce_658174b1687c73f5aa1957ab,d2l_selected_campaign_scope_v1,FAIL_SYNTHETIC,Synthetic boundary probe retained for audit but excluded from C.,False,False,ctxx_b6e39d014543fc56157b513b,b499b5cbfc0d0cd1277dabed2d5e07b79ef4c33cb2d25d819e842434636a37dc,d2l_methodology_corpus_origin_audit,1.0.0
ctxx_b7279a50f25ae4d072e83b57,,,,,"Synthetic: The region of interest pooling layer pools each proposed box, whereas ordinary pooling layers pool over a regular feature map neighborhood.",,,15,47,,SYNTHETIC_CONTROLLED,SYNTHETIC_MODEL_PROBE,CONTRASTIVE,CONTRASTIVE,d2lce_88251c1ff8b5d3756955ca7b,d2l_selected_campaign_scope_v1,FAIL_SYNTHETIC,Synthetic boundary probe retained for audit but excluded from C.,False,False,ctxx_b7279a50f25ae4d072e83b57,3542d7a976b6dd18d694a733f7f31613ece8674f4d5548f39f9af043d4292f11,d2l_methodology_corpus_origin_audit,1.0.0
ctxx_b860c0289e624b4ac611322e,,,,,A hyperplane is a generalization to higher dimensions of a line or a plane.,,,18,32,,SYNTHETIC_CONTROLLED,SYNTHETIC_MODEL_PROBE,CONTRASTIVE,CONTRASTIVE,d2lce_22496a6fabe26e046ad5d5ac,d2l_selected_campaign_scope_v1,FAIL_SYNTHETIC,Synthetic boundary probe retained for audit but excluded from C.,False,False,ctxx_b860c0289e624b4ac611322e,efb22b3e2ee36881b1e672638b65519b9afc3fea41cceadd3813b30f5ce53efa,d2l_methodology_corpus_origin_audit,1.0.0
ctxx_bb8784846b3f76a165587eb0,,,,,"Synthetic: In everyday design, symmetry can mean visual balance in a logo, not mathematical or parameter-exchange invariance.",,,31,39,,SYNTHETIC_CONTROLLED,SYNTHETIC_MODEL_PROBE,CONTRASTIVE,CONTRASTIVE,d2lce_00c0e4f7d0d5537d738af8a7,d2l_selected_campaign_scope_v1,FAIL_SYNTHETIC,Synthetic boundary probe retained for audit but excluded from C.,False,False,ctxx_bb8784846b3f76a165587eb0,55917d685ea46acaa31163efdb3525a4adb929b96dff5a7ed327aa15acec7235,d2l_methodology_corpus_origin_audit,1.0.0
ctxx_bc8b410c1463f2d7f41002e4,,,,,"The team set up continuous integration, but no one computed an integration over a curve.",,,27,38,,SYNTHETIC_CONTROLLED,SYNTHETIC_MODEL_PROBE,CONTRASTIVE,CONTRASTIVE,d2lce_9372cdb5752db6ba6fa38fbd,d2l_selected_campaign_scope_v1,FAIL_SYNTHETIC,Synthetic boundary probe retained for audit but excluded from C.,False,False,ctxx_bc8b410c1463f2d7f41002e4,6a8e7f3283516099c7b3686130fada47705f4dd5e47f43bb4dc3223804e915d3,d2l_methodology_corpus_origin_audit,1.0.0
ctxx_bd3b044469ca93d412c30d46,,,,,Synthetic: The transposed convolutional layer upsamples a feature map so its height and width move back toward the input image size.,,,15,45,,SYNTHETIC_CONTROLLED,SYNTHETIC_MODEL_PROBE,CONTRASTIVE,CONTRASTIVE,d2lce_b63485c15ac13f80b0d98676,d2l_selected_campaign_scope_v1,FAIL_SYNTHETIC,Synthetic boundary probe retained for audit but excluded from C.,False,False,ctxx_bd3b044469ca93d412c30d46,50af242f9bb71b4e1807f0908264a34638bea8cb3e439d07f8636235575afd03,d2l_methodology_corpus_origin_audit,1.0.0
ctxx_bed233cf120704e15cfd064e,,,,,"Synthetic: In the sentence, the inverse word order sounds poetic.",,,32,39,,SYNTHETIC_CONTROLLED,SYNTHETIC_MODEL_PROBE,CONTRASTIVE,CONTRASTIVE,d2lce_98211ac6b2c27c6359ce6dae,d2l_selected_campaign_scope_v1,FAIL_SYNTHETIC,Synthetic boundary probe retained for audit but excluded from C.,False,False,ctxx_bed233cf120704e15cfd064e,6e057303242fbf4e3a746748841ffdbbe65eefff83bfac8734085558b84e08e4,d2l_methodology_corpus_origin_audit,1.0.0
ctxx_bf63c5eaf66d6b7ef991742c,,,,,[Synthetic] Everyone in the lab called him Caser because he always carried old cassette cases.,,,43,48,,SYNTHETIC_CONTROLLED,SYNTHETIC_MODEL_PROBE,CONTRASTIVE,CONTRASTIVE,d2lce_52085fef12f840d2350b2049,d2l_selected_campaign_scope_v1,FAIL_SYNTHETIC,Synthetic boundary probe retained for audit but excluded from C.,False,False,ctxx_bf63c5eaf66d6b7ef991742c,f02e0cac3fd2b75f0c87b75e82e79b54fcd2cb80536b6cc3a0ecbfa74c2f3281,d2l_methodology_corpus_origin_audit,1.0.0
ctxx_bf8095c454718318a7fb7990,,,,,"Synthetic: In urban planning, spatial dimensions of the park included walking distance and visual openness.",,,30,48,,SYNTHETIC_CONTROLLED,SYNTHETIC_MODEL_PROBE,CONTRASTIVE,CONTRASTIVE,d2lce_5300144b7f5b4ce29dd12ec6,d2l_selected_campaign_scope_v1,FAIL_SYNTHETIC,Synthetic boundary probe retained for audit but excluded from C.,False,False,ctxx_bf8095c454718318a7fb7990,43a9da0aad0c5985f93e7b68c18715fb00d57a7b8982306b19a62a56527f500b,d2l_methodology_corpus_origin_audit,1.0.0
ctxx_c05ec3dfe7db4cfed24ec6b1,,,,,"Synthetic: The model runs on a single GPU, not across multiple GPUs.",,,31,41,,SYNTHETIC_CONTROLLED,SYNTHETIC_MODEL_PROBE,CONTRASTIVE,CONTRASTIVE,d2lce_e014da89e120449f8881dd5b,d2l_selected_campaign_scope_v1,FAIL_SYNTHETIC,Synthetic boundary probe retained for audit but excluded from C.,False,False,ctxx_c05ec3dfe7db4cfed24ec6b1,c3c908fe4ad6cd39bafb7e423f9073c6d3a047f6843aaf1dfe61d25bf83d2315,d2l_methodology_corpus_origin_audit,1.0.0
ctxx_c47b6ca799a008173ab48724,,,,,Synthetic: The bridge constructor finished the project ahead of schedule.,,,22,33,,SYNTHETIC_CONTROLLED,SYNTHETIC_MODEL_PROBE,CONTRASTIVE,CONTRASTIVE,d2lce_7d7b617aacd41c76538d06af,d2l_selected_campaign_scope_v1,FAIL_SYNTHETIC,Synthetic boundary probe retained for audit but excluded from C.,False,False,ctxx_c47b6ca799a008173ab48724,bb53db27e83402ae325e8ee2571fead6115433532324c8c02bac7ab55e66d313,d2l_methodology_corpus_origin_audit,1.0.0
ctxx_c4d879c10574096f39fa32eb,,,,,"Synthetic: In the climate model, cloud cover was treated as a fixed model parameter chosen by the researchers.",,,68,83,,SYNTHETIC_CONTROLLED,SYNTHETIC_MODEL_PROBE,CONTRASTIVE,CONTRASTIVE,d2lce_ed44d125cc1110c1c39f7b3e,d2l_selected_campaign_scope_v1,FAIL_SYNTHETIC,Synthetic boundary probe retained for audit but excluded from C.,False,False,ctxx_c4d879c10574096f39fa32eb,80690e3e5c1060d4a595d92b84c0d21c6a65b0d6a52bf1ec54254d24af97538c,d2l_methodology_corpus_origin_audit,1.0.0
ctxx_c825c790f8c9fea20851505b,,,,,"Synthetic: Object detection is the task, while an object detection model is the trained network that performs it.",,,50,72,,SYNTHETIC_CONTROLLED,SYNTHETIC_MODEL_PROBE,CONTRASTIVE,CONTRASTIVE,d2lce_1cc990a2aa4f03a55ea8c851,d2l_selected_campaign_scope_v1,FAIL_SYNTHETIC,Synthetic boundary probe retained for audit but excluded from C.,False,False,ctxx_c825c790f8c9fea20851505b,97298054cc95b8d3744c60e93bb00681f03f88713538c5e44f6f55be79d30a4a,d2l_methodology_corpus_origin_audit,1.0.0
ctxx_cc7978a4612a2c6dc79d01d2,,,,,"Synthetic: Semantic segmentation labels every pixel, whereas object detection only draws boxes around objects.",,,11,32,,SYNTHETIC_CONTROLLED,SYNTHETIC_MODEL_PROBE,CONTRASTIVE,CONTRASTIVE,d2lce_2e41378b04489016bfe5707a,d2l_selected_campaign_scope_v1,FAIL_SYNTHETIC,Synthetic boundary probe retained for audit but excluded from C.,False,False,ctxx_cc7978a4612a2c6dc79d01d2,f3bdb16d7e4e618caffc49d969ce3c62910b3981020294d0f24b38392efcbcc7,d2l_methodology_corpus_origin_audit,1.0.0
ctxx_cd93a4ee5fd2b607af086446,,,,,"Synthetic: With sequential partitioning, neighboring minibatches keep neighboring subsequences from the original sequence, unlike random sampling.",,,16,39,,SYNTHETIC_CONTROLLED,SYNTHETIC_MODEL_PROBE,CONTRASTIVE,CONTRASTIVE,d2lce_e8992d8478a28e673fe551dc,d2l_selected_campaign_scope_v1,FAIL_SYNTHETIC,Synthetic boundary probe retained for audit but excluded from C.,False,False,ctxx_cd93a4ee5fd2b607af086446,a2f0a334d36ba0c95d3cc394a14afa849849ac6b9a587c05b309f09a4fd69008,d2l_methodology_corpus_origin_audit,1.0.0
ctxx_cf7119a0353ba2d7e3fd4d2b,,,,,"Synthetic: In filmmaking, ground truth referred to footage shot on location rather than annotated targets.",,,26,38,,SYNTHETIC_CONTROLLED,SYNTHETIC_MODEL_PROBE,CONTRASTIVE,CONTRASTIVE,d2lce_d0b3a65c5f21e6064395a475,d2l_selected_campaign_scope_v1,FAIL_SYNTHETIC,Synthetic boundary probe retained for audit but excluded from C.,False,False,ctxx_cf7119a0353ba2d7e3fd4d2b,2093df348e9a5bace355ec1d9ddb39dfcc288becf86d2e0b0a0110bbda9faa5f,d2l_methodology_corpus_origin_audit,1.0.0
ctxx_d055f040c0bff77d97b93e9f,,,,,Synthetic: This convolutional layer of rock was formed over millions of years.,,,16,35,,SYNTHETIC_CONTROLLED,SYNTHETIC_MODEL_PROBE,CONTRASTIVE,CONTRASTIVE,d2lce_d2bfc7b3a0a02ddfd71b3526,d2l_selected_campaign_scope_v1,FAIL_SYNTHETIC,Synthetic boundary probe retained for audit but excluded from C.,False,False,ctxx_d055f040c0bff77d97b93e9f,2aee28c6b484d1a6bd48422e002f73c263e487ed328f46ea2030695383864a7e,d2l_methodology_corpus_origin_audit,1.0.0
ctxx_d35dce40a2fd3dd8c0d8f5c4,,,,,Synthetic: The sigmoid activation function should not be confused with a hard threshold step function.,,,15,42,,SYNTHETIC_CONTROLLED,SYNTHETIC_MODEL_PROBE,CONTRASTIVE,CONTRASTIVE,d2lce_2485cc2d1b2606bcc62d63c1,d2l_selected_campaign_scope_v1,FAIL_SYNTHETIC,Synthetic boundary probe retained for audit but excluded from C.,False,False,ctxx_d35dce40a2fd3dd8c0d8f5c4,6cf583dc4047ce0d4e946ea8688bd530dce7bf1eac754e1840a35db787ae7f51,d2l_methodology_corpus_origin_audit,1.0.0
ctxx_d3c2318dc6ca29fa731dffbf,,,,,"Synthetic: In the castle simulation game, the update gate opens only when engineers install a new software patch.",,,46,57,,SYNTHETIC_CONTROLLED,SYNTHETIC_MODEL_PROBE,CONTRASTIVE,CONTRASTIVE,d2lce_a47c0fa6efae6f5b3c950575,d2l_selected_campaign_scope_v1,FAIL_SYNTHETIC,Synthetic boundary probe retained for audit but excluded from C.,False,False,ctxx_d3c2318dc6ca29fa731dffbf,0aa3c9e89e6ccc411b822cbe8d5f51f8276ed8d34a6347e9d67e4a2a0db897f0,d2l_methodology_corpus_origin_audit,1.0.0
ctxx_d87f28982cf81a72d04a6b0d,,,,,"Synthetic: The phrase natural language processing here refers to a computing field, not to a person informally polishing everyday speech.",,,22,49,,SYNTHETIC_CONTROLLED,SYNTHETIC_MODEL_PROBE,CONTRASTIVE,CONTRASTIVE,d2lce_609638f74bc5b32d32469bbc,d2l_selected_campaign_scope_v1,FAIL_SYNTHETIC,Synthetic boundary probe retained for audit but excluded from C.,False,False,ctxx_d87f28982cf81a72d04a6b0d,eb0ae5df06904d5d174e6ed1adbdeb5bfa45e3337e025f5e9ac75e6fe3a94c55,d2l_methodology_corpus_origin_audit,1.0.0
ctxx_da7c4af0bfaae364e2438bee,,,,,[Synthetic] Her affine transformation after the vacation made her much more patient with students.,,,16,37,,SYNTHETIC_CONTROLLED,SYNTHETIC_MODEL_PROBE,CONTRASTIVE,CONTRASTIVE,d2lce_539543a2360129e2a2fa1b6d,d2l_selected_campaign_scope_v1,FAIL_SYNTHETIC,Synthetic boundary probe retained for audit but excluded from C.,False,False,ctxx_da7c4af0bfaae364e2438bee,9117db4a8be6e133737ddd09f710cb2d5dd84762a75a2498a817c37d1cc8e92b,d2l_methodology_corpus_origin_audit,1.0.0
ctxx_db6036616175f01970672c09,,,,,"Synthetic: The frames are sequential, but the model is not built with Sequential.",,,26,36,,SYNTHETIC_CONTROLLED,SYNTHETIC_MODEL_PROBE,CONTRASTIVE,CONTRASTIVE,d2lce_40a50503f2fdc79aa0a549fc,d2l_selected_campaign_scope_v1,FAIL_SYNTHETIC,Synthetic boundary probe retained for audit but excluded from C.,False,False,ctxx_db6036616175f01970672c09,ba9a3835e2d1c2f3a52fc7c1601d7f3c29b1820d23b5eadf1666512583d5c0a5,d2l_methodology_corpus_origin_audit,1.0.0
ctxx_dc72eb594438e704bf2625a0,,,,,Synthetic: The symbols in byte pair encoding differ from the stock symbols shown on the exchange screen.,,,15,22,,SYNTHETIC_CONTROLLED,SYNTHETIC_MODEL_PROBE,CONTRASTIVE,CONTRASTIVE,d2lce_6f20c5222ebea4830603817b,d2l_selected_campaign_scope_v1,FAIL_SYNTHETIC,Synthetic boundary probe retained for audit but excluded from C.,False,False,ctxx_dc72eb594438e704bf2625a0,ed6979db220263a4ecb2d9e8ccaeafd480e3d1fe23122e20e92a08cf88c38f10,d2l_methodology_corpus_origin_audit,1.0.0
ctxx_df881922faebaacf453cbc2d,,,,,Synthetic: A BERT model initialized randomly is not pretrained BERT.,,,52,67,,SYNTHETIC_CONTROLLED,SYNTHETIC_MODEL_PROBE,CONTRASTIVE,CONTRASTIVE,d2lce_e27a9787bb13f8580103adc4,d2l_selected_campaign_scope_v1,FAIL_SYNTHETIC,Synthetic boundary probe retained for audit but excluded from C.,False,False,ctxx_df881922faebaacf453cbc2d,e665569570735e914e4a87add549121eeecbcf10f7631fa00470a6a6418fad4e,d2l_methodology_corpus_origin_audit,1.0.0
ctxx_e479e370dcd3d280d6ac3552,,,,,"Synthetic: Unlike discrete random variables, continuous random variables can take values across an interval.",,,18,43,,SYNTHETIC_CONTROLLED,SYNTHETIC_MODEL_PROBE,CONTRASTIVE,CONTRASTIVE,d2lce_e1a7c8e04c91b48272b3b5ee,d2l_selected_campaign_scope_v1,FAIL_SYNTHETIC,Synthetic boundary probe retained for audit but excluded from C.,False,False,ctxx_e479e370dcd3d280d6ac3552,67363ec8d88c4b899c86b160206dc4ddfb9d9a1fbf61180066fef18e1428db8b,d2l_methodology_corpus_origin_audit,1.0.0
ctxx_e55058367fc052cda2365416,,,,,"Synthetic: As a warmup, compute a tiny matrix product before studying asynchronous execution.",,,16,22,,SYNTHETIC_CONTROLLED,SYNTHETIC_MODEL_PROBE,CONTRASTIVE,CONTRASTIVE,d2lce_6f3afd43e74e8d70778dc0c8,d2l_selected_campaign_scope_v1,FAIL_SYNTHETIC,Synthetic boundary probe retained for audit but excluded from C.,False,False,ctxx_e55058367fc052cda2365416,32268c0a983bf8b041325b3838003cc4df4f89c035d4dd85cde7ec909b8733cc,d2l_methodology_corpus_origin_audit,1.0.0
ctxx_e58b72f11fa52345b99c8a32,,,,,"Synthetic: Fully-connected layers connect every unit to all units in the previous layer, unlike convolutional layers with local receptive fields.",,,11,33,,SYNTHETIC_CONTROLLED,SYNTHETIC_MODEL_PROBE,CONTRASTIVE,CONTRASTIVE,d2lce_98b37a7bcb47cd2ef2e5f296,d2l_selected_campaign_scope_v1,FAIL_SYNTHETIC,Synthetic boundary probe retained for audit but excluded from C.,False,False,ctxx_e58b72f11fa52345b99c8a32,1ee3ebb20ae007ea5ab964111d0269bd36f3052346f347b4102b15a57cb25454,d2l_methodology_corpus_origin_audit,1.0.0
ctxx_e5f7daaf294008c174c05e8f,,,,,"Synthetic: Here, regression means the predictive method, not just the specific fitted formula written after training.",,,17,27,,SYNTHETIC_CONTROLLED,SYNTHETIC_MODEL_PROBE,CONTRASTIVE,CONTRASTIVE,d2lce_3b6a75bdbf023ea1f3ed2cc8,d2l_selected_campaign_scope_v1,FAIL_SYNTHETIC,Synthetic boundary probe retained for audit but excluded from C.,False,False,ctxx_e5f7daaf294008c174c05e8f,ef10cfe921c08eb70d3b942cb11338740b383a43951f757774d722fed11755a6,d2l_methodology_corpus_origin_audit,1.0.0
ctxx_e699d91caaa3cd6d980d9221,,,,,"Synthetic: Although stored in a table, these customer records are not sequence data because the row order carries no meaning.",,,70,83,,SYNTHETIC_CONTROLLED,SYNTHETIC_MODEL_PROBE,CONTRASTIVE,CONTRASTIVE,d2lce_b85d9a7a642afee03175796f,d2l_selected_campaign_scope_v1,FAIL_SYNTHETIC,Synthetic boundary probe retained for audit but excluded from C.,False,False,ctxx_e699d91caaa3cd6d980d9221,06bf59646c8565a02e6dc3860007e70ff0995578bd009954ae0a595b9c39d092,d2l_methodology_corpus_origin_audit,1.0.0
ctxx_e72f538b020e89cac916d4f3,,,,,Synthetic: The bounding box positions are given as four coordinates.,,,28,37,,SYNTHETIC_CONTROLLED,SYNTHETIC_MODEL_PROBE,CONTRASTIVE,CONTRASTIVE,d2lce_06b54fbb7406aced0daac405,d2l_selected_campaign_scope_v1,FAIL_SYNTHETIC,Synthetic boundary probe retained for audit but excluded from C.,False,False,ctxx_e72f538b020e89cac916d4f3,9c2dcca11f382ee4b41b89eeb4633a86f7e30c5b3d940308c9f46c8756b05593,d2l_methodology_corpus_origin_audit,1.0.0
ctxx_e83cbf8b4ab05bffd72e091c,,,,,"Synthetic: In a different document, SSDs could name a software subsystem, not storage drives.",,,36,40,,SYNTHETIC_CONTROLLED,SYNTHETIC_MODEL_PROBE,CONTRASTIVE,CONTRASTIVE,d2lce_355f5686f2178281893eb6cb,d2l_selected_campaign_scope_v1,FAIL_SYNTHETIC,Synthetic boundary probe retained for audit but excluded from C.,False,False,ctxx_e83cbf8b4ab05bffd72e091c,e82fec3057be4a8dbaf8961ef69499e4c0b46177058987647acf892fd9ff1813,d2l_methodology_corpus_origin_audit,1.0.0
ctxx_e991ae3e7596cfe8d1ca56f6,,,,,"Synthetic: batch norm describes the normalization technique in general, while BatchNorm here is the specific layer/class name used in code.",,,78,87,,SYNTHETIC_CONTROLLED,SYNTHETIC_MODEL_PROBE,CONTRASTIVE,CONTRASTIVE,d2lce_4abd762bcd34d370b4fe6498,d2l_selected_campaign_scope_v1,FAIL_SYNTHETIC,Synthetic boundary probe retained for audit but excluded from C.,False,False,ctxx_e991ae3e7596cfe8d1ca56f6,9f3dd0e2e9067ab75a44a853525f96aa60a5a4faf4fdd2826e8f57711121e691,d2l_methodology_corpus_origin_audit,1.0.0
ctxx_ed06244d7393e7f5493c7f08,,,,,"Synthetic: The network switch connects devices, but to switch off the bias means to disable a model setting.",,,23,29,,SYNTHETIC_CONTROLLED,SYNTHETIC_MODEL_PROBE,CONTRASTIVE,CONTRASTIVE,d2lce_91002293cea2184b43995f47,d2l_selected_campaign_scope_v1,FAIL_SYNTHETIC,Synthetic boundary probe retained for audit but excluded from C.,False,False,ctxx_ed06244d7393e7f5493c7f08,ff9198a9eed6b136e7a5856c5e2cc999cf8b2cb46b392097403a9b64123ab2ba,d2l_methodology_corpus_origin_audit,1.0.0
ctxx_ee2a54b1abc918e1f611434e,,,,,"Synthetic: A scientific hypothesis can be any proposed explanation, but a null hypothesis is the specific default claim tested for rejection.",,,74,89,,SYNTHETIC_CONTROLLED,SYNTHETIC_MODEL_PROBE,CONTRASTIVE,CONTRASTIVE,d2lce_11e1c294000ac67785408dcd,d2l_selected_campaign_scope_v1,FAIL_SYNTHETIC,Synthetic boundary probe retained for audit but excluded from C.,False,False,ctxx_ee2a54b1abc918e1f611434e,a8888ede641640d19d2365ea4594aa5588f4befb3805572a48061d80381c49b5,d2l_methodology_corpus_origin_audit,1.0.0
ctxx_f023347a554d158072933f48,,,,,"Synthetic: The project has a software dependency on a plotting library, which is a package requirement rather than the relation discussed here.",,,38,48,,SYNTHETIC_CONTROLLED,SYNTHETIC_MODEL_PROBE,CONTRASTIVE,CONTRASTIVE,d2lce_144baca5ccb9be2154705e92,d2l_selected_campaign_scope_v1,FAIL_SYNTHETIC,Synthetic boundary probe retained for audit but excluded from C.,False,False,ctxx_f023347a554d158072933f48,b2ee03daa3ca4b8f4c9de15aa2f0dfa77d6b431edae2d9b57d31ec3a06f8a557,d2l_methodology_corpus_origin_audit,1.0.0
ctxx_f0910b6ff0468e52839a49e3,,,,,"Synthetic: A concept shift happens when the meaning of the target label changes, not merely when input features become more common or rare.",,,13,26,,SYNTHETIC_CONTROLLED,SYNTHETIC_MODEL_PROBE,CONTRASTIVE,CONTRASTIVE,d2lce_6239b2ef1cec1800e3d6f13f,d2l_selected_campaign_scope_v1,FAIL_SYNTHETIC,Synthetic boundary probe retained for audit but excluded from C.,False,False,ctxx_f0910b6ff0468e52839a49e3,76e56f88e23e0ceb5f93c2789be80115021fd4c574bdfe1c003abeaf09258a2e,d2l_methodology_corpus_origin_audit,1.0.0
ctxx_f2b52228b81142cbb519a842,,,,,[Synthetic] The broadcasting reached millions of listeners across the country that night.,,,16,28,,SYNTHETIC_CONTROLLED,SYNTHETIC_MODEL_PROBE,CONTRASTIVE,CONTRASTIVE,d2lce_499fa9391d57e930a19f1b19,d2l_selected_campaign_scope_v1,FAIL_SYNTHETIC,Synthetic boundary probe retained for audit but excluded from C.,False,False,ctxx_f2b52228b81142cbb519a842,4b0345f1d7372726fd305c3a818da25fbf83afff16f649445c1785515e074aeb,d2l_methodology_corpus_origin_audit,1.0.0
ctxx_f6ff268edebdf6e4c03c0f91,,,,,"[Synthetic] The shape of the tensor is (2, 3), whereas the shape of the curve is S-like.",,,16,21,,SYNTHETIC_CONTROLLED,SYNTHETIC_MODEL_PROBE,CONTRASTIVE,CONTRASTIVE,d2lce_7d91b65d1e0031ab994be237,d2l_selected_campaign_scope_v1,FAIL_SYNTHETIC,Synthetic boundary probe retained for audit but excluded from C.,False,False,ctxx_f6ff268edebdf6e4c03c0f91,28acfe5b6ce363e2615956c5da7acbef3eba135f5b8b8b005d7dcc4e00f1ef9a,d2l_methodology_corpus_origin_audit,1.0.0
ctxx_f724d6b043cdd8671450f959,,,,,"Synthetic: In printing, a minibatch means a small production run rather than a group of training examples.",,,26,35,,SYNTHETIC_CONTROLLED,SYNTHETIC_MODEL_PROBE,CONTRASTIVE,CONTRASTIVE,d2lce_04b7107b328dedc7c1f9af65,d2l_selected_campaign_scope_v1,FAIL_SYNTHETIC,Synthetic boundary probe retained for audit but excluded from C.,False,False,ctxx_f724d6b043cdd8671450f959,61ed1e4072042021396f7bac4db299ed37b898327f1c2817c7c138448d876d74,d2l_methodology_corpus_origin_audit,1.0.0
ctxx_f815c752c262d1e575571f1a,,,,,"Synthetic: The clerk asked for the weighted average grade, not the simple mean.",,,35,51,,SYNTHETIC_CONTROLLED,SYNTHETIC_MODEL_PROBE,CONTRASTIVE,CONTRASTIVE,d2lce_a3e7228aef125ec437a840fa,d2l_selected_campaign_scope_v1,FAIL_SYNTHETIC,Synthetic boundary probe retained for audit but excluded from C.,False,False,ctxx_f815c752c262d1e575571f1a,58d4c8dc43f0e0a1fcea0571f39f974f2ba4dbef4532c539018d6ada6805fca8,d2l_methodology_corpus_origin_audit,1.0.0
ctxx_fd6c9fc1a240e723c479db5f,,,,,Synthetic: Police improved control flow at the intersection during rush hour.,,,27,39,,SYNTHETIC_CONTROLLED,SYNTHETIC_MODEL_PROBE,CONTRASTIVE,CONTRASTIVE,d2lce_6c7e95cd232fb7fcca6b3bdc,d2l_selected_campaign_scope_v1,FAIL_SYNTHETIC,Synthetic boundary probe retained for audit but excluded from C.,False,False,ctxx_fd6c9fc1a240e723c479db5f,433e558f2cf49b3449a625008857e9992f377d79298fb8e9d141e256b9d42f37,d2l_methodology_corpus_origin_audit,1.0.0
ctxx_ffaf1f7294086734a7ca9f06,,,,,"Synthetic: Here, noise words are sampled negative examples rather than merely messy or misspelled words in a corpus.",,,17,28,,SYNTHETIC_CONTROLLED,SYNTHETIC_MODEL_PROBE,CONTRASTIVE,CONTRASTIVE,d2lce_5c270f3b3ebe4f0059649e18,d2l_selected_campaign_scope_v1,FAIL_SYNTHETIC,Synthetic boundary probe retained for audit but excluded from C.,False,False,ctxx_ffaf1f7294086734a7ca9f06,01312a43f1992fb39d49580dafa0deb92c8a0af38785cc7a11e76d764f4673b3,d2l_methodology_corpus_origin_audit,1.0.0
