term_id,sense_id,split,source_term,effective_sense_review_status,candidate_id,candidate_role,candidate_vi,candidate_source_type,candidate_gold_label,allowed_scope,validated_variants,rejected_variants,reason_codes,positive_context_refs,vietnamese_evidence_refs,reviewer_provenance_ref,adjudication_ref
d2lce_00c0e4f7d0d5537d738af8a7,d2lce_00c0e4f7d0d5537d738af8a7,validation,symmetry,UNRESOLVED,candidate_326310dded7067b075ee1fba,A,đối xứng,RECORDED_PIPELINE_OUTPUT,,,,,,ctx_4dd93f52590658e6a0b3f22f|ctx_59c1a647fd4efce460391040|ctx_85ece440cd707c90543755ee|ctx_77dc2db84932a4949515fe0d,,,
d2lce_00c0e4f7d0d5537d738af8a7,d2lce_00c0e4f7d0d5537d738af8a7,validation,symmetry,UNRESOLVED,candidate_70302ed8375b1697b2b0dc38,B,tính đối xứng,MODEL_PROPOSAL,,,,,,ctx_4dd93f52590658e6a0b3f22f|ctx_59c1a647fd4efce460391040|ctx_85ece440cd707c90543755ee|ctx_77dc2db84932a4949515fe0d,,,
d2lce_00c0e4f7d0d5537d738af8a7,d2lce_00c0e4f7d0d5537d738af8a7,validation,symmetry,UNRESOLVED,candidate_c2465e8deda24f2ee8d806f9,C,sự đối xứng,MODEL_PROPOSAL,,,,,,ctx_4dd93f52590658e6a0b3f22f|ctx_59c1a647fd4efce460391040|ctx_85ece440cd707c90543755ee|ctx_77dc2db84932a4949515fe0d,,,
d2lce_00f50f89defd8652bb8c429e,d2lce_00f50f89defd8652bb8c429e,development,sigmoid function,UNRESOLVED,candidate_ccb492334a414a908094d7d8,A,hàm sigmoid,RECORDED_PIPELINE_OUTPUT,,,,,,ctx_0c2556749af5509e2a8a0d38|ctx_b1671787eb98927f1ad13a78|ctx_6fba33e1194891da74822687,,,
d2lce_00f50f89defd8652bb8c429e,d2lce_00f50f89defd8652bb8c429e,development,sigmoid function,UNRESOLVED,candidate_2dff1549f1aeba53de058c0d,B,hàm xích ma,MODEL_PROPOSAL,,,,,,ctx_0c2556749af5509e2a8a0d38|ctx_b1671787eb98927f1ad13a78|ctx_6fba33e1194891da74822687,,,
d2lce_00f50f89defd8652bb8c429e,d2lce_00f50f89defd8652bb8c429e,development,sigmoid function,UNRESOLVED,candidate_6c14b83609eee2c9a6b7f4bb,C,hàm kích hoạt sigmoid,MODEL_PROPOSAL,,,,,,ctx_0c2556749af5509e2a8a0d38|ctx_b1671787eb98927f1ad13a78|ctx_6fba33e1194891da74822687,,,
d2lce_041add3a2f3aa452408a5384,d2lce_041add3a2f3aa452408a5384,test,style transfer,UNRESOLVED,candidate_95bae54cecc499f622625b09,A,chuyển giao phong cách,RECORDED_PIPELINE_OUTPUT,,,,,,ctx_6b687a2d2cfec26c4434d515|ctx_e9df20e49655a73442ecc990,,,
d2lce_041add3a2f3aa452408a5384,d2lce_041add3a2f3aa452408a5384,test,style transfer,UNRESOLVED,candidate_03e1cc3b2b6c116c92707f0d,B,chuyển phong cách,MODEL_PROPOSAL,,,,,,ctx_6b687a2d2cfec26c4434d515|ctx_e9df20e49655a73442ecc990,,,
d2lce_041add3a2f3aa452408a5384,d2lce_041add3a2f3aa452408a5384,test,style transfer,UNRESOLVED,candidate_f5b37b382f27051991d1698a,C,chuyển đổi phong cách,MODEL_PROPOSAL,,,,,,ctx_6b687a2d2cfec26c4434d515|ctx_e9df20e49655a73442ecc990,,,
d2lce_04b7107b328dedc7c1f9af65,d2lce_04b7107b328dedc7c1f9af65,development,minibatch,UNRESOLVED,candidate_da595c9a22208fdbd8aea71b,A,lô nhỏ,RECORDED_PIPELINE_OUTPUT,,,,,,ctx_c84f58f5911e68e47bc8ede6|ctx_0365fe98277f3f0623b7477b|ctx_4323c72305899d396f01af5d,,,
d2lce_04b7107b328dedc7c1f9af65,d2lce_04b7107b328dedc7c1f9af65,development,minibatch,UNRESOLVED,candidate_19a9b06dcd2cacdeb3252f10,B,các lô nhỏ,RECORDED_PIPELINE_OUTPUT,,,,,,ctx_c84f58f5911e68e47bc8ede6|ctx_0365fe98277f3f0623b7477b|ctx_4323c72305899d396f01af5d,,,
d2lce_04b7107b328dedc7c1f9af65,d2lce_04b7107b328dedc7c1f9af65,development,minibatch,UNRESOLVED,candidate_cb98d1c7268b4b3c7445b42f,C,tiểu lô,MODEL_PROPOSAL,,,,,,ctx_c84f58f5911e68e47bc8ede6|ctx_0365fe98277f3f0623b7477b|ctx_4323c72305899d396f01af5d,,,
d2lce_06b54fbb7406aced0daac405,d2lce_06b54fbb7406aced0daac405,development,positions,UNRESOLVED,candidate_91e5d967bb0e03df84902a68,A,vị trí,RECORDED_PIPELINE_OUTPUT,,,,,,ctx_f297f857fe5597d369537a7a|ctx_5238e6e3413873833910fa5d|ctx_5fe3b944f1a60bfc3b477089|ctx_a72845dbe0a8b9e092650e9b|ctx_2cd6faabab946087d3c1fb1c|ctx_9576eca6d7858c451dd930bc|ctx_1cf2f1e5cdb9e7af829c8002,,,
d2lce_06b54fbb7406aced0daac405,d2lce_06b54fbb7406aced0daac405,development,positions,UNRESOLVED,candidate_de28fec48cbb3cdeefed133d,B,tọa độ,RECORDED_PIPELINE_OUTPUT,,,,,,ctx_f297f857fe5597d369537a7a|ctx_5238e6e3413873833910fa5d|ctx_5fe3b944f1a60bfc3b477089|ctx_a72845dbe0a8b9e092650e9b|ctx_2cd6faabab946087d3c1fb1c|ctx_9576eca6d7858c451dd930bc|ctx_1cf2f1e5cdb9e7af829c8002,,,
d2lce_06b54fbb7406aced0daac405,d2lce_06b54fbb7406aced0daac405,development,positions,UNRESOLVED,candidate_1e2adf2c96613a6140a80eec,C,chỉ số vị trí,MODEL_PROPOSAL,,,,,,ctx_f297f857fe5597d369537a7a|ctx_5238e6e3413873833910fa5d|ctx_5fe3b944f1a60bfc3b477089|ctx_a72845dbe0a8b9e092650e9b|ctx_2cd6faabab946087d3c1fb1c|ctx_9576eca6d7858c451dd930bc|ctx_1cf2f1e5cdb9e7af829c8002,,,
d2lce_0a19e86b29b5e64f79a45ddc,d2lce_0a19e86b29b5e64f79a45ddc,development,convex function,UNRESOLVED,candidate_a3e7ac3a478b7fac7bf2346f,A,hàm lồi,RECORDED_PIPELINE_OUTPUT,,,,,,ctx_8e344cf296b5641fb066c073|ctx_901801bd834259cc113d20db|ctx_bacc572c06a4d91414ef51a6,,,
d2lce_0a19e86b29b5e64f79a45ddc,d2lce_0a19e86b29b5e64f79a45ddc,development,convex function,UNRESOLVED,candidate_8501fa5b04c8896298ff6f27,B,các hàm lồi,RECORDED_PIPELINE_OUTPUT,,,,,,ctx_8e344cf296b5641fb066c073|ctx_901801bd834259cc113d20db|ctx_bacc572c06a4d91414ef51a6,,,
d2lce_0a19e86b29b5e64f79a45ddc,d2lce_0a19e86b29b5e64f79a45ddc,development,convex function,UNRESOLVED,candidate_695353545ca7b792dd019c67,C,hàm số lồi,MODEL_PROPOSAL,,,,,,ctx_8e344cf296b5641fb066c073|ctx_901801bd834259cc113d20db|ctx_bacc572c06a4d91414ef51a6,,,
d2lce_0ac8f3308547fb001c31e869,d2lce_0ac8f3308547fb001c31e869,development,MLP,UNRESOLVED,candidate_87c523f8aee6446216b3f5ea,A,MLP,RECORDED_PIPELINE_OUTPUT,,,,,,ctx_4a335ba3f1c5504d0ae19024|ctx_087386cdea1dae5d6dcc3ff7|ctx_e40cd2162abe8f988abaddfb,,,
d2lce_0ac8f3308547fb001c31e869,d2lce_0ac8f3308547fb001c31e869,development,MLP,UNRESOLVED,candidate_64a8e45cf813677bc10dd295,B,mạng perceptron đa lớp,RECORDED_PIPELINE_OUTPUT,,,,,,ctx_4a335ba3f1c5504d0ae19024|ctx_087386cdea1dae5d6dcc3ff7|ctx_e40cd2162abe8f988abaddfb,,,
d2lce_0ac8f3308547fb001c31e869,d2lce_0ac8f3308547fb001c31e869,development,MLP,UNRESOLVED,candidate_7c1b00a2d16fd6d7e7cb2f81,C,mạng MLP,MODEL_PROPOSAL,,,,,,ctx_4a335ba3f1c5504d0ae19024|ctx_087386cdea1dae5d6dcc3ff7|ctx_e40cd2162abe8f988abaddfb,,,
d2lce_0dbb5a3cc045f69a43d09a7a,d2lce_0dbb5a3cc045f69a43d09a7a,validation,BPR,UNRESOLVED,candidate_afb5e85b422cd15a072913ae,A,BPR,RECORDED_PIPELINE_OUTPUT,,,,,,ctx_020ebd08a41a2d0d0dde5114|ctx_0e9fc9f8cf5ab30d22fb84b2|ctx_6702f17fcaa78157880ba4f3,,,
d2lce_0dbb5a3cc045f69a43d09a7a,d2lce_0dbb5a3cc045f69a43d09a7a,validation,BPR,UNRESOLVED,candidate_dbe2fd5452da493f7efec7e4,B,xếp hạng cá nhân hóa Bayes,MODEL_PROPOSAL,,,,,,ctx_020ebd08a41a2d0d0dde5114|ctx_0e9fc9f8cf5ab30d22fb84b2|ctx_6702f17fcaa78157880ba4f3,,,
d2lce_0dbb5a3cc045f69a43d09a7a,d2lce_0dbb5a3cc045f69a43d09a7a,validation,BPR,UNRESOLVED,candidate_12d42053b5bdeee4e380f1ff,C,phương pháp xếp hạng cá nhân hóa Bayes,MODEL_PROPOSAL,,,,,,ctx_020ebd08a41a2d0d0dde5114|ctx_0e9fc9f8cf5ab30d22fb84b2|ctx_6702f17fcaa78157880ba4f3,,,
d2lce_0e100796a86968fbdb5730e8,d2lce_0e100796a86968fbdb5730e8,test,bus,UNRESOLVED,candidate_06dd4ca0902034149c236e21,A,bus,RECORDED_PIPELINE_OUTPUT,,,,,,ctx_7349ee9d9b4a8278ad2c5a30|ctx_31d9d345d8772a7d7d3b2609,,,
d2lce_0e100796a86968fbdb5730e8,d2lce_0e100796a86968fbdb5730e8,test,bus,UNRESOLVED,candidate_93843ea582f696ace20db67e,B,thanh cái PCIe,RECORDED_PIPELINE_OUTPUT,,,,,,ctx_7349ee9d9b4a8278ad2c5a30|ctx_31d9d345d8772a7d7d3b2609,,,
d2lce_0e100796a86968fbdb5730e8,d2lce_0e100796a86968fbdb5730e8,test,bus,UNRESOLVED,candidate_2386aa67dae6adb798dda665,C,bus dữ liệu,MODEL_PROPOSAL,,,,,,ctx_7349ee9d9b4a8278ad2c5a30|ctx_31d9d345d8772a7d7d3b2609,,,
d2lce_10d4d01fa40b67d92527e5ed,d2lce_10d4d01fa40b67d92527e5ed,development,eigendecomposition,UNRESOLVED,candidate_cfb6b03a37e32f4b5f90331a,A,phân rã trị riêng,RECORDED_PIPELINE_OUTPUT,,,,,,ctx_f11208ffa6d465fe135750ee|ctx_06aa5c9830a79f6132f4e41e|ctx_e6c6794a381193953f6e941b|ctx_f250a8f9c758c2ea0187f79a,,,
d2lce_10d4d01fa40b67d92527e5ed,d2lce_10d4d01fa40b67d92527e5ed,development,eigendecomposition,UNRESOLVED,candidate_0cc14e0968cc613e88cc0834,B,các phân rã trị riêng,RECORDED_PIPELINE_OUTPUT,,,,,,ctx_f11208ffa6d465fe135750ee|ctx_06aa5c9830a79f6132f4e41e|ctx_e6c6794a381193953f6e941b|ctx_f250a8f9c758c2ea0187f79a,,,
d2lce_10d4d01fa40b67d92527e5ed,d2lce_10d4d01fa40b67d92527e5ed,development,eigendecomposition,UNRESOLVED,candidate_4621b7660baa13194f997c1c,C,khai triển trị riêng,MODEL_PROPOSAL,,,,,,ctx_f11208ffa6d465fe135750ee|ctx_06aa5c9830a79f6132f4e41e|ctx_e6c6794a381193953f6e941b|ctx_f250a8f9c758c2ea0187f79a,,,
d2lce_11e1c294000ac67785408dcd,d2lce_11e1c294000ac67785408dcd,development,null hypothesis,UNRESOLVED,candidate_d748abf800aca789e0a6959f,A,giả thuyết gốc,MODEL_PROPOSAL,,,,,,ctx_a5a1f0f18709f7fa8442aea2|ctx_22557e183923aa9f4d962fb5|ctx_f4392f740a7e9df79b8c5e6a,,,
d2lce_11e1c294000ac67785408dcd,d2lce_11e1c294000ac67785408dcd,development,null hypothesis,UNRESOLVED,candidate_7687a5984af335e4ef18f0e0,B,giả thuyết không,RECORDED_PIPELINE_OUTPUT,,,,,,ctx_a5a1f0f18709f7fa8442aea2|ctx_22557e183923aa9f4d962fb5|ctx_f4392f740a7e9df79b8c5e6a,,,
d2lce_11e1c294000ac67785408dcd,d2lce_11e1c294000ac67785408dcd,development,null hypothesis,UNRESOLVED,candidate_60299cfb31868af34ac36c58,C,giả thuyết vô hiệu,MODEL_PROPOSAL,,,,,,ctx_a5a1f0f18709f7fa8442aea2|ctx_22557e183923aa9f4d962fb5|ctx_f4392f740a7e9df79b8c5e6a,,,
d2lce_144baca5ccb9be2154705e92,d2lce_144baca5ccb9be2154705e92,validation,dependency,UNRESOLVED,candidate_253cec37f46c07c2bbf9cfb2,A,phụ thuộc,RECORDED_PIPELINE_OUTPUT,,,,,,ctx_352957138cd800697e9e1625|ctx_0ca5bf2018319128f4a0f958|ctx_ebf04bc98574f005873df1b9,,,
d2lce_144baca5ccb9be2154705e92,d2lce_144baca5ccb9be2154705e92,validation,dependency,UNRESOLVED,candidate_cc59c0e4279f27f580032c8c,B,sự phụ thuộc,MODEL_PROPOSAL,,,,,,ctx_352957138cd800697e9e1625|ctx_0ca5bf2018319128f4a0f958|ctx_ebf04bc98574f005873df1b9,,,
d2lce_144baca5ccb9be2154705e92,d2lce_144baca5ccb9be2154705e92,validation,dependency,UNRESOLVED,candidate_cad432264004d92f2150e646,C,quan hệ phụ thuộc,MODEL_PROPOSAL,,,,,,ctx_352957138cd800697e9e1625|ctx_0ca5bf2018319128f4a0f958|ctx_ebf04bc98574f005873df1b9,,,
d2lce_152a9bcc9b8b5f6cc5586c54,d2lce_152a9bcc9b8b5f6cc5586c54,development,minibatch size,UNRESOLVED,candidate_08f00360c15c3bd5b099b850,A,kích thước lô nhỏ,RECORDED_PIPELINE_OUTPUT,,,,,,ctx_78da4af66f0cedb5ae1b160d|ctx_d6ab75565ebd010dfbf7b992|ctx_a212b34897ea9058b36ef4f4,,,
d2lce_152a9bcc9b8b5f6cc5586c54,d2lce_152a9bcc9b8b5f6cc5586c54,development,minibatch size,UNRESOLVED,candidate_7d4dd6e565652894aa8dc5bb,B,quy mô minibatch,MODEL_PROPOSAL,,,,,,ctx_78da4af66f0cedb5ae1b160d|ctx_d6ab75565ebd010dfbf7b992|ctx_a212b34897ea9058b36ef4f4,,,
d2lce_152a9bcc9b8b5f6cc5586c54,d2lce_152a9bcc9b8b5f6cc5586c54,development,minibatch size,UNRESOLVED,candidate_e8402f3f1456fe1b47745881,C,số mẫu trong một lô nhỏ,MODEL_PROPOSAL,,,,,,ctx_78da4af66f0cedb5ae1b160d|ctx_d6ab75565ebd010dfbf7b992|ctx_a212b34897ea9058b36ef4f4,,,
d2lce_18c3da2d5bdd6d05a83982fa,d2lce_18c3da2d5bdd6d05a83982fa,development,attention scoring function,UNRESOLVED,candidate_aaf6d2b452a6b41bec5670cd,A,hàm chấm điểm chú ý,RECORDED_PIPELINE_OUTPUT,,,,,,ctx_c42a588ea67a1ab12765c55d|ctx_8116f867673a73f0e047a71a,,,
d2lce_18c3da2d5bdd6d05a83982fa,d2lce_18c3da2d5bdd6d05a83982fa,development,attention scoring function,UNRESOLVED,candidate_4c262d779f9ab62cfcc06941,B,hàm chấm điểm,RECORDED_PIPELINE_OUTPUT,,,,,,ctx_c42a588ea67a1ab12765c55d|ctx_8116f867673a73f0e047a71a,,,
d2lce_18c3da2d5bdd6d05a83982fa,d2lce_18c3da2d5bdd6d05a83982fa,development,attention scoring function,UNRESOLVED,candidate_95eb14be22b6ca684d5fce62,C,hàm cho điểm chú ý,MODEL_PROPOSAL,,,,,,ctx_c42a588ea67a1ab12765c55d|ctx_8116f867673a73f0e047a71a,,,
d2lce_1a91fdded89249a5cd89ec14,d2lce_1a91fdded89249a5cd89ec14,development,Jupyter notebook,UNRESOLVED,candidate_2cd868cd5a887ba0ad603218,A,sổ tay Jupyter,RECORDED_PIPELINE_OUTPUT,,,,,,ctx_c491125cb400cc10a6b89d1f|ctx_76220c9bc5e4ee7672fc78b2|ctx_d2b6cce11380684abd029f58,,,
d2lce_1a91fdded89249a5cd89ec14,d2lce_1a91fdded89249a5cd89ec14,development,Jupyter notebook,UNRESOLVED,candidate_f6b58c6b3105859b4723abdb,B,sổ ghi chép Jupyter,MODEL_PROPOSAL,,,,,,ctx_c491125cb400cc10a6b89d1f|ctx_76220c9bc5e4ee7672fc78b2|ctx_d2b6cce11380684abd029f58,,,
d2lce_1a91fdded89249a5cd89ec14,d2lce_1a91fdded89249a5cd89ec14,development,Jupyter notebook,UNRESOLVED,candidate_e022d537a48001c6bce1d0a5,C,notebook Jupyter,MODEL_PROPOSAL,,,,,,ctx_c491125cb400cc10a6b89d1f|ctx_76220c9bc5e4ee7672fc78b2|ctx_d2b6cce11380684abd029f58,,,
d2lce_1cc990a2aa4f03a55ea8c851,d2lce_1cc990a2aa4f03a55ea8c851,development,object detection model,UNRESOLVED,candidate_e51243e407c0a665030c7c5f,A,mô hình phát hiện đối tượng,RECORDED_PIPELINE_OUTPUT,,,,,,ctx_ae46b94d1a1ad441b6292470|ctx_75539ee50da6b74f48edbf25,,,
d2lce_1cc990a2aa4f03a55ea8c851,d2lce_1cc990a2aa4f03a55ea8c851,development,object detection model,UNRESOLVED,candidate_cf4b1fa9f78567b705884cf4,B,mô hình dò tìm đối tượng,MODEL_PROPOSAL,,,,,,ctx_ae46b94d1a1ad441b6292470|ctx_75539ee50da6b74f48edbf25,,,
d2lce_1cc990a2aa4f03a55ea8c851,d2lce_1cc990a2aa4f03a55ea8c851,development,object detection model,UNRESOLVED,candidate_6966990051b8b379ddc668d5,C,mô hình phát hiện vật thể,MODEL_PROPOSAL,,,,,,ctx_ae46b94d1a1ad441b6292470|ctx_75539ee50da6b74f48edbf25,,,
d2lce_1edc567804c90f134219a8f0,d2lce_1edc567804c90f134219a8f0,development,synchronize,UNRESOLVED,candidate_8c1bf273c7cf8f2abf8cf5bb,A,đồng bộ hóa,RECORDED_PIPELINE_OUTPUT,,,,,,ctx_120834caecae7353d11a2c24|ctx_680c9412dce02a05d32cc50f|ctx_2893e1c5ddd69213232296e5,,,
d2lce_1edc567804c90f134219a8f0,d2lce_1edc567804c90f134219a8f0,development,synchronize,UNRESOLVED,candidate_450d885e55215c08353aa081,B,đồng bộ,MODEL_PROPOSAL,,,,,,ctx_120834caecae7353d11a2c24|ctx_680c9412dce02a05d32cc50f|ctx_2893e1c5ddd69213232296e5,,,
d2lce_1edc567804c90f134219a8f0,d2lce_1edc567804c90f134219a8f0,development,synchronize,UNRESOLVED,candidate_50377d79cbc50c4c4bf6959f,C,chờ đồng bộ,MODEL_PROPOSAL,,,,,,ctx_120834caecae7353d11a2c24|ctx_680c9412dce02a05d32cc50f|ctx_2893e1c5ddd69213232296e5,,,
d2lce_1ff0c13e857af8ab6956fc96,d2lce_1ff0c13e857af8ab6956fc96,validation,statistical inference,UNRESOLVED,candidate_4090cd51ed170e549b418655,A,suy luận thống kê,RECORDED_PIPELINE_OUTPUT,,,,,,ctx_a7b6edbe0047f5e1d803d9a2|ctx_5fcee3eae8b5c9088386725a,,,
d2lce_1ff0c13e857af8ab6956fc96,d2lce_1ff0c13e857af8ab6956fc96,validation,statistical inference,UNRESOLVED,candidate_b1c1cc302316673cbc5d72fb,B,suy luận,RECORDED_PIPELINE_OUTPUT,,,,,,ctx_a7b6edbe0047f5e1d803d9a2|ctx_5fcee3eae8b5c9088386725a,,,
d2lce_1ff0c13e857af8ab6956fc96,d2lce_1ff0c13e857af8ab6956fc96,validation,statistical inference,UNRESOLVED,candidate_417a5f575b9a084971154477,C,phép suy luận thống kê,MODEL_PROPOSAL,,,,,,ctx_a7b6edbe0047f5e1d803d9a2|ctx_5fcee3eae8b5c9088386725a,,,
d2lce_20a7e6887718c68fb6b88a05,d2lce_20a7e6887718c68fb6b88a05,development,beta,UNRESOLVED,candidate_969baa981a99c7dfdcbdfdd3,A,beta,RECORDED_PIPELINE_OUTPUT,,,,,,ctx_60049e1f8e96ead596f5d3a2|ctx_6c3c6612ebc8fab20277caea|ctx_7f55c44f2cea0740cebddf92|ctx_4cfe5e8d436f58421a53ed72,,,
d2lce_20a7e6887718c68fb6b88a05,d2lce_20a7e6887718c68fb6b88a05,development,beta,UNRESOLVED,candidate_b246084300e8346fc9e313e2,B,tham số beta,MODEL_PROPOSAL,,,,,,ctx_60049e1f8e96ead596f5d3a2|ctx_6c3c6612ebc8fab20277caea|ctx_7f55c44f2cea0740cebddf92|ctx_4cfe5e8d436f58421a53ed72,,,
d2lce_20a7e6887718c68fb6b88a05,d2lce_20a7e6887718c68fb6b88a05,development,beta,UNRESOLVED,candidate_d09c150f303acebca6224044,C,hệ số beta,MODEL_PROPOSAL,,,,,,ctx_60049e1f8e96ead596f5d3a2|ctx_6c3c6612ebc8fab20277caea|ctx_7f55c44f2cea0740cebddf92|ctx_4cfe5e8d436f58421a53ed72,,,
d2lce_20c658fd4e221ee551790ec2,d2lce_20c658fd4e221ee551790ec2,test,blocks,UNRESOLVED,candidate_fe4d3ab70bd7cd796ae89245,A,khối,RECORDED_PIPELINE_OUTPUT,,,,,,ctx_f7e9706f82de50c8f6380d6c|ctx_8e452eff442f6f0cb419316b|ctx_b9ce0a059491eaaa6fbf542f,,,
d2lce_20c658fd4e221ee551790ec2,d2lce_20c658fd4e221ee551790ec2,test,blocks,UNRESOLVED,candidate_2e0a5147febe8b4142fc8a26,B,khối dữ liệu,RECORDED_PIPELINE_OUTPUT,,,,,,ctx_f7e9706f82de50c8f6380d6c|ctx_8e452eff442f6f0cb419316b|ctx_b9ce0a059491eaaa6fbf542f,,,
d2lce_20c658fd4e221ee551790ec2,d2lce_20c658fd4e221ee551790ec2,test,blocks,UNRESOLVED,candidate_6b64b809b4317a104ff865c3,C,khối thành phần,MODEL_PROPOSAL,,,,,,ctx_f7e9706f82de50c8f6380d6c|ctx_8e452eff442f6f0cb419316b|ctx_b9ce0a059491eaaa6fbf542f,,,
d2lce_20dc13bc32661f00e7c68b89,d2lce_20dc13bc32661f00e7c68b89,test,DenseNet,UNRESOLVED,candidate_31d5aa29f7948a7e933c6e49,A,DenseNet,RECORDED_PIPELINE_OUTPUT,,,,,,ctx_e9402aa6f9b633df0ecf9fc4|ctx_b8d101968126191ff892ca33|ctx_981520000f6c76ee266ec54f|ctx_a3cd664e61e3be597eb099e5,,,
d2lce_20dc13bc32661f00e7c68b89,d2lce_20dc13bc32661f00e7c68b89,test,DenseNet,UNRESOLVED,candidate_62e76ae1725fc9464792acd0,B,mạng DenseNet,MODEL_PROPOSAL,,,,,,ctx_e9402aa6f9b633df0ecf9fc4|ctx_b8d101968126191ff892ca33|ctx_981520000f6c76ee266ec54f|ctx_a3cd664e61e3be597eb099e5,,,
d2lce_20dc13bc32661f00e7c68b89,d2lce_20dc13bc32661f00e7c68b89,test,DenseNet,UNRESOLVED,candidate_7fb54e3e3d1782858251ddd9,C,mạng kết nối dày đặc,MODEL_PROPOSAL,,,,,,ctx_e9402aa6f9b633df0ecf9fc4|ctx_b8d101968126191ff892ca33|ctx_981520000f6c76ee266ec54f|ctx_a3cd664e61e3be597eb099e5,,,
d2lce_22496a6fabe26e046ad5d5ac,d2lce_22496a6fabe26e046ad5d5ac,validation,generalization,UNRESOLVED,candidate_db99f5cb335494b95abaf346,A,khả năng khái quát hóa,RECORDED_PIPELINE_OUTPUT,,,,,,ctx_51719f5f7eab3e50160fe2f8,,,
d2lce_22496a6fabe26e046ad5d5ac,d2lce_22496a6fabe26e046ad5d5ac,validation,generalization,UNRESOLVED,candidate_73e11797895c191f5d0bdae4,B,khả năng tổng quát hóa,MODEL_PROPOSAL,,,,,,ctx_51719f5f7eab3e50160fe2f8,,,
d2lce_22496a6fabe26e046ad5d5ac,d2lce_22496a6fabe26e046ad5d5ac,validation,generalization,UNRESOLVED,candidate_2828d2d2b336178fe6d2e987,C,tính khái quát hóa,MODEL_PROPOSAL,,,,,,ctx_51719f5f7eab3e50160fe2f8,,,
d2lce_2485cc2d1b2606bcc62d63c1,d2lce_2485cc2d1b2606bcc62d63c1,development,sigmoid activation function,UNRESOLVED,candidate_74d6ecf1a83ffa24328e89cd,A,hàm kích hoạt sigmoid,RECORDED_PIPELINE_OUTPUT,,,,,,ctx_81a329be9d149269cbb9e238|ctx_7440cb039806378db99b4cf3|ctx_2e8cc79d478165e2fadbde2b,,,
d2lce_2485cc2d1b2606bcc62d63c1,d2lce_2485cc2d1b2606bcc62d63c1,development,sigmoid activation function,UNRESOLVED,candidate_fb34e3fb0d53978c0e97a765,B,hàm hoạt hóa sigmoid,MODEL_PROPOSAL,,,,,,ctx_81a329be9d149269cbb9e238|ctx_7440cb039806378db99b4cf3|ctx_2e8cc79d478165e2fadbde2b,,,
d2lce_2485cc2d1b2606bcc62d63c1,d2lce_2485cc2d1b2606bcc62d63c1,development,sigmoid activation function,UNRESOLVED,candidate_4981a88899658198a5847ad8,C,hàm kích hoạt logistic,MODEL_PROPOSAL,,,,,,ctx_81a329be9d149269cbb9e238|ctx_7440cb039806378db99b4cf3|ctx_2e8cc79d478165e2fadbde2b,,,
d2lce_24988c975f984ef488776c0b,d2lce_24988c975f984ef488776c0b,development,frontend,UNRESOLVED,candidate_d9a0a3513bf4540f3002efef,A,giao diện trước,RECORDED_PIPELINE_OUTPUT,,,,,,ctx_a2db8ce33d67077666585b97|ctx_5e61307935b8e7d87220e6f3|ctx_0dd3e0d0f7d3391d566ae6d8,,,
d2lce_24988c975f984ef488776c0b,d2lce_24988c975f984ef488776c0b,development,frontend,UNRESOLVED,candidate_92b1111e92e20621170d6555,B,trình giao diện Python,RECORDED_PIPELINE_OUTPUT,,,,,,ctx_a2db8ce33d67077666585b97|ctx_5e61307935b8e7d87220e6f3|ctx_0dd3e0d0f7d3391d566ae6d8,,,
d2lce_24988c975f984ef488776c0b,d2lce_24988c975f984ef488776c0b,development,frontend,UNRESOLVED,candidate_c4798250dfef1eb4808daf7b,C,giao diện người dùng,MODEL_PROPOSAL,,,,,,ctx_a2db8ce33d67077666585b97|ctx_5e61307935b8e7d87220e6f3|ctx_0dd3e0d0f7d3391d566ae6d8,,,
d2lce_2684090fd4500122fec2a334,d2lce_2684090fd4500122fec2a334,development,in place,UNRESOLVED,candidate_544f2b9c05154c7e07c55014,A,tại chỗ,RECORDED_PIPELINE_OUTPUT,,,,,,ctx_dd4385b29dac92b049208df2|ctx_51b702393d86c10055ec9803|ctx_f813489a437efb8e7e42d969|ctx_b28630d61d9d7f640c9a5483,,,
d2lce_2684090fd4500122fec2a334,d2lce_2684090fd4500122fec2a334,development,in place,UNRESOLVED,candidate_682c0cf4cd16d04e6f11d709,B,trực tiếp trên dữ liệu hiện có,MODEL_PROPOSAL,,,,,,ctx_dd4385b29dac92b049208df2|ctx_51b702393d86c10055ec9803|ctx_f813489a437efb8e7e42d969|ctx_b28630d61d9d7f640c9a5483,,,
d2lce_2684090fd4500122fec2a334,d2lce_2684090fd4500122fec2a334,development,in place,UNRESOLVED,candidate_4d67be83d149fb65c1269d3c,C,ngay trên đối tượng hiện có,MODEL_PROPOSAL,,,,,,ctx_dd4385b29dac92b049208df2|ctx_51b702393d86c10055ec9803|ctx_f813489a437efb8e7e42d969|ctx_b28630d61d9d7f640c9a5483,,,
d2lce_270e1a75bb70807d9c2dd507,d2lce_270e1a75bb70807d9c2dd507,development,channels,UNRESOLVED,candidate_cca2a40ad9f3c95f319b5e42,A,kênh,RECORDED_PIPELINE_OUTPUT,,,,,,ctx_79213e2c4e36b995f90f0b30|ctx_4bb23f20ff0fa67bc6c1be83|ctx_50b02cc418dce008fb37b2ea|ctx_93be4d86c465d785ac0a0ec1|ctx_e7ad2905fd773a830f6b4c43,,,
d2lce_270e1a75bb70807d9c2dd507,d2lce_270e1a75bb70807d9c2dd507,development,channels,UNRESOLVED,candidate_49dea64783b86861682cdd14,B,số kênh,RECORDED_PIPELINE_OUTPUT,,,,,,ctx_79213e2c4e36b995f90f0b30|ctx_4bb23f20ff0fa67bc6c1be83|ctx_50b02cc418dce008fb37b2ea|ctx_93be4d86c465d785ac0a0ec1|ctx_e7ad2905fd773a830f6b4c43,,,
d2lce_270e1a75bb70807d9c2dd507,d2lce_270e1a75bb70807d9c2dd507,development,channels,UNRESOLVED,candidate_aef055a1d5327104f8a65560,C,kênh dữ liệu,MODEL_PROPOSAL,,,,,,ctx_79213e2c4e36b995f90f0b30|ctx_4bb23f20ff0fa67bc6c1be83|ctx_50b02cc418dce008fb37b2ea|ctx_93be4d86c465d785ac0a0ec1|ctx_e7ad2905fd773a830f6b4c43,,,
d2lce_28ab2b419f6b871a62a06060,d2lce_28ab2b419f6b871a62a06060,development,Approximate Training,UNRESOLVED,candidate_6e17f1a09cb0902889cbcf13,A,Huấn luyện xấp xỉ,RECORDED_PIPELINE_OUTPUT,,,,,,ctx_3ac4117865b320b21d1179ce|ctx_12eba5ccda65530aa7ad9f62|ctx_255f8d1d0d00e96535232367,,,
d2lce_28ab2b419f6b871a62a06060,d2lce_28ab2b419f6b871a62a06060,development,Approximate Training,UNRESOLVED,candidate_530c2de17d8790c91949d9a2,B,các phương pháp huấn luyện xấp xỉ,RECORDED_PIPELINE_OUTPUT,,,,,,ctx_3ac4117865b320b21d1179ce|ctx_12eba5ccda65530aa7ad9f62|ctx_255f8d1d0d00e96535232367,,,
d2lce_28ab2b419f6b871a62a06060,d2lce_28ab2b419f6b871a62a06060,development,Approximate Training,UNRESOLVED,candidate_6bb18ffee2bab30af63e2fba,C,phương pháp huấn luyện xấp xỉ,MODEL_PROPOSAL,,,,,,ctx_3ac4117865b320b21d1179ce|ctx_12eba5ccda65530aa7ad9f62|ctx_255f8d1d0d00e96535232367,,,
d2lce_2b76c0f26436945cdf880aed,d2lce_2b76c0f26436945cdf880aed,development,statistical power,UNRESOLVED,candidate_71daf6039ab2e893cedccaf3,A,lực kiểm định,RECORDED_PIPELINE_OUTPUT,,,,,,ctx_e35e3b1e2bfeb5965b0bd614,,,
d2lce_2b76c0f26436945cdf880aed,d2lce_2b76c0f26436945cdf880aed,development,statistical power,UNRESOLVED,candidate_8a4dcddfb53356985673d7d4,B,mạnh,RECORDED_PIPELINE_OUTPUT,,,,,,ctx_e35e3b1e2bfeb5965b0bd614,,,
d2lce_2b76c0f26436945cdf880aed,d2lce_2b76c0f26436945cdf880aed,development,statistical power,UNRESOLVED,candidate_494d3d67a89723a07ce74292,C,độ mạnh thống kê,MODEL_PROPOSAL,,,,,,ctx_e35e3b1e2bfeb5965b0bd614,,,
d2lce_2b9f63478b6ef59511a4f930,d2lce_2b9f63478b6ef59511a4f930,development,pooling layer,UNRESOLVED,candidate_f7acd79e9a0cccb16169b268,A,lớp gộp,RECORDED_PIPELINE_OUTPUT,,,,,,ctx_fc7040b8bb11e8f5908a5b2e|ctx_5b2b6c454358b72cbc4ddf00|ctx_f99c821572f5bad6256c826c,,,
d2lce_2b9f63478b6ef59511a4f930,d2lce_2b9f63478b6ef59511a4f930,development,pooling layer,UNRESOLVED,candidate_aa91896dc83d1cbba4b6e434,B,các lớp gộp,RECORDED_PIPELINE_OUTPUT,,,,,,ctx_fc7040b8bb11e8f5908a5b2e|ctx_5b2b6c454358b72cbc4ddf00|ctx_f99c821572f5bad6256c826c,,,
d2lce_2b9f63478b6ef59511a4f930,d2lce_2b9f63478b6ef59511a4f930,development,pooling layer,UNRESOLVED,candidate_a17d27ba34e4fe72d21bc2c7,C,lớp pooling,MODEL_PROPOSAL,,,,,,ctx_fc7040b8bb11e8f5908a5b2e|ctx_5b2b6c454358b72cbc4ddf00|ctx_f99c821572f5bad6256c826c,,,
d2lce_2e41378b04489016bfe5707a,d2lce_2e41378b04489016bfe5707a,test,semantic segmentation,UNRESOLVED,candidate_d302bff12d0e07baa4cf03fa,A,phân đoạn ngữ nghĩa,RECORDED_PIPELINE_OUTPUT,,,,,,ctx_a8b86db91ddc0d9b0d2daffc|ctx_c82ca11246013bc71c70683e|ctx_f544543d23373dd72d348b73,,,
d2lce_2e41378b04489016bfe5707a,d2lce_2e41378b04489016bfe5707a,test,semantic segmentation,UNRESOLVED,candidate_68144e46a34d5c70a0567cc1,B,phân vùng ngữ nghĩa,MODEL_PROPOSAL,,,,,,ctx_a8b86db91ddc0d9b0d2daffc|ctx_c82ca11246013bc71c70683e|ctx_f544543d23373dd72d348b73,,,
d2lce_2e41378b04489016bfe5707a,d2lce_2e41378b04489016bfe5707a,test,semantic segmentation,UNRESOLVED,candidate_58d3f5afc59759f9f67789fe,C,gán nhãn ngữ nghĩa theo điểm ảnh,MODEL_PROPOSAL,,,,,,ctx_a8b86db91ddc0d9b0d2daffc|ctx_c82ca11246013bc71c70683e|ctx_f544543d23373dd72d348b73,,,
d2lce_355f5686f2178281893eb6cb,d2lce_355f5686f2178281893eb6cb,test,SSDs,UNRESOLVED,candidate_02ec7727b368c42e3cbe493a,A,ổ SSD,RECORDED_PIPELINE_OUTPUT,,,,,,ctx_571553d886295f4729859f52,,,
d2lce_355f5686f2178281893eb6cb,d2lce_355f5686f2178281893eb6cb,test,SSDs,UNRESOLVED,candidate_e894054169150b0874b25a8e,B,các ổ đĩa thể rắn,RECORDED_PIPELINE_OUTPUT,,,,,,ctx_571553d886295f4729859f52,,,
d2lce_355f5686f2178281893eb6cb,d2lce_355f5686f2178281893eb6cb,test,SSDs,UNRESOLVED,candidate_195a11225214e815185ccbce,C,ổ đĩa thể rắn,MODEL_PROPOSAL,,,,,,ctx_571553d886295f4729859f52,,,
d2lce_35df896f9860f8aac814ce37,d2lce_35df896f9860f8aac814ce37,test,PCIe,UNRESOLVED,candidate_f83dd48b06ee05ad68ea2375,A,PCIe,RECORDED_PIPELINE_OUTPUT,,,,,,ctx_eb05e20b7827c8e88746abb2,,,
d2lce_35df896f9860f8aac814ce37,d2lce_35df896f9860f8aac814ce37,test,PCIe,UNRESOLVED,candidate_0822f2cfeb690cc0109f87b5,B,PCI Express,MODEL_PROPOSAL,,,,,,ctx_eb05e20b7827c8e88746abb2,,,
d2lce_35df896f9860f8aac814ce37,d2lce_35df896f9860f8aac814ce37,test,PCIe,UNRESOLVED,candidate_afd1db76bd336c7e5427c274,C,chuẩn PCIe,MODEL_PROPOSAL,,,,,,ctx_eb05e20b7827c8e88746abb2,,,
d2lce_382e4bbab285d56a08249753,d2lce_382e4bbab285d56a08249753,development,contexts,UNRESOLVED,candidate_cf6b5d7ea384065914c1c69d,A,ngữ cảnh tính toán,RECORDED_PIPELINE_OUTPUT,,,,,,ctx_85c155993547287904ebb77e|ctx_ad827e72cc1bfa17dfbdadef|ctx_938a7ef4c625c0fdaa81a1ed|ctx_8d01d5c8ba8b22afa8297f86|ctx_a703c64944c46d8745b2290e|ctx_a1d30a054504f29bcb20b25b|ctx_c40b35f077d50245b79ff9f6,,,
d2lce_382e4bbab285d56a08249753,d2lce_382e4bbab285d56a08249753,development,contexts,UNRESOLVED,candidate_cc725f7224eaaf21d14846d2,B,thiết bị,RECORDED_PIPELINE_OUTPUT,,,,,,ctx_85c155993547287904ebb77e|ctx_ad827e72cc1bfa17dfbdadef|ctx_938a7ef4c625c0fdaa81a1ed|ctx_8d01d5c8ba8b22afa8297f86|ctx_a703c64944c46d8745b2290e|ctx_a1d30a054504f29bcb20b25b|ctx_c40b35f077d50245b79ff9f6,,,
d2lce_382e4bbab285d56a08249753,d2lce_382e4bbab285d56a08249753,development,contexts,UNRESOLVED,candidate_21094d94f5b8d8d982190730,C,ngữ cảnh,MODEL_PROPOSAL,,,,,,ctx_85c155993547287904ebb77e|ctx_ad827e72cc1bfa17dfbdadef|ctx_938a7ef4c625c0fdaa81a1ed|ctx_8d01d5c8ba8b22afa8297f86|ctx_a703c64944c46d8745b2290e|ctx_a1d30a054504f29bcb20b25b|ctx_c40b35f077d50245b79ff9f6,,,
d2lce_3b6a75bdbf023ea1f3ed2cc8,d2lce_3b6a75bdbf023ea1f3ed2cc8,validation,regression,UNRESOLVED,candidate_bfcc1058a20198da9d9c9235,A,hồi quy,RECORDED_PIPELINE_OUTPUT,,,,,,ctx_07ef3e035c8693916453144f|ctx_f1ff669290faa81e574f5c8e|ctx_a4c83a54ae7da02ba9f87078|ctx_13e112e8272712c2b81ca907,,,
d2lce_3b6a75bdbf023ea1f3ed2cc8,d2lce_3b6a75bdbf023ea1f3ed2cc8,validation,regression,UNRESOLVED,candidate_521920426e157606f773b74f,B,phân tích hồi quy,MODEL_PROPOSAL,,,,,,ctx_07ef3e035c8693916453144f|ctx_f1ff669290faa81e574f5c8e|ctx_a4c83a54ae7da02ba9f87078|ctx_13e112e8272712c2b81ca907,,,
d2lce_3b6a75bdbf023ea1f3ed2cc8,d2lce_3b6a75bdbf023ea1f3ed2cc8,validation,regression,UNRESOLVED,candidate_a942ed73952a263efb15e709,C,phương pháp hồi quy,MODEL_PROPOSAL,,,,,,ctx_07ef3e035c8693916453144f|ctx_f1ff669290faa81e574f5c8e|ctx_a4c83a54ae7da02ba9f87078|ctx_13e112e8272712c2b81ca907,,,
d2lce_3e633e212e54590ca20bfc99,d2lce_3e633e212e54590ca20bfc99,test,norm,UNRESOLVED,candidate_efaa38299ea84f8507065603,A,chuẩn,RECORDED_PIPELINE_OUTPUT,,,,,,ctx_d8032e46013fa0aad8a8e8f9|ctx_f8a8c5c0211fed297689abc4|ctx_8668691d65db41f7ae5d3e67,,,
d2lce_3e633e212e54590ca20bfc99,d2lce_3e633e212e54590ca20bfc99,test,norm,UNRESOLVED,candidate_e3d9283d0e0d001486b0eaad,B,các chuẩn,RECORDED_PIPELINE_OUTPUT,,,,,,ctx_d8032e46013fa0aad8a8e8f9|ctx_f8a8c5c0211fed297689abc4|ctx_8668691d65db41f7ae5d3e67,,,
d2lce_3e633e212e54590ca20bfc99,d2lce_3e633e212e54590ca20bfc99,test,norm,UNRESOLVED,candidate_0735ea1d9a238c8c02b954ac,C,chuẩn hóa độ dài,MODEL_PROPOSAL,,,,,,ctx_d8032e46013fa0aad8a8e8f9|ctx_f8a8c5c0211fed297689abc4|ctx_8668691d65db41f7ae5d3e67,,,
d2lce_401e038a0835f7c5733a9857,d2lce_401e038a0835f7c5733a9857,development,hidden layer,UNRESOLVED,candidate_83c0da7223cd126da151d804,A,lớp ẩn,RECORDED_PIPELINE_OUTPUT,,,,,,ctx_3d2a354dd3b2ef13260bccd4|ctx_cc2d203b8ac0da03a68a1c0d|ctx_76cea9317d218e58cde5ce34|ctx_7758e78a8a47d48b3d911192,,,
d2lce_401e038a0835f7c5733a9857,d2lce_401e038a0835f7c5733a9857,development,hidden layer,UNRESOLVED,candidate_2a98be1f4799c566c3d69a3a,B,các tầng ẩn,RECORDED_PIPELINE_OUTPUT,,,,,,ctx_3d2a354dd3b2ef13260bccd4|ctx_cc2d203b8ac0da03a68a1c0d|ctx_76cea9317d218e58cde5ce34|ctx_7758e78a8a47d48b3d911192,,,
d2lce_401e038a0835f7c5733a9857,d2lce_401e038a0835f7c5733a9857,development,hidden layer,UNRESOLVED,candidate_6b5d471217d1fd2060ba5ec0,C,tầng khuất,MODEL_PROPOSAL,,,,,,ctx_3d2a354dd3b2ef13260bccd4|ctx_cc2d203b8ac0da03a68a1c0d|ctx_76cea9317d218e58cde5ce34|ctx_7758e78a8a47d48b3d911192,,,
d2lce_40a50503f2fdc79aa0a549fc,d2lce_40a50503f2fdc79aa0a549fc,development,Sequential,UNRESOLVED,candidate_29cf905f5f53a7aa48512c65,A,Sequential,RECORDED_PIPELINE_OUTPUT,,,,,,ctx_4948ac0797bf6c281ee7ac67|ctx_3e14117a045ebf17876f5d0d|ctx_de121275094e0872769613f6|ctx_4a91c71a44a35cb9a603e221,,,
d2lce_40a50503f2fdc79aa0a549fc,d2lce_40a50503f2fdc79aa0a549fc,development,Sequential,UNRESOLVED,candidate_87319fdb62c8edea9f2d4f62,B,lớp Sequential,MODEL_PROPOSAL,,,,,,ctx_4948ac0797bf6c281ee7ac67|ctx_3e14117a045ebf17876f5d0d|ctx_de121275094e0872769613f6|ctx_4a91c71a44a35cb9a603e221,,,
d2lce_40a50503f2fdc79aa0a549fc,d2lce_40a50503f2fdc79aa0a549fc,development,Sequential,UNRESOLVED,candidate_134f15bd19c4187c2e6433ea,C,khối Sequential,MODEL_PROPOSAL,,,,,,ctx_4948ac0797bf6c281ee7ac67|ctx_3e14117a045ebf17876f5d0d|ctx_de121275094e0872769613f6|ctx_4a91c71a44a35cb9a603e221,,,
d2lce_41109297e6bf8f44d9bb9178,d2lce_41109297e6bf8f44d9bb9178,validation,question answering,UNRESOLVED,candidate_8f80d4097e50d386aa9c5208,A,trả lời câu hỏi,RECORDED_PIPELINE_OUTPUT,,,,,,ctx_0e18119fa086c3cb92ff4aba|ctx_e5e0cc83210d92e8eeb9732e|ctx_b5380097a093ff4bebcff9db,,,
d2lce_41109297e6bf8f44d9bb9178,d2lce_41109297e6bf8f44d9bb9178,validation,question answering,UNRESOLVED,candidate_ff80c1f8ca40efe0caf94fee,B,hỏi đáp,MODEL_PROPOSAL,,,,,,ctx_0e18119fa086c3cb92ff4aba|ctx_e5e0cc83210d92e8eeb9732e|ctx_b5380097a093ff4bebcff9db,,,
d2lce_41109297e6bf8f44d9bb9178,d2lce_41109297e6bf8f44d9bb9178,validation,question answering,UNRESOLVED,candidate_deff56dac44053d53cd5a4fe,C,giải đáp câu hỏi,MODEL_PROPOSAL,,,,,,ctx_0e18119fa086c3cb92ff4aba|ctx_e5e0cc83210d92e8eeb9732e|ctx_b5380097a093ff4bebcff9db,,,
d2lce_42900db05a19228ce33eafe0,d2lce_42900db05a19228ce33eafe0,development,ReLU activation,UNRESOLVED,candidate_c95dbc8033327460ba484ef7,A,phép kích hoạt ReLU,RECORDED_PIPELINE_OUTPUT,,,,,,ctx_7c7d5d50af4eb953a4e181ba|ctx_42d57a5ddede95c06600e690|ctx_1c92074d454d9307635f4319,,,
d2lce_42900db05a19228ce33eafe0,d2lce_42900db05a19228ce33eafe0,development,ReLU activation,UNRESOLVED,candidate_6b13eb34776f2cf8213c2fa4,B,kích hoạt ReLU,MODEL_PROPOSAL,,,,,,ctx_7c7d5d50af4eb953a4e181ba|ctx_42d57a5ddede95c06600e690|ctx_1c92074d454d9307635f4319,,,
d2lce_42900db05a19228ce33eafe0,d2lce_42900db05a19228ce33eafe0,development,ReLU activation,UNRESOLVED,candidate_bf716ec66564390def359d9b,C,hàm kích hoạt ReLU,MODEL_PROPOSAL,,,,,,ctx_7c7d5d50af4eb953a4e181ba|ctx_42d57a5ddede95c06600e690|ctx_1c92074d454d9307635f4319,,,
d2lce_43488a3e1f15598ac9b1b6bc,d2lce_43488a3e1f15598ac9b1b6bc,test,RNN encoder-decoder,UNRESOLVED,candidate_efeaa947f83e02348895435b,A,bộ mã hóa–giải mã RNN,RECORDED_PIPELINE_OUTPUT,,,,,,ctx_048676a8e033f03b9ca75239|ctx_b827a98a327b101be2d2365a|ctx_0858d2ceaa592e5540d8e056,,,
d2lce_43488a3e1f15598ac9b1b6bc,d2lce_43488a3e1f15598ac9b1b6bc,test,RNN encoder-decoder,UNRESOLVED,candidate_cd6edcd806ebb94cb68d6ae0,B,mô hình mã hóa–giải mã RNN,MODEL_PROPOSAL,,,,,,ctx_048676a8e033f03b9ca75239|ctx_b827a98a327b101be2d2365a|ctx_0858d2ceaa592e5540d8e056,,,
d2lce_43488a3e1f15598ac9b1b6bc,d2lce_43488a3e1f15598ac9b1b6bc,test,RNN encoder-decoder,UNRESOLVED,candidate_47b2f4149c363012424d59b7,C,kiến trúc encoder–decoder dùng RNN,MODEL_PROPOSAL,,,,,,ctx_048676a8e033f03b9ca75239|ctx_b827a98a327b101be2d2365a|ctx_0858d2ceaa592e5540d8e056,,,
d2lce_455f2de181035ca8388c30b0,d2lce_455f2de181035ca8388c30b0,development,minima,UNRESOLVED,candidate_9cd557cadb279a96278cd047,A,các điểm cực tiểu,RECORDED_PIPELINE_OUTPUT,,,,,,ctx_9fe845c8f1250f89a8604169|ctx_245348373fcf03e11c87da71|ctx_a9e253f896a3bbfcfaf951f0,,,
d2lce_455f2de181035ca8388c30b0,d2lce_455f2de181035ca8388c30b0,development,minima,UNRESOLVED,candidate_2531ced6ca778d149884dd18,B,các cực tiểu,MODEL_PROPOSAL,,,,,,ctx_9fe845c8f1250f89a8604169|ctx_245348373fcf03e11c87da71|ctx_a9e253f896a3bbfcfaf951f0,,,
d2lce_455f2de181035ca8388c30b0,d2lce_455f2de181035ca8388c30b0,development,minima,UNRESOLVED,candidate_9e2d1a181b043bec924cce63,C,các điểm tối thiểu,MODEL_PROPOSAL,,,,,,ctx_9fe845c8f1250f89a8604169|ctx_245348373fcf03e11c87da71|ctx_a9e253f896a3bbfcfaf951f0,,,
d2lce_46e81052dcb25b16e429062a,d2lce_46e81052dcb25b16e429062a,test,constant,UNRESOLVED,candidate_0da261c72f0af576cd790d70,A,hằng số,RECORDED_PIPELINE_OUTPUT,,,,,,ctx_6680b855ff6f781511dd10c7|ctx_a81307e03098966ed96b74bf|ctx_426bd774623f1d7d45637e8c,,,
d2lce_46e81052dcb25b16e429062a,d2lce_46e81052dcb25b16e429062a,test,constant,UNRESOLVED,candidate_484ee9a7611d4a0d21283b48,B,bất biến,RECORDED_PIPELINE_OUTPUT,,,,,,ctx_6680b855ff6f781511dd10c7|ctx_a81307e03098966ed96b74bf|ctx_426bd774623f1d7d45637e8c,,,
d2lce_46e81052dcb25b16e429062a,d2lce_46e81052dcb25b16e429062a,test,constant,UNRESOLVED,candidate_4e1bbc64e4431fa3db4b50d8,C,giá trị không đổi,MODEL_PROPOSAL,,,,,,ctx_6680b855ff6f781511dd10c7|ctx_a81307e03098966ed96b74bf|ctx_426bd774623f1d7d45637e8c,,,
d2lce_49603071e9c21eb4bcbdf1e7,d2lce_49603071e9c21eb4bcbdf1e7,development,mean squared error,UNRESOLVED,candidate_a6d5cf26bae3db5051520575,A,trung bình bình phương sai số,MODEL_PROPOSAL,,,,,,ctx_aa9bf66af57b4d0277adf479|ctx_51976c239578153593bf6e10|ctx_8773b84dd0e7621c8e9964bc|ctx_21ccd6b472be7b8886dfc5ba,,,
d2lce_49603071e9c21eb4bcbdf1e7,d2lce_49603071e9c21eb4bcbdf1e7,development,mean squared error,UNRESOLVED,candidate_13429a6d5699c1e0ff2b409d,B,sai số bình phương trung bình,RECORDED_PIPELINE_OUTPUT,,,,,,ctx_aa9bf66af57b4d0277adf479|ctx_51976c239578153593bf6e10|ctx_8773b84dd0e7621c8e9964bc|ctx_21ccd6b472be7b8886dfc5ba,,,
d2lce_49603071e9c21eb4bcbdf1e7,d2lce_49603071e9c21eb4bcbdf1e7,development,mean squared error,UNRESOLVED,candidate_d1f71f26b2cfccffa627fccf,C,lỗi bình phương trung bình,MODEL_PROPOSAL,,,,,,ctx_aa9bf66af57b4d0277adf479|ctx_51976c239578153593bf6e10|ctx_8773b84dd0e7621c8e9964bc|ctx_21ccd6b472be7b8886dfc5ba,,,
d2lce_499fa9391d57e930a19f1b19,d2lce_499fa9391d57e930a19f1b19,development,broadcasting,UNRESOLVED,candidate_7dfa73236026f23ffca061dd,A,phép lan truyền kích thước,RECORDED_PIPELINE_OUTPUT,,,,,,ctx_84ca6088137d56c32c100be2|ctx_bcf04980bdfe689c9e1c560b|ctx_326dc3e07d0b8de256dd37c6,,,
d2lce_499fa9391d57e930a19f1b19,d2lce_499fa9391d57e930a19f1b19,development,broadcasting,UNRESOLVED,candidate_8a85f35caa7da45f988ebe6e,B,phát quảng kích thước,MODEL_PROPOSAL,,,,,,ctx_84ca6088137d56c32c100be2|ctx_bcf04980bdfe689c9e1c560b|ctx_326dc3e07d0b8de256dd37c6,,,
d2lce_499fa9391d57e930a19f1b19,d2lce_499fa9391d57e930a19f1b19,development,broadcasting,UNRESOLVED,candidate_e8d8e319842e46ea7dc2808e,C,cơ chế quảng bá,MODEL_PROPOSAL,,,,,,ctx_84ca6088137d56c32c100be2|ctx_bcf04980bdfe689c9e1c560b|ctx_326dc3e07d0b8de256dd37c6,,,
d2lce_4a5f20bb32b66b1f07d9f37a,d2lce_4a5f20bb32b66b1f07d9f37a,validation,attention,UNRESOLVED,candidate_321a292b5c98be516cae8c65,A,sự chú ý,RECORDED_PIPELINE_OUTPUT,,,,,,ctx_31a4a8b87d7c576fc191dfeb|ctx_9b75794de1b3d229a80c72a0,,,
d2lce_4a5f20bb32b66b1f07d9f37a,d2lce_4a5f20bb32b66b1f07d9f37a,validation,attention,UNRESOLVED,candidate_258a1ca2540dd0ce8524c052,B,sự tập trung,MODEL_PROPOSAL,,,,,,ctx_31a4a8b87d7c576fc191dfeb|ctx_9b75794de1b3d229a80c72a0,,,
d2lce_4a5f20bb32b66b1f07d9f37a,d2lce_4a5f20bb32b66b1f07d9f37a,validation,attention,UNRESOLVED,candidate_482e3946916aa3c448e1ee83,C,mức độ chú ý,MODEL_PROPOSAL,,,,,,ctx_31a4a8b87d7c576fc191dfeb|ctx_9b75794de1b3d229a80c72a0,,,
d2lce_4abd762bcd34d370b4fe6498,d2lce_4abd762bcd34d370b4fe6498,development,BatchNorm,UNRESOLVED,candidate_e474f1f1e576e00f6cc58036,A,BatchNorm,RECORDED_PIPELINE_OUTPUT,,,,,,ctx_8f8f50278fcee237079dc232|ctx_2bba7bfd16dd89a39a9179f1|ctx_cc13b838430cc6b65f7256c9,,,
d2lce_4abd762bcd34d370b4fe6498,d2lce_4abd762bcd34d370b4fe6498,development,BatchNorm,UNRESOLVED,candidate_7b163f794ee98b610f2c2b0d,B,Chuẩn hóa theo lô,MODEL_PROPOSAL,,,,,,ctx_8f8f50278fcee237079dc232|ctx_2bba7bfd16dd89a39a9179f1|ctx_cc13b838430cc6b65f7256c9,,,
d2lce_4abd762bcd34d370b4fe6498,d2lce_4abd762bcd34d370b4fe6498,development,BatchNorm,UNRESOLVED,candidate_b9af32f5e25f7dc33449cbc9,C,lớp chuẩn hóa theo lô,MODEL_PROPOSAL,,,,,,ctx_8f8f50278fcee237079dc232|ctx_2bba7bfd16dd89a39a9179f1|ctx_cc13b838430cc6b65f7256c9,,,
d2lce_4d2b37402e25d2f56746ea23,d2lce_4d2b37402e25d2f56746ea23,development,custom layer,UNRESOLVED,candidate_d8a87d5558481391b747b303,A,lớp tùy chỉnh,RECORDED_PIPELINE_OUTPUT,,,,,,ctx_d91ca38d8df2fb6f84356a08|ctx_c650fc71af7d6c2789e47035|ctx_5b4647a086d9552408986cb3,,,
d2lce_4d2b37402e25d2f56746ea23,d2lce_4d2b37402e25d2f56746ea23,development,custom layer,UNRESOLVED,candidate_b296b7959afa7dba8cc17df1,B,các lớp tùy chỉnh,RECORDED_PIPELINE_OUTPUT,,,,,,ctx_d91ca38d8df2fb6f84356a08|ctx_c650fc71af7d6c2789e47035|ctx_5b4647a086d9552408986cb3,,,
d2lce_4d2b37402e25d2f56746ea23,d2lce_4d2b37402e25d2f56746ea23,development,custom layer,UNRESOLVED,candidate_7fdbdc7d6e6c4dfe732c2cdd,C,lớp tự định nghĩa,MODEL_PROPOSAL,,,,,,ctx_d91ca38d8df2fb6f84356a08|ctx_c650fc71af7d6c2789e47035|ctx_5b4647a086d9552408986cb3,,,
d2lce_4f85955c4fd10e184dc97d32,d2lce_4f85955c4fd10e184dc97d32,validation,observation,UNRESOLVED,candidate_b93b92d953ae003b2cea6a67,A,quan sát,RECORDED_PIPELINE_OUTPUT,,,,,,ctx_3abb4265df9a90360405c9fc|ctx_f50d0e155359e097e4dd53f9|ctx_9ad5e74698b23886119deb3e,,,
d2lce_4f85955c4fd10e184dc97d32,d2lce_4f85955c4fd10e184dc97d32,validation,observation,UNRESOLVED,candidate_1999cf3aa8a051cc09b16795,B,các quan sát,RECORDED_PIPELINE_OUTPUT,,,,,,ctx_3abb4265df9a90360405c9fc|ctx_f50d0e155359e097e4dd53f9|ctx_9ad5e74698b23886119deb3e,,,
d2lce_4f85955c4fd10e184dc97d32,d2lce_4f85955c4fd10e184dc97d32,validation,observation,UNRESOLVED,candidate_dd1da8c4eba9a4172f9dc991,C,mẫu quan sát,MODEL_PROPOSAL,,,,,,ctx_3abb4265df9a90360405c9fc|ctx_f50d0e155359e097e4dd53f9|ctx_9ad5e74698b23886119deb3e,,,
d2lce_52085fef12f840d2350b2049,d2lce_52085fef12f840d2350b2049,development,Caser,UNRESOLVED,candidate_0eaf7d366df95c85530ee565,A,Caser,RECORDED_PIPELINE_OUTPUT,,,,,,ctx_c48fb3f822f811ccbb8750b6|ctx_efedd61e884ed0fdc81eff25|ctx_a07c31185d557a9cba947172,,,
d2lce_52085fef12f840d2350b2049,d2lce_52085fef12f840d2350b2049,development,Caser,UNRESOLVED,candidate_cc4d5bdcb58f5e53f2c1fbdc,B,mô hình Caser,MODEL_PROPOSAL,,,,,,ctx_c48fb3f822f811ccbb8750b6|ctx_efedd61e884ed0fdc81eff25|ctx_a07c31185d557a9cba947172,,,
d2lce_52085fef12f840d2350b2049,d2lce_52085fef12f840d2350b2049,development,Caser,UNRESOLVED,candidate_720818fad69c30d720be7ca7,C,mô hình khuyến nghị nhúng chuỗi tích chập,MODEL_PROPOSAL,,,,,,ctx_c48fb3f822f811ccbb8750b6|ctx_efedd61e884ed0fdc81eff25|ctx_a07c31185d557a9cba947172,,,
d2lce_5300144b7f5b4ce29dd12ec6,d2lce_5300144b7f5b4ce29dd12ec6,development,spatial dimensions,UNRESOLVED,candidate_9b7dc7c5196c6dcbdefab173,A,các chiều không gian,RECORDED_PIPELINE_OUTPUT,,,,,,ctx_951d5a5b4ee251243063d6b8|ctx_d51d07967447de6bcbe89cba|ctx_5bc9eb4631e8433a066db266,,,
d2lce_5300144b7f5b4ce29dd12ec6,d2lce_5300144b7f5b4ce29dd12ec6,development,spatial dimensions,UNRESOLVED,candidate_081a7029aa4670933c83df88,B,các kích thước không gian,MODEL_PROPOSAL,,,,,,ctx_951d5a5b4ee251243063d6b8|ctx_d51d07967447de6bcbe89cba|ctx_5bc9eb4631e8433a066db266,,,
d2lce_5300144b7f5b4ce29dd12ec6,d2lce_5300144b7f5b4ce29dd12ec6,development,spatial dimensions,UNRESOLVED,candidate_9b47966622c9314e8c189b2c,C,các chiều cao-rộng,MODEL_PROPOSAL,,,,,,ctx_951d5a5b4ee251243063d6b8|ctx_d51d07967447de6bcbe89cba|ctx_5bc9eb4631e8433a066db266,,,
d2lce_539543a2360129e2a2fa1b6d,d2lce_539543a2360129e2a2fa1b6d,development,affine transformation,UNRESOLVED,candidate_6430b8a8b1881df8ac9546a5,A,phép biến đổi afin,RECORDED_PIPELINE_OUTPUT,,,,,,ctx_7121f7a9fa4ce1bf37a4b411|ctx_0cbe39511747c15a73cb01c5,,,
d2lce_539543a2360129e2a2fa1b6d,d2lce_539543a2360129e2a2fa1b6d,development,affine transformation,UNRESOLVED,candidate_f366429efd42b798e58b637d,B,phép biến đổi affine,MODEL_PROPOSAL,,,,,,ctx_7121f7a9fa4ce1bf37a4b411|ctx_0cbe39511747c15a73cb01c5,,,
d2lce_539543a2360129e2a2fa1b6d,d2lce_539543a2360129e2a2fa1b6d,development,affine transformation,UNRESOLVED,candidate_a933adad1fa5d36eb3842dca,C,phép biến đổi tuyến tính kèm tịnh tiến,MODEL_PROPOSAL,,,,,,ctx_7121f7a9fa4ce1bf37a4b411|ctx_0cbe39511747c15a73cb01c5,,,
d2lce_53c32398310471fac3dacf35,d2lce_53c32398310471fac3dacf35,development,bit,UNRESOLVED,candidate_546de001edaa602af0895780,A,bit,RECORDED_PIPELINE_OUTPUT,,,,,,ctx_bc735116b032003b647bf1d5|ctx_30cb9519a863d7ebe60dd4e0|ctx_48fb92c20348628ff3c83349,,,
d2lce_53c32398310471fac3dacf35,d2lce_53c32398310471fac3dacf35,development,bit,UNRESOLVED,candidate_f420ba0484ea3637e2df234a,B,một chút,MODEL_PROPOSAL,,,,,,ctx_bc735116b032003b647bf1d5|ctx_30cb9519a863d7ebe60dd4e0|ctx_48fb92c20348628ff3c83349,,,
d2lce_53c32398310471fac3dacf35,d2lce_53c32398310471fac3dacf35,development,bit,UNRESOLVED,candidate_581083f522d4457d3a690170,C,một ít,MODEL_PROPOSAL,,,,,,ctx_bc735116b032003b647bf1d5|ctx_30cb9519a863d7ebe60dd4e0|ctx_48fb92c20348628ff3c83349,,,
d2lce_54e0621e7c3812cb511231dc,d2lce_54e0621e7c3812cb511231dc,test,lanes,UNRESOLVED,candidate_a5e517390624fea13cb42f4d,A,làn,RECORDED_PIPELINE_OUTPUT,,,,,,ctx_b9752907cbaeda87a3b404e3|ctx_2ff75bd2aba0b559e0372b89|ctx_b9233db2688cfcdeb5ffd609,,,
d2lce_54e0621e7c3812cb511231dc,d2lce_54e0621e7c3812cb511231dc,test,lanes,UNRESOLVED,candidate_0fb98c20acab63e712c64941,B,làn PCIe,MODEL_PROPOSAL,,,,,,ctx_b9752907cbaeda87a3b404e3|ctx_2ff75bd2aba0b559e0372b89|ctx_b9233db2688cfcdeb5ffd609,,,
d2lce_54e0621e7c3812cb511231dc,d2lce_54e0621e7c3812cb511231dc,test,lanes,UNRESOLVED,candidate_b6f6823c21f461cb6d760ac1,C,đường truyền PCIe,MODEL_PROPOSAL,,,,,,ctx_b9752907cbaeda87a3b404e3|ctx_2ff75bd2aba0b559e0372b89|ctx_b9233db2688cfcdeb5ffd609,,,
d2lce_5c270f3b3ebe4f0059649e18,d2lce_5c270f3b3ebe4f0059649e18,development,noise words,UNRESOLVED,candidate_bdaf76f878212a5e3696704c,A,từ nhiễu,RECORDED_PIPELINE_OUTPUT,,,,,,ctx_c2cff6800a035ffeaff0c52d|ctx_6c68ff8f58bf4e101cf66d9f|ctx_8ee1967b4d544ce02f2d1be9,,,
d2lce_5c270f3b3ebe4f0059649e18,d2lce_5c270f3b3ebe4f0059649e18,development,noise words,UNRESOLVED,candidate_f5a9a36ee97259d11b50d005,B,từ âm,MODEL_PROPOSAL,,,,,,ctx_c2cff6800a035ffeaff0c52d|ctx_6c68ff8f58bf4e101cf66d9f|ctx_8ee1967b4d544ce02f2d1be9,,,
d2lce_5c270f3b3ebe4f0059649e18,d2lce_5c270f3b3ebe4f0059649e18,development,noise words,UNRESOLVED,candidate_b186a25ba78b7670afdf213e,C,từ mẫu nhiễu,MODEL_PROPOSAL,,,,,,ctx_c2cff6800a035ffeaff0c52d|ctx_6c68ff8f58bf4e101cf66d9f|ctx_8ee1967b4d544ce02f2d1be9,,,
d2lce_609638f74bc5b32d32469bbc,d2lce_609638f74bc5b32d32469bbc,development,natural language processing,UNRESOLVED,candidate_da86948c28c9e55c103877c9,A,xử lý ngôn ngữ tự nhiên,RECORDED_PIPELINE_OUTPUT,,,,,,ctx_db7608ae418801ae81a4cf5c|ctx_21a455b6628cf522b79a5f32|ctx_957202f18613badf579e7070,,,
d2lce_609638f74bc5b32d32469bbc,d2lce_609638f74bc5b32d32469bbc,development,natural language processing,UNRESOLVED,candidate_e7576bc2a0a314f1df1f7b67,B,ngành xử lý ngôn ngữ tự nhiên,MODEL_PROPOSAL,,,,,,ctx_db7608ae418801ae81a4cf5c|ctx_21a455b6628cf522b79a5f32|ctx_957202f18613badf579e7070,,,
d2lce_609638f74bc5b32d32469bbc,d2lce_609638f74bc5b32d32469bbc,development,natural language processing,UNRESOLVED,candidate_d2c1273c0efce3e259e27cfd,C,lĩnh vực xử lý ngôn ngữ tự nhiên,MODEL_PROPOSAL,,,,,,ctx_db7608ae418801ae81a4cf5c|ctx_21a455b6628cf522b79a5f32|ctx_957202f18613badf579e7070,,,
d2lce_6239b2ef1cec1800e3d6f13f,d2lce_6239b2ef1cec1800e3d6f13f,development,Concept Shift,UNRESOLVED,candidate_e71570827e365e4851182d53,A,dịch chuyển khái niệm,RECORDED_PIPELINE_OUTPUT,,,,,,ctx_877769c7d10adbd8a43011a6|ctx_a37d035d836b9e4a6c867c99|ctx_4422b292ae2706ac3853e015,,,
d2lce_6239b2ef1cec1800e3d6f13f,d2lce_6239b2ef1cec1800e3d6f13f,development,Concept Shift,UNRESOLVED,candidate_c57cd6b07ade608e711afb18,B,sự thay đổi khái niệm,MODEL_PROPOSAL,,,,,,ctx_877769c7d10adbd8a43011a6|ctx_a37d035d836b9e4a6c867c99|ctx_4422b292ae2706ac3853e015,,,
d2lce_6239b2ef1cec1800e3d6f13f,d2lce_6239b2ef1cec1800e3d6f13f,development,Concept Shift,UNRESOLVED,candidate_0cbbc51c9450e818bef20d57,C,biến đổi khái niệm,MODEL_PROPOSAL,,,,,,ctx_877769c7d10adbd8a43011a6|ctx_a37d035d836b9e4a6c867c99|ctx_4422b292ae2706ac3853e015,,,
d2lce_658174b1687c73f5aa1957ab,d2lce_658174b1687c73f5aa1957ab,validation,Tanh Function,UNRESOLVED,candidate_87095e99fb8a906fe709f7a6,A,hàm tanh,RECORDED_PIPELINE_OUTPUT,,,,,,ctx_fd599f0c3c95a18b0f5b16da|ctx_c92778674f8f7766091d01d2|ctx_8bd905bd87e3d1f74a1769c5,,,
d2lce_658174b1687c73f5aa1957ab,d2lce_658174b1687c73f5aa1957ab,validation,Tanh Function,UNRESOLVED,candidate_a8601465a6792091f4507d71,B,hàm tang hyperbolic,MODEL_PROPOSAL,,,,,,ctx_fd599f0c3c95a18b0f5b16da|ctx_c92778674f8f7766091d01d2|ctx_8bd905bd87e3d1f74a1769c5,,,
d2lce_658174b1687c73f5aa1957ab,d2lce_658174b1687c73f5aa1957ab,validation,Tanh Function,UNRESOLVED,candidate_54bc49106e438062800ed086,C,hàm hyperbolic tan,MODEL_PROPOSAL,,,,,,ctx_fd599f0c3c95a18b0f5b16da|ctx_c92778674f8f7766091d01d2|ctx_8bd905bd87e3d1f74a1769c5,,,
d2lce_6898a7f7f35ca368f75fda48,d2lce_6898a7f7f35ca368f75fda48,development,multi-GPU training,UNRESOLVED,candidate_9924a76191071cbbbd599ea5,A,huấn luyện đa GPU,RECORDED_PIPELINE_OUTPUT,,,,,,ctx_dd876433a4a31b49da5e3474|ctx_b75db9e35adbaaf1637e9f5b|ctx_a790a4f33d4d1ca57797120f,,,
d2lce_6898a7f7f35ca368f75fda48,d2lce_6898a7f7f35ca368f75fda48,development,multi-GPU training,UNRESOLVED,candidate_eff4836a0a255cfbafde6bd5,B,huấn luyện nhiều GPU,MODEL_PROPOSAL,,,,,,ctx_dd876433a4a31b49da5e3474|ctx_b75db9e35adbaaf1637e9f5b|ctx_a790a4f33d4d1ca57797120f,,,
d2lce_6898a7f7f35ca368f75fda48,d2lce_6898a7f7f35ca368f75fda48,development,multi-GPU training,UNRESOLVED,candidate_a1afd131c7ef2710774d7e3b,C,huấn luyện trên nhiều GPU,MODEL_PROPOSAL,,,,,,ctx_dd876433a4a31b49da5e3474|ctx_b75db9e35adbaaf1637e9f5b|ctx_a790a4f33d4d1ca57797120f,,,
d2lce_6b1b75f43b72ec9bace62065,d2lce_6b1b75f43b72ec9bace62065,test,transpose,UNRESOLVED,candidate_9e5bfa95d65c5b6949c50222,A,chuyển vị,RECORDED_PIPELINE_OUTPUT,,,,,,ctx_8b4f9d8a2db0a1027760532e|ctx_b0979095fea4bcd28cf2ac0f|ctx_f5d11ac90b12d0ac504bdbf3,,,
d2lce_6b1b75f43b72ec9bace62065,d2lce_6b1b75f43b72ec9bace62065,test,transpose,UNRESOLVED,candidate_4235a2f4e6318decc83a5152,B,lấy chuyển vị,MODEL_PROPOSAL,,,,,,ctx_8b4f9d8a2db0a1027760532e|ctx_b0979095fea4bcd28cf2ac0f|ctx_f5d11ac90b12d0ac504bdbf3,,,
d2lce_6b1b75f43b72ec9bace62065,d2lce_6b1b75f43b72ec9bace62065,test,transpose,UNRESOLVED,candidate_3f15910156e4d1c480f63aee,C,hoán đổi hàng và cột,MODEL_PROPOSAL,,,,,,ctx_8b4f9d8a2db0a1027760532e|ctx_b0979095fea4bcd28cf2ac0f|ctx_f5d11ac90b12d0ac504bdbf3,,,
d2lce_6c7e95cd232fb7fcca6b3bdc,d2lce_6c7e95cd232fb7fcca6b3bdc,development,Control Flow,UNRESOLVED,candidate_381493b3af8e350e41c87e8a,A,luồng điều khiển,RECORDED_PIPELINE_OUTPUT,,,,,,ctx_0da3afb393686e85b578238a|ctx_404061e58e2c4cb0d3631319|ctx_bc0786f0d324cf5127b590f1,,,
d2lce_6c7e95cd232fb7fcca6b3bdc,d2lce_6c7e95cd232fb7fcca6b3bdc,development,Control Flow,UNRESOLVED,candidate_c372294ee55418a33325fe2d,B,dòng điều khiển,MODEL_PROPOSAL,,,,,,ctx_0da3afb393686e85b578238a|ctx_404061e58e2c4cb0d3631319|ctx_bc0786f0d324cf5127b590f1,,,
d2lce_6c7e95cd232fb7fcca6b3bdc,d2lce_6c7e95cd232fb7fcca6b3bdc,development,Control Flow,UNRESOLVED,candidate_f2f4d192e689140fb3f0161e,C,cấu trúc điều khiển,MODEL_PROPOSAL,,,,,,ctx_0da3afb393686e85b578238a|ctx_404061e58e2c4cb0d3631319|ctx_bc0786f0d324cf5127b590f1,,,
d2lce_6f20c5222ebea4830603817b,d2lce_6f20c5222ebea4830603817b,development,symbols,UNRESOLVED,candidate_cad008c31156ece9c748f616,A,ký hiệu,RECORDED_PIPELINE_OUTPUT,,,,,,ctx_8e3bb715a8f1e73fa1eb0a44|ctx_51424ecedde5d77018ac09c3|ctx_8fbcd8bc50f3f91b245b89ba,,,
d2lce_6f20c5222ebea4830603817b,d2lce_6f20c5222ebea4830603817b,development,symbols,UNRESOLVED,candidate_b77a06c21ccd1b01d2337aa6,B,biểu tượng,RECORDED_PIPELINE_OUTPUT,,,,,,ctx_8e3bb715a8f1e73fa1eb0a44|ctx_51424ecedde5d77018ac09c3|ctx_8fbcd8bc50f3f91b245b89ba,,,
d2lce_6f20c5222ebea4830603817b,d2lce_6f20c5222ebea4830603817b,development,symbols,UNRESOLVED,candidate_c7930bf64de0d94fa93d35d5,C,các ký hiệu,MODEL_PROPOSAL,,,,,,ctx_8e3bb715a8f1e73fa1eb0a44|ctx_51424ecedde5d77018ac09c3|ctx_8fbcd8bc50f3f91b245b89ba,,,
d2lce_6f3afd43e74e8d70778dc0c8,d2lce_6f3afd43e74e8d70778dc0c8,development,Warmup,UNRESOLVED,candidate_f897b1e946236bda38b1a9c1,A,khởi động,RECORDED_PIPELINE_OUTPUT,,,,,,ctx_a512a07140b183f0582a2fa1|ctx_df53f1201adeb15694c788d5|ctx_23984c926b405fd7be61d3af,,,
d2lce_6f3afd43e74e8d70778dc0c8,d2lce_6f3afd43e74e8d70778dc0c8,development,Warmup,UNRESOLVED,candidate_9d7028b441e4c2e1c07dce6d,B,giai đoạn khởi động,RECORDED_PIPELINE_OUTPUT,,,,,,ctx_a512a07140b183f0582a2fa1|ctx_df53f1201adeb15694c788d5|ctx_23984c926b405fd7be61d3af,,,
d2lce_6f3afd43e74e8d70778dc0c8,d2lce_6f3afd43e74e8d70778dc0c8,development,Warmup,UNRESOLVED,candidate_8ec0fd7ccf71f8c1370e505f,C,giai đoạn làm nóng,MODEL_PROPOSAL,,,,,,ctx_a512a07140b183f0582a2fa1|ctx_df53f1201adeb15694c788d5|ctx_23984c926b405fd7be61d3af,,,
d2lce_7070b47672fcb2311c0527b6,d2lce_7070b47672fcb2311c0527b6,validation,classification problems,UNRESOLVED,candidate_a5e2974d57b2986ff5702320,A,bài toán phân loại,RECORDED_PIPELINE_OUTPUT,,,,,,ctx_ffdf1a13224ab9169c7fc415|ctx_026fffa1498f9353695d8938|ctx_4f3feaf3fe5fc9145ebc21e9,,,
d2lce_7070b47672fcb2311c0527b6,d2lce_7070b47672fcb2311c0527b6,validation,classification problems,UNRESOLVED,candidate_b6ac70347dc7413898f7b997,B,vấn đề phân loại,MODEL_PROPOSAL,,,,,,ctx_ffdf1a13224ab9169c7fc415|ctx_026fffa1498f9353695d8938|ctx_4f3feaf3fe5fc9145ebc21e9,,,
d2lce_7070b47672fcb2311c0527b6,d2lce_7070b47672fcb2311c0527b6,validation,classification problems,UNRESOLVED,candidate_02daee909137d80ef7d133d6,C,bài toán phân lớp,MODEL_PROPOSAL,,,,,,ctx_ffdf1a13224ab9169c7fc415|ctx_026fffa1498f9353695d8938|ctx_4f3feaf3fe5fc9145ebc21e9,,,
d2lce_73c8ce2915c4c64a52fab4a2,d2lce_73c8ce2915c4c64a52fab4a2,development,Generator,UNRESOLVED,candidate_5c36c722c6f99db7ba4684d4,A,bộ sinh,RECORDED_PIPELINE_OUTPUT,,,,,,ctx_ce5770ebbcecab9cd14b31d1|ctx_111ebd3664347c4b99a35b2e|ctx_545710fbceae0d3428fd3a00,,,
d2lce_73c8ce2915c4c64a52fab4a2,d2lce_73c8ce2915c4c64a52fab4a2,development,Generator,UNRESOLVED,candidate_d228b025466ac2820e46bb39,B,mạng sinh,MODEL_PROPOSAL,,,,,,ctx_ce5770ebbcecab9cd14b31d1|ctx_111ebd3664347c4b99a35b2e|ctx_545710fbceae0d3428fd3a00,,,
d2lce_73c8ce2915c4c64a52fab4a2,d2lce_73c8ce2915c4c64a52fab4a2,development,Generator,UNRESOLVED,candidate_86430ab164ff051e4f2f3ac2,C,bộ tạo dữ liệu giả,MODEL_PROPOSAL,,,,,,ctx_ce5770ebbcecab9cd14b31d1|ctx_111ebd3664347c4b99a35b2e|ctx_545710fbceae0d3428fd3a00,,,
d2lce_73dbe839de3f1d00bf1226f0,d2lce_73dbe839de3f1d00bf1226f0,validation,uncertainty,UNRESOLVED,candidate_0d1437439b526ebc207ea817,A,độ bất định,RECORDED_PIPELINE_OUTPUT,,,,,,ctx_e7697bfcdc8c8d5ccbb78a65|ctx_dabb91193e9646a54768ead2|ctx_47b329913c771cfa32340120|ctx_923ebaa50c2bbcd9a6a3ab6c,,,
d2lce_73dbe839de3f1d00bf1226f0,d2lce_73dbe839de3f1d00bf1226f0,validation,uncertainty,UNRESOLVED,candidate_040dff12045031489db41437,B,sự không chắc chắn,MODEL_PROPOSAL,,,,,,ctx_e7697bfcdc8c8d5ccbb78a65|ctx_dabb91193e9646a54768ead2|ctx_47b329913c771cfa32340120|ctx_923ebaa50c2bbcd9a6a3ab6c,,,
d2lce_73dbe839de3f1d00bf1226f0,d2lce_73dbe839de3f1d00bf1226f0,validation,uncertainty,UNRESOLVED,candidate_8a72d8b18b086196ce154f39,C,tính bất định,MODEL_PROPOSAL,,,,,,ctx_e7697bfcdc8c8d5ccbb78a65|ctx_dabb91193e9646a54768ead2|ctx_47b329913c771cfa32340120|ctx_923ebaa50c2bbcd9a6a3ab6c,,,
d2lce_776fd3328d5e31aeebe484ec,d2lce_776fd3328d5e31aeebe484ec,development,keys,UNRESOLVED,candidate_4d3e881d152ab02ad2326786,A,khóa,RECORDED_PIPELINE_OUTPUT,,,,,,ctx_3c14b0a0feee3453249740d4|ctx_cac33728aec4217e211eb0da|ctx_9dd2818707ebbd9b97accac9,,,
d2lce_776fd3328d5e31aeebe484ec,d2lce_776fd3328d5e31aeebe484ec,development,keys,UNRESOLVED,candidate_811f2542a90f4279c9f5f695,B,các khóa,RECORDED_PIPELINE_OUTPUT,,,,,,ctx_3c14b0a0feee3453249740d4|ctx_cac33728aec4217e211eb0da|ctx_9dd2818707ebbd9b97accac9,,,
d2lce_776fd3328d5e31aeebe484ec,d2lce_776fd3328d5e31aeebe484ec,development,keys,UNRESOLVED,candidate_e28c28932bd181642fba4a51,C,khóa chú ý,MODEL_PROPOSAL,,,,,,ctx_3c14b0a0feee3453249740d4|ctx_cac33728aec4217e211eb0da|ctx_9dd2818707ebbd9b97accac9,,,
d2lce_7be1455c48134d411f51fe7c,d2lce_7be1455c48134d411f51fe7c,test,VGG network,UNRESOLVED,candidate_7051f7c4f15386dc34c63c6b,A,VGG network,RECORDED_PIPELINE_OUTPUT,,,,,,ctx_a33fa21e3115491f18e2796d|ctx_ece546a2d6d19914a8d8e91c|ctx_63a7e0037fac12cc4fdcdd35,,,
d2lce_7be1455c48134d411f51fe7c,d2lce_7be1455c48134d411f51fe7c,test,VGG network,UNRESOLVED,candidate_d1699b3550522d70a0692312,B,mạng VGG,MODEL_PROPOSAL,,,,,,ctx_a33fa21e3115491f18e2796d|ctx_ece546a2d6d19914a8d8e91c|ctx_63a7e0037fac12cc4fdcdd35,,,
d2lce_7be1455c48134d411f51fe7c,d2lce_7be1455c48134d411f51fe7c,test,VGG network,UNRESOLVED,candidate_5c1cdca47f3160959d46ec16,C,kiến trúc VGG,MODEL_PROPOSAL,,,,,,ctx_a33fa21e3115491f18e2796d|ctx_ece546a2d6d19914a8d8e91c|ctx_63a7e0037fac12cc4fdcdd35,,,
d2lce_7c27fa40b039d07e81508741,d2lce_7c27fa40b039d07e81508741,validation,convolution kernel,UNRESOLVED,candidate_891ab83a1905eeee6fb04e4b,A,nhân chập,RECORDED_PIPELINE_OUTPUT,,,,,,ctx_3ef46376e083fc08200cbde9|ctx_f2e17ee567b215267ffa2690,,,
d2lce_7c27fa40b039d07e81508741,d2lce_7c27fa40b039d07e81508741,validation,convolution kernel,UNRESOLVED,candidate_f262c620c32e4824f5998288,B,bộ lọc tích chập,RECORDED_PIPELINE_OUTPUT,,,,,,ctx_3ef46376e083fc08200cbde9|ctx_f2e17ee567b215267ffa2690,,,
d2lce_7c27fa40b039d07e81508741,d2lce_7c27fa40b039d07e81508741,validation,convolution kernel,UNRESOLVED,candidate_477d1eb8658479b3f680eff5,C,hạt nhân tích chập,MODEL_PROPOSAL,,,,,,ctx_3ef46376e083fc08200cbde9|ctx_f2e17ee567b215267ffa2690,,,
d2lce_7d7b617aacd41c76538d06af,d2lce_7d7b617aacd41c76538d06af,development,constructor,UNRESOLVED,candidate_fde54b289d87551243d65801,A,hàm khởi tạo,RECORDED_PIPELINE_OUTPUT,,,,,,ctx_7fa9447905f17f25b43e1bbf|ctx_54000812f62f7bf37881febb|ctx_8b948684ac54a83a4d0f3076,,,
d2lce_7d7b617aacd41c76538d06af,d2lce_7d7b617aacd41c76538d06af,development,constructor,UNRESOLVED,candidate_0ca8dd1a05651eecbf93dcfa,B,phương thức khởi tạo,MODEL_PROPOSAL,,,,,,ctx_7fa9447905f17f25b43e1bbf|ctx_54000812f62f7bf37881febb|ctx_8b948684ac54a83a4d0f3076,,,
d2lce_7d7b617aacd41c76538d06af,d2lce_7d7b617aacd41c76538d06af,development,constructor,UNRESOLVED,candidate_768358c1ddb3c0d9f9466a6b,C,bộ khởi tạo,MODEL_PROPOSAL,,,,,,ctx_7fa9447905f17f25b43e1bbf|ctx_54000812f62f7bf37881febb|ctx_8b948684ac54a83a4d0f3076,,,
d2lce_7d91b65d1e0031ab994be237,d2lce_7d91b65d1e0031ab994be237,validation,shape,UNRESOLVED,candidate_0982ed2ca3019b74f56d40ff,A,kích thước,MODEL_PROPOSAL,,,,,,ctx_eaaf8f351dd451d99604be0e|ctx_f57f479949897e554691786b|ctx_0f178aa4816b9e54f151c714,,,
d2lce_7d91b65d1e0031ab994be237,d2lce_7d91b65d1e0031ab994be237,validation,shape,UNRESOLVED,candidate_54c7a5be171a441139675a5c,B,hình dạng,RECORDED_PIPELINE_OUTPUT,,,,,,ctx_eaaf8f351dd451d99604be0e|ctx_f57f479949897e554691786b|ctx_0f178aa4816b9e54f151c714,,,
d2lce_7d91b65d1e0031ab994be237,d2lce_7d91b65d1e0031ab994be237,validation,shape,UNRESOLVED,candidate_02fd8cebfe75674a17ecf88d,C,dạng,MODEL_PROPOSAL,,,,,,ctx_eaaf8f351dd451d99604be0e|ctx_f57f479949897e554691786b|ctx_0f178aa4816b9e54f151c714,,,
d2lce_7ef8ed3f93210606a27312a4,d2lce_7ef8ed3f93210606a27312a4,development,Adam,UNRESOLVED,candidate_eb4b9982b22d45554720135e,A,Adam,RECORDED_PIPELINE_OUTPUT,,,,,,ctx_feb069ef1ecb8e58ef71c482|ctx_5c812a90177b5b129b327432|ctx_4a985a7867b0862e601aa744,,,
d2lce_7ef8ed3f93210606a27312a4,d2lce_7ef8ed3f93210606a27312a4,development,Adam,UNRESOLVED,candidate_d2ab7fc22d0620dfdeb0a667,B,thuật toán tối ưu Adam,MODEL_PROPOSAL,,,,,,ctx_feb069ef1ecb8e58ef71c482|ctx_5c812a90177b5b129b327432|ctx_4a985a7867b0862e601aa744,,,
d2lce_7ef8ed3f93210606a27312a4,d2lce_7ef8ed3f93210606a27312a4,development,Adam,UNRESOLVED,candidate_5b40ab20a731994cf4619c72,C,bộ tối ưu Adam,MODEL_PROPOSAL,,,,,,ctx_feb069ef1ecb8e58ef71c482|ctx_5c812a90177b5b129b327432|ctx_4a985a7867b0862e601aa744,,,
d2lce_80f4d6555a6ea1d2e5e881a1,d2lce_80f4d6555a6ea1d2e5e881a1,development,bidirectional RNN,UNRESOLVED,candidate_c418c0f0bae39f11fcc16a69,A,RNN hai chiều,RECORDED_PIPELINE_OUTPUT,,,,,,ctx_be13633e5269ebd62d16e8f2|ctx_251a0545759171bb473405d4|ctx_a262d765aa2b98acc9fb0307,,,
d2lce_80f4d6555a6ea1d2e5e881a1,d2lce_80f4d6555a6ea1d2e5e881a1,development,bidirectional RNN,UNRESOLVED,candidate_55589f2e3b3dcf5245ab55e1,B,mạng nơ-ron hồi quy hai chiều,MODEL_PROPOSAL,,,,,,ctx_be13633e5269ebd62d16e8f2|ctx_251a0545759171bb473405d4|ctx_a262d765aa2b98acc9fb0307,,,
d2lce_80f4d6555a6ea1d2e5e881a1,d2lce_80f4d6555a6ea1d2e5e881a1,development,bidirectional RNN,UNRESOLVED,candidate_150b62af150603a3accd5f57,C,RNN song hướng,MODEL_PROPOSAL,,,,,,ctx_be13633e5269ebd62d16e8f2|ctx_251a0545759171bb473405d4|ctx_a262d765aa2b98acc9fb0307,,,
d2lce_8373decbb6e405f0386ec8a0,d2lce_8373decbb6e405f0386ec8a0,development,Initialization,UNRESOLVED,candidate_15c42d33dec3743ddca64871,A,khởi tạo,RECORDED_PIPELINE_OUTPUT,,,,,,ctx_6c651c750bd61ecf09196999|ctx_1bc308a263836f4fc041f231|ctx_d4f8f201e33ddd0184655f6b|ctx_cdcb81a3ee9a5abda1a9e0ce|ctx_e826a9c4223fe2ac0df99dd6|ctx_ee12194666632f9d5902d342|ctx_08a00e100653d14a0ddf6485,,,
d2lce_8373decbb6e405f0386ec8a0,d2lce_8373decbb6e405f0386ec8a0,development,Initialization,UNRESOLVED,candidate_778236a4c7e73c33e99e66f4,B,các phương pháp khởi tạo,RECORDED_PIPELINE_OUTPUT,,,,,,ctx_6c651c750bd61ecf09196999|ctx_1bc308a263836f4fc041f231|ctx_d4f8f201e33ddd0184655f6b|ctx_cdcb81a3ee9a5abda1a9e0ce|ctx_e826a9c4223fe2ac0df99dd6|ctx_ee12194666632f9d5902d342|ctx_08a00e100653d14a0ddf6485,,,
d2lce_8373decbb6e405f0386ec8a0,d2lce_8373decbb6e405f0386ec8a0,development,Initialization,UNRESOLVED,candidate_19d6af0d3df9f369913df1dc,C,các phương pháp khởi tạo dựng sẵn,RECORDED_PIPELINE_OUTPUT,,,,,,ctx_6c651c750bd61ecf09196999|ctx_1bc308a263836f4fc041f231|ctx_d4f8f201e33ddd0184655f6b|ctx_cdcb81a3ee9a5abda1a9e0ce|ctx_e826a9c4223fe2ac0df99dd6|ctx_ee12194666632f9d5902d342|ctx_08a00e100653d14a0ddf6485,,,
d2lce_88251c1ff8b5d3756955ca7b,d2lce_88251c1ff8b5d3756955ca7b,development,region of interest pooling layer,UNRESOLVED,candidate_17c93eb77748e08cda1f1661,A,lớp gộp vùng quan tâm,RECORDED_PIPELINE_OUTPUT,,,,,,ctx_788954d63cedc392831d5044|ctx_18b4f72effde16746e8f5bd5|ctx_808752f6de5f09f78b2ac2c6,,,
d2lce_88251c1ff8b5d3756955ca7b,d2lce_88251c1ff8b5d3756955ca7b,development,region of interest pooling layer,UNRESOLVED,candidate_e5e320b5f154ab1f033ebeb0,B,lớp gộp RoI,MODEL_PROPOSAL,,,,,,ctx_788954d63cedc392831d5044|ctx_18b4f72effde16746e8f5bd5|ctx_808752f6de5f09f78b2ac2c6,,,
d2lce_88251c1ff8b5d3756955ca7b,d2lce_88251c1ff8b5d3756955ca7b,development,region of interest pooling layer,UNRESOLVED,candidate_ebe7f4a0b943705ae95063e6,C,lớp gộp trên vùng quan tâm,MODEL_PROPOSAL,,,,,,ctx_788954d63cedc392831d5044|ctx_18b4f72effde16746e8f5bd5|ctx_808752f6de5f09f78b2ac2c6,,,
d2lce_89406dadb8c277a1b688698c,d2lce_89406dadb8c277a1b688698c,validation,address,UNRESOLVED,candidate_b67b91cf32ca8245039670a7,A,địa chỉ,RECORDED_PIPELINE_OUTPUT,,,,,,ctx_6547ed8c4718efbe943c8076|ctx_58035c4ed6978f0d5bd45d62|ctx_6b7bea549646404f1beed42e|ctx_b1a8388ce3ee8e26151f7cfb,,,
d2lce_89406dadb8c277a1b688698c,d2lce_89406dadb8c277a1b688698c,validation,address,UNRESOLVED,candidate_a057b6ffb12ca7d44acd8b3c,B,đánh địa chỉ,RECORDED_PIPELINE_OUTPUT,,,,,,ctx_6547ed8c4718efbe943c8076|ctx_58035c4ed6978f0d5bd45d62|ctx_6b7bea549646404f1beed42e|ctx_b1a8388ce3ee8e26151f7cfb,,,
d2lce_89406dadb8c277a1b688698c,d2lce_89406dadb8c277a1b688698c,validation,address,UNRESOLVED,candidate_a5c09a83fbdeff7468063ff4,C,giải quyết,MODEL_PROPOSAL,,,,,,ctx_6547ed8c4718efbe943c8076|ctx_58035c4ed6978f0d5bd45d62|ctx_6b7bea549646404f1beed42e|ctx_b1a8388ce3ee8e26151f7cfb,,,
d2lce_8d226b48ba7ec1493faa4ec8,d2lce_8d226b48ba7ec1493faa4ec8,development,Gradient Clipping,UNRESOLVED,candidate_204bc4d6c83b3843d0a9cee3,A,cắt gradient,RECORDED_PIPELINE_OUTPUT,,,,,,ctx_76aaadbd846db473944f5737|ctx_4464d445a080f2a1433e80df,,,
d2lce_8d226b48ba7ec1493faa4ec8,d2lce_8d226b48ba7ec1493faa4ec8,development,Gradient Clipping,UNRESOLVED,candidate_254181f580d0e4f1c354eb86,B,xén gradient,MODEL_PROPOSAL,,,,,,ctx_76aaadbd846db473944f5737|ctx_4464d445a080f2a1433e80df,,,
d2lce_8d226b48ba7ec1493faa4ec8,d2lce_8d226b48ba7ec1493faa4ec8,development,Gradient Clipping,UNRESOLVED,candidate_f8363b003208850d0ad5c4aa,C,giới hạn gradient,MODEL_PROPOSAL,,,,,,ctx_76aaadbd846db473944f5737|ctx_4464d445a080f2a1433e80df,,,
d2lce_8de4d36bcb2f1ad2291dd52e,d2lce_8de4d36bcb2f1ad2291dd52e,test,feature interactions,UNRESOLVED,candidate_fd13c8edb40c5be67877f39c,A,tương tác đặc trưng,RECORDED_PIPELINE_OUTPUT,,,,,,ctx_28fec5561cc94064400b1c46|ctx_e7740f3e3eacd0600fc7f1e8,,,
d2lce_8de4d36bcb2f1ad2291dd52e,d2lce_8de4d36bcb2f1ad2291dd52e,test,feature interactions,UNRESOLVED,candidate_035e198f34a1cb269d9d6903,B,sự tương tác giữa các đặc trưng,MODEL_PROPOSAL,,,,,,ctx_28fec5561cc94064400b1c46|ctx_e7740f3e3eacd0600fc7f1e8,,,
d2lce_8de4d36bcb2f1ad2291dd52e,d2lce_8de4d36bcb2f1ad2291dd52e,test,feature interactions,UNRESOLVED,candidate_721373d1fd544be55ed5ec2c,C,quan hệ tương tác giữa đặc trưng,MODEL_PROPOSAL,,,,,,ctx_28fec5561cc94064400b1c46|ctx_e7740f3e3eacd0600fc7f1e8,,,
d2lce_91002293cea2184b43995f47,d2lce_91002293cea2184b43995f47,test,switch,UNRESOLVED,candidate_c6240aaa0de30ff46f8d8e3a,A,bộ chuyển mạch,RECORDED_PIPELINE_OUTPUT,,,,,,ctx_04a4e4586094507de76cea7e,,,
d2lce_91002293cea2184b43995f47,d2lce_91002293cea2184b43995f47,test,switch,UNRESOLVED,candidate_1dc2fb6943cd7e89700efb4e,B,thiết bị chuyển mạch,MODEL_PROPOSAL,,,,,,ctx_04a4e4586094507de76cea7e,,,
d2lce_91002293cea2184b43995f47,d2lce_91002293cea2184b43995f47,test,switch,UNRESOLVED,candidate_630ac9bf4380f726b66480c1,C,bộ mạch chuyển,MODEL_PROPOSAL,,,,,,ctx_04a4e4586094507de76cea7e,,,
d2lce_9199c3ba27076b186a42df23,d2lce_9199c3ba27076b186a42df23,validation,generalization error,UNRESOLVED,candidate_585cf63d0ddbd71e09011fbf,A,lỗi khái quát hóa,RECORDED_PIPELINE_OUTPUT,,,,,,ctx_584bed2e44864afc9655baf9|ctx_7edf6686ee0adbdd3a986dfc|ctx_bfb4aa499a19b3c234af5b7e,,,
d2lce_9199c3ba27076b186a42df23,d2lce_9199c3ba27076b186a42df23,validation,generalization error,UNRESOLVED,candidate_fc827ef484680a842c35eaf3,B,sai số khái quát hóa,MODEL_PROPOSAL,,,,,,ctx_584bed2e44864afc9655baf9|ctx_7edf6686ee0adbdd3a986dfc|ctx_bfb4aa499a19b3c234af5b7e,,,
d2lce_9199c3ba27076b186a42df23,d2lce_9199c3ba27076b186a42df23,validation,generalization error,UNRESOLVED,candidate_b2ee5342efda193e92d7b88f,C,lỗi tổng quát hóa,MODEL_PROPOSAL,,,,,,ctx_584bed2e44864afc9655baf9|ctx_7edf6686ee0adbdd3a986dfc|ctx_bfb4aa499a19b3c234af5b7e,,,
d2lce_9372cdb5752db6ba6fa38fbd,d2lce_9372cdb5752db6ba6fa38fbd,development,integration,UNRESOLVED,candidate_6f6b561403593922e5fd34db,A,phép tích phân,RECORDED_PIPELINE_OUTPUT,,,,,,ctx_970ad81dffba31509dfed788|ctx_6cb98f8df6d9db9e167c2f2f|ctx_11630da8af693e077d8637e6,,,
d2lce_9372cdb5752db6ba6fa38fbd,d2lce_9372cdb5752db6ba6fa38fbd,development,integration,UNRESOLVED,candidate_c8b5c93d411c6f867c09c85e,B,tích phân,MODEL_PROPOSAL,,,,,,ctx_970ad81dffba31509dfed788|ctx_6cb98f8df6d9db9e167c2f2f|ctx_11630da8af693e077d8637e6,,,
d2lce_9372cdb5752db6ba6fa38fbd,d2lce_9372cdb5752db6ba6fa38fbd,development,integration,UNRESOLVED,candidate_09318f7259d5c375a48fb726,C,phép tính tích phân,MODEL_PROPOSAL,,,,,,ctx_970ad81dffba31509dfed788|ctx_6cb98f8df6d9db9e167c2f2f|ctx_11630da8af693e077d8637e6,,,
d2lce_963a14fc5042969e330bb020,d2lce_963a14fc5042969e330bb020,development,two-dimensional cross-correlation operation,UNRESOLVED,candidate_6940099d7b60ce3658f1f540,A,phép toán tương quan chéo hai chiều,RECORDED_PIPELINE_OUTPUT,,,,,,ctx_c347d897c071e45dc443bc15|ctx_31af545156a8abd1def5ed1d|ctx_876dc1724c5a190419098d85,,,
d2lce_963a14fc5042969e330bb020,d2lce_963a14fc5042969e330bb020,development,two-dimensional cross-correlation operation,UNRESOLVED,candidate_55ea6a4c79efc1e927a17499,B,các phép tương quan chéo hai chiều,RECORDED_PIPELINE_OUTPUT,,,,,,ctx_c347d897c071e45dc443bc15|ctx_31af545156a8abd1def5ed1d|ctx_876dc1724c5a190419098d85,,,
d2lce_963a14fc5042969e330bb020,d2lce_963a14fc5042969e330bb020,development,two-dimensional cross-correlation operation,UNRESOLVED,candidate_3fa980d918f12ea155231e9d,C,phép tương quan chéo hai chiều,RECORDED_PIPELINE_OUTPUT,,,,,,ctx_c347d897c071e45dc443bc15|ctx_31af545156a8abd1def5ed1d|ctx_876dc1724c5a190419098d85,,,
d2lce_98211ac6b2c27c6359ce6dae,d2lce_98211ac6b2c27c6359ce6dae,test,inverse,UNRESOLVED,candidate_9dfc9e1aba25a6e77f59ec41,A,nghịch đảo,RECORDED_PIPELINE_OUTPUT,,,,,,ctx_b25612872c99360702920048|ctx_f3b8e197930d717e638aae95|ctx_47dd346896be4b4baac91c16,,,
d2lce_98211ac6b2c27c6359ce6dae,d2lce_98211ac6b2c27c6359ce6dae,test,inverse,UNRESOLVED,candidate_222f6697b5d4fb13ca0fd249,B,ma trận nghịch đảo,RECORDED_PIPELINE_OUTPUT,,,,,,ctx_b25612872c99360702920048|ctx_f3b8e197930d717e638aae95|ctx_47dd346896be4b4baac91c16,,,
d2lce_98211ac6b2c27c6359ce6dae,d2lce_98211ac6b2c27c6359ce6dae,test,inverse,UNRESOLVED,candidate_730b2972e7ae131da2b83621,C,phép nghịch đảo,MODEL_PROPOSAL,,,,,,ctx_b25612872c99360702920048|ctx_f3b8e197930d717e638aae95|ctx_47dd346896be4b4baac91c16,,,
d2lce_98b37a7bcb47cd2ef2e5f296,d2lce_98b37a7bcb47cd2ef2e5f296,development,fully-connected layers,UNRESOLVED,candidate_69d487fc044881f9f782de53,A,các lớp kết nối đầy đủ,RECORDED_PIPELINE_OUTPUT,,,,,,ctx_403adb70f5312a0fa35b95be|ctx_faa4efe019d52f783381c40a|ctx_1f4f955fd892e6791b4aeef3,,,
d2lce_98b37a7bcb47cd2ef2e5f296,d2lce_98b37a7bcb47cd2ef2e5f296,development,fully-connected layers,UNRESOLVED,candidate_bacd2b7d8eb5d2ff10742c27,B,các lớp liên kết đầy đủ,MODEL_PROPOSAL,,,,,,ctx_403adb70f5312a0fa35b95be|ctx_faa4efe019d52f783381c40a|ctx_1f4f955fd892e6791b4aeef3,,,
d2lce_98b37a7bcb47cd2ef2e5f296,d2lce_98b37a7bcb47cd2ef2e5f296,development,fully-connected layers,UNRESOLVED,candidate_ed0f208b38e5ecb43e4b5efc,C,các tầng kết nối đầy đủ,MODEL_PROPOSAL,,,,,,ctx_403adb70f5312a0fa35b95be|ctx_faa4efe019d52f783381c40a|ctx_1f4f955fd892e6791b4aeef3,,,
d2lce_9bd5113780f8e8160a24e6ad,d2lce_9bd5113780f8e8160a24e6ad,development,underflow,UNRESOLVED,candidate_479fdd8ff6d15304debec117,A,tràn dưới,RECORDED_PIPELINE_OUTPUT,,,,,,ctx_5d3d4728c7288bca4bf4f624|ctx_f6a47145f376202745ec79b1|ctx_927dfa6b607b0cdb7925b702,,,
d2lce_9bd5113780f8e8160a24e6ad,d2lce_9bd5113780f8e8160a24e6ad,development,underflow,UNRESOLVED,candidate_963dd869c9d587f30076cc5d,B,tụt dưới ngưỡng số học,MODEL_PROPOSAL,,,,,,ctx_5d3d4728c7288bca4bf4f624|ctx_f6a47145f376202745ec79b1|ctx_927dfa6b607b0cdb7925b702,,,
d2lce_9bd5113780f8e8160a24e6ad,d2lce_9bd5113780f8e8160a24e6ad,development,underflow,UNRESOLVED,candidate_d9f03e66a65a60d095aa8e7f,C,mất chính xác do quá nhỏ,MODEL_PROPOSAL,,,,,,ctx_5d3d4728c7288bca4bf4f624|ctx_f6a47145f376202745ec79b1|ctx_927dfa6b607b0cdb7925b702,,,
d2lce_9c874642b8c028465cfbb71e,d2lce_9c874642b8c028465cfbb71e,development,convex sets,UNRESOLVED,candidate_dd79e01e2ea962be373dc1da,A,tập lồi,RECORDED_PIPELINE_OUTPUT,,,,,,ctx_ab1437837560228b5ab996d0|ctx_0786467f80f822e79b33c1be|ctx_b8a70afb7e97de94755c1439,,,
d2lce_9c874642b8c028465cfbb71e,d2lce_9c874642b8c028465cfbb71e,development,convex sets,UNRESOLVED,candidate_37cb67559c88649b87f68838,B,các tập lồi,MODEL_PROPOSAL,,,,,,ctx_ab1437837560228b5ab996d0|ctx_0786467f80f822e79b33c1be|ctx_b8a70afb7e97de94755c1439,,,
d2lce_9c874642b8c028465cfbb71e,d2lce_9c874642b8c028465cfbb71e,development,convex sets,UNRESOLVED,candidate_5ac5b89989446adce1d770d1,C,tập hợp lồi,MODEL_PROPOSAL,,,,,,ctx_ab1437837560228b5ab996d0|ctx_0786467f80f822e79b33c1be|ctx_b8a70afb7e97de94755c1439,,,
d2lce_9cee0f2f668259a2568b89f4,d2lce_9cee0f2f668259a2568b89f4,development,Skip-Gram Model,UNRESOLVED,candidate_84676fb80b4f9044bfa206d8,A,mô hình Skip-Gram,RECORDED_PIPELINE_OUTPUT,,,,,,ctx_7ab8e2d37def67d0148f52d5|ctx_bfaedeed2ce02517e3497cb8|ctx_9afa421e80e79b49583f6bb8|ctx_0cbd6b544c567ce5e0d6a15e,,,
d2lce_9cee0f2f668259a2568b89f4,d2lce_9cee0f2f668259a2568b89f4,development,Skip-Gram Model,UNRESOLVED,candidate_ab813adfb4fba7d28e3d89dc,B,skip-gram models,RECORDED_PIPELINE_OUTPUT,,,,,,ctx_7ab8e2d37def67d0148f52d5|ctx_bfaedeed2ce02517e3497cb8|ctx_9afa421e80e79b49583f6bb8|ctx_0cbd6b544c567ce5e0d6a15e,,,
d2lce_9cee0f2f668259a2568b89f4,d2lce_9cee0f2f668259a2568b89f4,development,Skip-Gram Model,UNRESOLVED,candidate_ead91fdc98214e79c4a1c16c,C,mô hình gram bỏ qua,MODEL_PROPOSAL,,,,,,ctx_7ab8e2d37def67d0148f52d5|ctx_bfaedeed2ce02517e3497cb8|ctx_9afa421e80e79b49583f6bb8|ctx_0cbd6b544c567ce5e0d6a15e,,,
d2lce_9e5c3dd254843c7ec95d4960,d2lce_9e5c3dd254843c7ec95d4960,development,unknown token,UNRESOLVED,candidate_442c9862967cd388995820b7,A,mã thông báo không xác định,RECORDED_PIPELINE_OUTPUT,,,,,,ctx_ea66b3ce575e4204be2d5f9e|ctx_c9714080bd2e308c662b5227|ctx_086aada07e0f520a618cc583,,,
d2lce_9e5c3dd254843c7ec95d4960,d2lce_9e5c3dd254843c7ec95d4960,development,unknown token,UNRESOLVED,candidate_e0afe82dcb9c50999613c2da,B,token không xác định,MODEL_PROPOSAL,,,,,,ctx_ea66b3ce575e4204be2d5f9e|ctx_c9714080bd2e308c662b5227|ctx_086aada07e0f520a618cc583,,,
d2lce_9e5c3dd254843c7ec95d4960,d2lce_9e5c3dd254843c7ec95d4960,development,unknown token,UNRESOLVED,candidate_c8591888bdba791b29d08631,C,mã thông báo unk,MODEL_PROPOSAL,,,,,,ctx_ea66b3ce575e4204be2d5f9e|ctx_c9714080bd2e308c662b5227|ctx_086aada07e0f520a618cc583,,,
d2lce_a1d9f9c783c09cc52dedbe55,d2lce_a1d9f9c783c09cc52dedbe55,development,likelihood,UNRESOLVED,candidate_ef8a0006513924d4522f36c3,A,khả năng xảy ra,RECORDED_PIPELINE_OUTPUT,,,,,,ctx_d8e44ad4ce4225eacb553a6a|ctx_2c4ae473914607dda7f7837f|ctx_6d80c41ae40afac77df593a2|ctx_a28361adfa9c45838015504f,,,
d2lce_a1d9f9c783c09cc52dedbe55,d2lce_a1d9f9c783c09cc52dedbe55,development,likelihood,UNRESOLVED,candidate_51f291c21630ec5540a510b7,B,xác suất,MODEL_PROPOSAL,,,,,,ctx_d8e44ad4ce4225eacb553a6a|ctx_2c4ae473914607dda7f7837f|ctx_6d80c41ae40afac77df593a2|ctx_a28361adfa9c45838015504f,,,
d2lce_a1d9f9c783c09cc52dedbe55,d2lce_a1d9f9c783c09cc52dedbe55,development,likelihood,UNRESOLVED,candidate_f9a07c690a5dd135aee96e86,C,độ khả dĩ,MODEL_PROPOSAL,,,,,,ctx_d8e44ad4ce4225eacb553a6a|ctx_2c4ae473914607dda7f7837f|ctx_6d80c41ae40afac77df593a2|ctx_a28361adfa9c45838015504f,,,
d2lce_a3e7228aef125ec437a840fa,d2lce_a3e7228aef125ec437a840fa,development,weighted average,UNRESOLVED,candidate_d359dc2a82a6fe389df22095,A,trung bình có trọng số,RECORDED_PIPELINE_OUTPUT,,,,,,ctx_6bf957c26c6e143256cdd035|ctx_07d0a92774325109338bead5|ctx_8e04ca81f5cd4758904ce28b|ctx_2b750c7f5d33f647672795c7,,,
d2lce_a3e7228aef125ec437a840fa,d2lce_a3e7228aef125ec437a840fa,development,weighted average,UNRESOLVED,candidate_3ed437c3125cf26dac5ddbfe,B,giá trị trung bình có trọng số,MODEL_PROPOSAL,,,,,,ctx_6bf957c26c6e143256cdd035|ctx_07d0a92774325109338bead5|ctx_8e04ca81f5cd4758904ce28b|ctx_2b750c7f5d33f647672795c7,,,
d2lce_a3e7228aef125ec437a840fa,d2lce_a3e7228aef125ec437a840fa,development,weighted average,UNRESOLVED,candidate_2b39163969bf179e70624527,C,trung bình trọng số,MODEL_PROPOSAL,,,,,,ctx_6bf957c26c6e143256cdd035|ctx_07d0a92774325109338bead5|ctx_8e04ca81f5cd4758904ce28b|ctx_2b750c7f5d33f647672795c7,,,
d2lce_a47c0fa6efae6f5b3c950575,d2lce_a47c0fa6efae6f5b3c950575,development,Update Gate,UNRESOLVED,candidate_caa2f60f91cb60dfb4b93aac,A,cổng cập nhật,RECORDED_PIPELINE_OUTPUT,,,,,,ctx_91acf4e9a95c2577a48f754e|ctx_d739879531fc4668a9d14f93|ctx_57c90277e1fd8433f386654b,,,
d2lce_a47c0fa6efae6f5b3c950575,d2lce_a47c0fa6efae6f5b3c950575,development,Update Gate,UNRESOLVED,candidate_7f216b7765bd2cbc832d1915,B,các cổng cập nhật,RECORDED_PIPELINE_OUTPUT,,,,,,ctx_91acf4e9a95c2577a48f754e|ctx_d739879531fc4668a9d14f93|ctx_57c90277e1fd8433f386654b,,,
d2lce_a47c0fa6efae6f5b3c950575,d2lce_a47c0fa6efae6f5b3c950575,development,Update Gate,UNRESOLVED,candidate_8e40defb0ddcbf47a52ff506,C,cổng cập nhật trạng thái,MODEL_PROPOSAL,,,,,,ctx_91acf4e9a95c2577a48f754e|ctx_d739879531fc4668a9d14f93|ctx_57c90277e1fd8433f386654b,,,
d2lce_a5537c415bcbe54cdd82a669,d2lce_a5537c415bcbe54cdd82a669,development,Label Shift,UNRESOLVED,candidate_3d995a54cc087607eaf01a92,A,dịch chuyển nhãn,RECORDED_PIPELINE_OUTPUT,,,,,,ctx_fb69017e7a227340fe43b097|ctx_2d01370b0dfb51002ecac107|ctx_e46954f1823711a2d1112200,,,
d2lce_a5537c415bcbe54cdd82a669,d2lce_a5537c415bcbe54cdd82a669,development,Label Shift,UNRESOLVED,candidate_b904307ea989cd8013dbf486,B,sự dịch chuyển nhãn,MODEL_PROPOSAL,,,,,,ctx_fb69017e7a227340fe43b097|ctx_2d01370b0dfb51002ecac107|ctx_e46954f1823711a2d1112200,,,
d2lce_a5537c415bcbe54cdd82a669,d2lce_a5537c415bcbe54cdd82a669,development,Label Shift,UNRESOLVED,candidate_77337c2afc11c9a3ffb315a2,C,lệch phân bố nhãn,MODEL_PROPOSAL,,,,,,ctx_fb69017e7a227340fe43b097|ctx_2d01370b0dfb51002ecac107|ctx_e46954f1823711a2d1112200,,,
d2lce_a7105fea7b2b3447548b6d7a,d2lce_a7105fea7b2b3447548b6d7a,development,language model,UNRESOLVED,candidate_a81278dac2e0b277bca39fe1,A,mô hình ngôn ngữ,RECORDED_PIPELINE_OUTPUT,,,,,,ctx_33631d6a969125ba846d82b3|ctx_aff4cfc9f37da2ffa5e529e9|ctx_c20a0ec2bc47e48846e7ed5b|ctx_0d8072fac44a71369c278f26,,,
d2lce_a7105fea7b2b3447548b6d7a,d2lce_a7105fea7b2b3447548b6d7a,development,language model,UNRESOLVED,candidate_22ed6da76adef4e28e485cf7,B,các mô hình ngôn ngữ,RECORDED_PIPELINE_OUTPUT,,,,,,ctx_33631d6a969125ba846d82b3|ctx_aff4cfc9f37da2ffa5e529e9|ctx_c20a0ec2bc47e48846e7ed5b|ctx_0d8072fac44a71369c278f26,,,
d2lce_a7105fea7b2b3447548b6d7a,d2lce_a7105fea7b2b3447548b6d7a,development,language model,UNRESOLVED,candidate_a7caff49dfb2e8ec2d7513bc,C,mô hình ngôn ngữ học,MODEL_PROPOSAL,,,,,,ctx_33631d6a969125ba846d82b3|ctx_aff4cfc9f37da2ffa5e529e9|ctx_c20a0ec2bc47e48846e7ed5b|ctx_0d8072fac44a71369c278f26,,,
d2lce_abae8f75b732ffe9c8a965c0,d2lce_abae8f75b732ffe9c8a965c0,development,nonvolitional cue,UNRESOLVED,candidate_1e21f3a6cb68e9e29131084b,A,tín hiệu không tự nguyện,RECORDED_PIPELINE_OUTPUT,,,,,,ctx_d4a06af98b28daa12e898464|ctx_1078723c87f441d3c978087a|ctx_6e3c3388630aea54771ba51c|ctx_d3cdd3abd54093da62a2cc19,,,
d2lce_abae8f75b732ffe9c8a965c0,d2lce_abae8f75b732ffe9c8a965c0,development,nonvolitional cue,UNRESOLVED,candidate_1e65e9f6e3b5eec5b035422f,B,các tín hiệu không tự nguyện,RECORDED_PIPELINE_OUTPUT,,,,,,ctx_d4a06af98b28daa12e898464|ctx_1078723c87f441d3c978087a|ctx_6e3c3388630aea54771ba51c|ctx_d3cdd3abd54093da62a2cc19,,,
d2lce_abae8f75b732ffe9c8a965c0,d2lce_abae8f75b732ffe9c8a965c0,development,nonvolitional cue,UNRESOLVED,candidate_7c47d4c4b4cb12406c99bd23,C,dấu hiệu không tự nguyện,MODEL_PROPOSAL,,,,,,ctx_d4a06af98b28daa12e898464|ctx_1078723c87f441d3c978087a|ctx_6e3c3388630aea54771ba51c|ctx_d3cdd3abd54093da62a2cc19,,,
d2lce_ad03ff147d19eb2ea47d5b0e,d2lce_ad03ff147d19eb2ea47d5b0e,development,volitional cue,UNRESOLVED,candidate_b76cfb612cc0ead2ff5802fe,A,tín hiệu tự nguyện,RECORDED_PIPELINE_OUTPUT,,,,,,ctx_6733f9355787febdfa53f095,,,
d2lce_ad03ff147d19eb2ea47d5b0e,d2lce_ad03ff147d19eb2ea47d5b0e,development,volitional cue,UNRESOLVED,candidate_4016a32093a8521e09d53515,B,các tín hiệu tự nguyện,RECORDED_PIPELINE_OUTPUT,,,,,,ctx_6733f9355787febdfa53f095,,,
d2lce_ad03ff147d19eb2ea47d5b0e,d2lce_ad03ff147d19eb2ea47d5b0e,development,volitional cue,UNRESOLVED,candidate_ee99c1193edcd4cbbbbe7c57,C,tín hiệu chủ ý,MODEL_PROPOSAL,,,,,,ctx_6733f9355787febdfa53f095,,,
d2lce_ad0d7cbd5f90ad33075e89aa,d2lce_ad0d7cbd5f90ad33075e89aa,development,R-CNN,UNRESOLVED,candidate_bb742147b7734cbc775103a0,A,R-CNN,RECORDED_PIPELINE_OUTPUT,,,,,,ctx_04626b072f9bfbcc966fac5c|ctx_82a716f88498c45284012fbc,,,
d2lce_ad0d7cbd5f90ad33075e89aa,d2lce_ad0d7cbd5f90ad33075e89aa,development,R-CNN,UNRESOLVED,candidate_c99f76ddbef2797f9cb0c038,B,R-CNNs,RECORDED_PIPELINE_OUTPUT,,,,,,ctx_04626b072f9bfbcc966fac5c|ctx_82a716f88498c45284012fbc,,,
d2lce_ad0d7cbd5f90ad33075e89aa,d2lce_ad0d7cbd5f90ad33075e89aa,development,R-CNN,UNRESOLVED,candidate_4e3e4afa8f5bcaeceb07adf7,C,mạng R-CNN dựa trên vùng,MODEL_PROPOSAL,,,,,,ctx_04626b072f9bfbcc966fac5c|ctx_82a716f88498c45284012fbc,,,
d2lce_ad13d119a140210b487eeb9c,d2lce_ad13d119a140210b487eeb9c,test,biases,UNRESOLVED,candidate_69b079991e8fcd6350d73731,A,các độ lệch,RECORDED_PIPELINE_OUTPUT,,,,,,ctx_8220d3cebdb8d8496afc7dec,,,
d2lce_ad13d119a140210b487eeb9c,d2lce_ad13d119a140210b487eeb9c,test,biases,UNRESOLVED,candidate_38d35100e10f3a4b5d1e11d8,B,các hệ số chệch,MODEL_PROPOSAL,,,,,,ctx_8220d3cebdb8d8496afc7dec,,,
d2lce_ad13d119a140210b487eeb9c,d2lce_ad13d119a140210b487eeb9c,test,biases,UNRESOLVED,candidate_89160b8041aad0912b0d4a9c,C,các tham số chệch,MODEL_PROPOSAL,,,,,,ctx_8220d3cebdb8d8496afc7dec,,,
d2lce_addfcc9899bef06c500b6b0e,d2lce_addfcc9899bef06c500b6b0e,development,momentum,UNRESOLVED,candidate_9a71121fcd6518d56de52f9c,A,động lượng,RECORDED_PIPELINE_OUTPUT,,,,,,ctx_d437426b9a49d27a6fb2a2c3|ctx_3630463c4fd1b1974674bd51|ctx_06f4771cf594f1bbed3246e8,,,
d2lce_addfcc9899bef06c500b6b0e,d2lce_addfcc9899bef06c500b6b0e,development,momentum,UNRESOLVED,candidate_c4098f5a8e773ca3b59a1154,B,hệ số động lượng,MODEL_PROPOSAL,,,,,,ctx_d437426b9a49d27a6fb2a2c3|ctx_3630463c4fd1b1974674bd51|ctx_06f4771cf594f1bbed3246e8,,,
d2lce_addfcc9899bef06c500b6b0e,d2lce_addfcc9899bef06c500b6b0e,development,momentum,UNRESOLVED,candidate_258ae1b90d8613e645cd9e20,C,tham số động lượng,MODEL_PROPOSAL,,,,,,ctx_d437426b9a49d27a6fb2a2c3|ctx_3630463c4fd1b1974674bd51|ctx_06f4771cf594f1bbed3246e8,,,
d2lce_b0fd0234a2a3049734e8011c,d2lce_b0fd0234a2a3049734e8011c,test,population,UNRESOLVED,candidate_be985e3c7c579daeb1b1c73e,A,tổng thể,RECORDED_PIPELINE_OUTPUT,,,,,,ctx_004cf67c0773c334bdf33ee0,,,
d2lce_b0fd0234a2a3049734e8011c,d2lce_b0fd0234a2a3049734e8011c,test,population,UNRESOLVED,candidate_107340fb3ba4bc58c61aee2b,B,quần thể,MODEL_PROPOSAL,,,,,,ctx_004cf67c0773c334bdf33ee0,,,
d2lce_b0fd0234a2a3049734e8011c,d2lce_b0fd0234a2a3049734e8011c,test,population,UNRESOLVED,candidate_4dacce247ed8a6f37dd2bd57,C,toàn bộ tập hợp,MODEL_PROPOSAL,,,,,,ctx_004cf67c0773c334bdf33ee0,,,
d2lce_b5d6207f8142a696435e27e0,d2lce_b5d6207f8142a696435e27e0,development,Statistical Bias,UNRESOLVED,candidate_e8a3d7f77800eb338ae98737,A,độ chệch thống kê,RECORDED_PIPELINE_OUTPUT,,,,,,ctx_562aba8242b13a890c3a0d27|ctx_759986abc69fc46f3dc20bba|ctx_98e49b6d58da3c32d077b667,,,
d2lce_b5d6207f8142a696435e27e0,d2lce_b5d6207f8142a696435e27e0,development,Statistical Bias,UNRESOLVED,candidate_ff9079b41ee9631b1f9c4fa8,B,sai lệch thống kê,MODEL_PROPOSAL,,,,,,ctx_562aba8242b13a890c3a0d27|ctx_759986abc69fc46f3dc20bba|ctx_98e49b6d58da3c32d077b667,,,
d2lce_b5d6207f8142a696435e27e0,d2lce_b5d6207f8142a696435e27e0,development,Statistical Bias,UNRESOLVED,candidate_de988b9eae208cb32df15157,C,độ chệch của ước lượng,MODEL_PROPOSAL,,,,,,ctx_562aba8242b13a890c3a0d27|ctx_759986abc69fc46f3dc20bba|ctx_98e49b6d58da3c32d077b667,,,
d2lce_b63485c15ac13f80b0d98676,d2lce_b63485c15ac13f80b0d98676,development,transposed convolutional layer,UNRESOLVED,candidate_89964d727dadf926accba669,A,lớp tích chập chuyển vị,RECORDED_PIPELINE_OUTPUT,,,,,,ctx_700b11b81ca2e72692a5a10b|ctx_9b15a3bec2eb4c48b77389f6|ctx_8d6f6ef23f8bdcf7a45e53a7|ctx_c31c40505234fb275a371e68,,,
d2lce_b63485c15ac13f80b0d98676,d2lce_b63485c15ac13f80b0d98676,development,transposed convolutional layer,UNRESOLVED,candidate_359a4b4dd86c49121a816fde,B,các lớp tích chập chuyển vị,RECORDED_PIPELINE_OUTPUT,,,,,,ctx_700b11b81ca2e72692a5a10b|ctx_9b15a3bec2eb4c48b77389f6|ctx_8d6f6ef23f8bdcf7a45e53a7|ctx_c31c40505234fb275a371e68,,,
d2lce_b63485c15ac13f80b0d98676,d2lce_b63485c15ac13f80b0d98676,development,transposed convolutional layer,UNRESOLVED,candidate_86faacf2fd5a8b76c806b607,C,lớp tích chập đảo,MODEL_PROPOSAL,,,,,,ctx_700b11b81ca2e72692a5a10b|ctx_9b15a3bec2eb4c48b77389f6|ctx_8d6f6ef23f8bdcf7a45e53a7|ctx_c31c40505234fb275a371e68,,,
d2lce_b85d9a7a642afee03175796f,d2lce_b85d9a7a642afee03175796f,development,sequence data,UNRESOLVED,candidate_1b9d8dd18e89ebf99307b4d9,A,dữ liệu chuỗi,RECORDED_PIPELINE_OUTPUT,,,,,,ctx_48778feb4f6b4e043ea02087,,,
d2lce_b85d9a7a642afee03175796f,d2lce_b85d9a7a642afee03175796f,development,sequence data,UNRESOLVED,candidate_a40d471ec1c8f509b061a3cf,B,dữ liệu dạng chuỗi,MODEL_PROPOSAL,,,,,,ctx_48778feb4f6b4e043ea02087,,,
d2lce_b85d9a7a642afee03175796f,d2lce_b85d9a7a642afee03175796f,development,sequence data,UNRESOLVED,candidate_8c329ecbb2c016be2e277867,C,dữ liệu theo trình tự,MODEL_PROPOSAL,,,,,,ctx_48778feb4f6b4e043ea02087,,,
d2lce_b967af36e17c22a478eaed6d,d2lce_b967af36e17c22a478eaed6d,test,padding tokens,UNRESOLVED,candidate_6f158bf9b8a00d455e4d571e,A,token đệm,RECORDED_PIPELINE_OUTPUT,,,,,,ctx_be96ec1f7ec2e0237f326eab|ctx_05cde72313ed2987ab19ac0d|ctx_92a3a25f66c701ea53cc38e8,,,
d2lce_b967af36e17c22a478eaed6d,d2lce_b967af36e17c22a478eaed6d,test,padding tokens,UNRESOLVED,candidate_6fa487059dbe4a4caba19028,B,token chèn đệm,MODEL_PROPOSAL,,,,,,ctx_be96ec1f7ec2e0237f326eab|ctx_05cde72313ed2987ab19ac0d|ctx_92a3a25f66c701ea53cc38e8,,,
d2lce_b967af36e17c22a478eaed6d,d2lce_b967af36e17c22a478eaed6d,test,padding tokens,UNRESOLVED,candidate_f1fd40a97e2d851c723b1aeb,C,mã thông báo đệm,MODEL_PROPOSAL,,,,,,ctx_be96ec1f7ec2e0237f326eab|ctx_05cde72313ed2987ab19ac0d|ctx_92a3a25f66c701ea53cc38e8,,,
d2lce_bb2aa6e567ff5ce9563e209b,d2lce_bb2aa6e567ff5ce9563e209b,validation,binary classification,UNRESOLVED,candidate_4f5920c7d4c4adeaf9680aca,A,phân loại nhị phân,RECORDED_PIPELINE_OUTPUT,,,,,,ctx_fd7b1833cfe32e71286ed088|ctx_3ac83e193e5c8c27fd8e98a3,,,
d2lce_bb2aa6e567ff5ce9563e209b,d2lce_bb2aa6e567ff5ce9563e209b,validation,binary classification,UNRESOLVED,candidate_c783960dae54a5626c19c661,B,phép phân loại nhị phân,MODEL_PROPOSAL,,,,,,ctx_fd7b1833cfe32e71286ed088|ctx_3ac83e193e5c8c27fd8e98a3,,,
d2lce_bb2aa6e567ff5ce9563e209b,d2lce_bb2aa6e567ff5ce9563e209b,validation,binary classification,UNRESOLVED,candidate_bdfbf000d445aae9acfa9956,C,bài toán phân loại hai lớp,MODEL_PROPOSAL,,,,,,ctx_fd7b1833cfe32e71286ed088|ctx_3ac83e193e5c8c27fd8e98a3,,,
d2lce_bbf89ef89c96205886255dcf,d2lce_bbf89ef89c96205886255dcf,validation,matrix factorization,UNRESOLVED,candidate_07e5276cb7df926ffd6ae459,A,phân rã ma trận,RECORDED_PIPELINE_OUTPUT,,,,,,ctx_85322039ea0d616c001b09d4|ctx_76456008737e2fa2778ac72c|ctx_a65e2f61252cb7f76af3a6db|ctx_a9b72a28dee34e2910a4ca47,,,
d2lce_bbf89ef89c96205886255dcf,d2lce_bbf89ef89c96205886255dcf,validation,matrix factorization,UNRESOLVED,candidate_1c8d9c71a9923bcad7400382,B,mô hình phân tích nhân tố ma trận,MODEL_PROPOSAL,,,,,,ctx_85322039ea0d616c001b09d4|ctx_76456008737e2fa2778ac72c|ctx_a65e2f61252cb7f76af3a6db|ctx_a9b72a28dee34e2910a4ca47,,,
d2lce_bbf89ef89c96205886255dcf,d2lce_bbf89ef89c96205886255dcf,validation,matrix factorization,UNRESOLVED,candidate_9269691f4baf4902c7a080e6,C,mô hình nhân tố ẩn ma trận,MODEL_PROPOSAL,,,,,,ctx_85322039ea0d616c001b09d4|ctx_76456008737e2fa2778ac72c|ctx_a65e2f61252cb7f76af3a6db|ctx_a9b72a28dee34e2910a4ca47,,,
d2lce_bc240ce7b3e0abeb18f82a6b,d2lce_bc240ce7b3e0abeb18f82a6b,development,sensory input,UNRESOLVED,candidate_9a03ad11e5045350f8d07464,A,đầu vào cảm giác,RECORDED_PIPELINE_OUTPUT,,,,,,ctx_718ca2aa7353cfe6ec7be41e|ctx_a3dea1caaff77f50a3d722b3|ctx_84826f7dac9a86c191985d21|ctx_5116b5fdf318003ffedaf8df|ctx_c118b6fc83c7f0f86f025bbe|ctx_cc74ec1d4759c01b8c2aeb02|ctx_f2f9bdd4c1c0ac5391f9f713|ctx_94ce02b7241c9ce39ca2bbb4,,,
d2lce_bc240ce7b3e0abeb18f82a6b,d2lce_bc240ce7b3e0abeb18f82a6b,development,sensory input,UNRESOLVED,candidate_b675b3118e82ba952895773b,B,các giá trị,RECORDED_PIPELINE_OUTPUT,,,,,,ctx_718ca2aa7353cfe6ec7be41e|ctx_a3dea1caaff77f50a3d722b3|ctx_84826f7dac9a86c191985d21|ctx_5116b5fdf318003ffedaf8df|ctx_c118b6fc83c7f0f86f025bbe|ctx_cc74ec1d4759c01b8c2aeb02|ctx_f2f9bdd4c1c0ac5391f9f713|ctx_94ce02b7241c9ce39ca2bbb4,,,
d2lce_bc240ce7b3e0abeb18f82a6b,d2lce_bc240ce7b3e0abeb18f82a6b,development,sensory input,UNRESOLVED,candidate_dc819ff76a065a3e5d301f3e,C,các đầu vào cảm giác,RECORDED_PIPELINE_OUTPUT,,,,,,ctx_718ca2aa7353cfe6ec7be41e|ctx_a3dea1caaff77f50a3d722b3|ctx_84826f7dac9a86c191985d21|ctx_5116b5fdf318003ffedaf8df|ctx_c118b6fc83c7f0f86f025bbe|ctx_cc74ec1d4759c01b8c2aeb02|ctx_f2f9bdd4c1c0ac5391f9f713|ctx_94ce02b7241c9ce39ca2bbb4,,,
d2lce_bee01b92f7b0b02cc1d77bd7,d2lce_bee01b92f7b0b02cc1d77bd7,development,second derivative,UNRESOLVED,candidate_1fca78c2281063feadbc7e87,A,đạo hàm bậc hai,RECORDED_PIPELINE_OUTPUT,,,,,,ctx_4a0757f79d783bf9dfd3591b|ctx_8a430806097a3e11f597ee65|ctx_48009dd3fb027cf7c0d50839,,,
d2lce_bee01b92f7b0b02cc1d77bd7,d2lce_bee01b92f7b0b02cc1d77bd7,development,second derivative,UNRESOLVED,candidate_735215132a1187ec325e5917,B,đạo hàm cấp hai,MODEL_PROPOSAL,,,,,,ctx_4a0757f79d783bf9dfd3591b|ctx_8a430806097a3e11f597ee65|ctx_48009dd3fb027cf7c0d50839,,,
d2lce_bee01b92f7b0b02cc1d77bd7,d2lce_bee01b92f7b0b02cc1d77bd7,development,second derivative,UNRESOLVED,candidate_d7fd3df143ca32fc903d298f,C,đạo hàm lần hai,MODEL_PROPOSAL,,,,,,ctx_4a0757f79d783bf9dfd3591b|ctx_8a430806097a3e11f597ee65|ctx_48009dd3fb027cf7c0d50839,,,
d2lce_c01c503b792019c6e3827ac0,d2lce_c01c503b792019c6e3827ac0,validation,interaction matrix,UNRESOLVED,candidate_8d1002a82a03b20982928d5a,A,ma trận tương tác,RECORDED_PIPELINE_OUTPUT,,,,,,ctx_5565f012ff929a17a39b50a3|ctx_7288cb7b7bb4df7b76d25aeb,,,
d2lce_c01c503b792019c6e3827ac0,d2lce_c01c503b792019c6e3827ac0,validation,interaction matrix,UNRESOLVED,candidate_3a2246627a7624c8d1d58bce,B,ma trận tương tác người-mục,MODEL_PROPOSAL,,,,,,ctx_5565f012ff929a17a39b50a3|ctx_7288cb7b7bb4df7b76d25aeb,,,
d2lce_c01c503b792019c6e3827ac0,d2lce_c01c503b792019c6e3827ac0,validation,interaction matrix,UNRESOLVED,candidate_bf03c5fe1fcc088419aae681,C,ma trận tương tác người-dùng–mặt-hàng,MODEL_PROPOSAL,,,,,,ctx_5565f012ff929a17a39b50a3|ctx_7288cb7b7bb4df7b76d25aeb,,,
d2lce_c343a692fe9bdfdabefe7687,d2lce_c343a692fe9bdfdabefe7687,development,maximum pooling layer,UNRESOLVED,candidate_30ed44bf438e894212465762,A,lớp gộp cực đại,RECORDED_PIPELINE_OUTPUT,,,,,,ctx_801d83970e9b56293ca7ce56|ctx_5e90143b3f597bea613c706a|ctx_ac295765755512cf5030affb,,,
d2lce_c343a692fe9bdfdabefe7687,d2lce_c343a692fe9bdfdabefe7687,development,maximum pooling layer,UNRESOLVED,candidate_b06820e7f0b3dc83367e0da1,B,lớp gộp lấy giá trị lớn nhất,MODEL_PROPOSAL,,,,,,ctx_801d83970e9b56293ca7ce56|ctx_5e90143b3f597bea613c706a|ctx_ac295765755512cf5030affb,,,
d2lce_c343a692fe9bdfdabefe7687,d2lce_c343a692fe9bdfdabefe7687,development,maximum pooling layer,UNRESOLVED,candidate_764d27a5eb732057663fc408,C,lớp pooling cực đại,MODEL_PROPOSAL,,,,,,ctx_801d83970e9b56293ca7ce56|ctx_5e90143b3f597bea613c706a|ctx_ac295765755512cf5030affb,,,
d2lce_c3c46748b1a49e32c07ca9d7,d2lce_c3c46748b1a49e32c07ca9d7,development,iteration,UNRESOLVED,candidate_ca6f97e2104b4ae801ac295c,A,lần lặp,RECORDED_PIPELINE_OUTPUT,,,,,,ctx_42da1c5cbf75c04eb158271d|ctx_92458627d052b6a13dbc26f4|ctx_ccb879141ca0cea21709bd26|ctx_490d42eed993591209b3f212,,,
d2lce_c3c46748b1a49e32c07ca9d7,d2lce_c3c46748b1a49e32c07ca9d7,development,iteration,UNRESOLVED,candidate_b4b69605232ebe7b91d7cd38,B,quá trình lặp,RECORDED_PIPELINE_OUTPUT,,,,,,ctx_42da1c5cbf75c04eb158271d|ctx_92458627d052b6a13dbc26f4|ctx_ccb879141ca0cea21709bd26|ctx_490d42eed993591209b3f212,,,
d2lce_c3c46748b1a49e32c07ca9d7,d2lce_c3c46748b1a49e32c07ca9d7,development,iteration,UNRESOLVED,candidate_61b91dc620b5705893dad66a,C,bước lặp,MODEL_PROPOSAL,,,,,,ctx_42da1c5cbf75c04eb158271d|ctx_92458627d052b6a13dbc26f4|ctx_ccb879141ca0cea21709bd26|ctx_490d42eed993591209b3f212,,,
d2lce_c47822c187c02e12aa499ec6,d2lce_c47822c187c02e12aa499ec6,test,distribution,UNRESOLVED,candidate_8cae61d094dc42a30dd59539,A,phân phối,RECORDED_PIPELINE_OUTPUT,,,,,,ctx_2606fc94edd8ad29a05c47bb|ctx_22ee6c085ab714120f38865d|ctx_4110fd6b0cfb72d128594a20,,,
d2lce_c47822c187c02e12aa499ec6,d2lce_c47822c187c02e12aa499ec6,test,distribution,UNRESOLVED,candidate_458c877c2569219aa7027469,B,phân bố,RECORDED_PIPELINE_OUTPUT,,,,,,ctx_2606fc94edd8ad29a05c47bb|ctx_22ee6c085ab714120f38865d|ctx_4110fd6b0cfb72d128594a20,,,
d2lce_c47822c187c02e12aa499ec6,d2lce_c47822c187c02e12aa499ec6,test,distribution,UNRESOLVED,candidate_02677645b1dfd00b87c3c92c,C,phân phối xác suất,MODEL_PROPOSAL,,,,,,ctx_2606fc94edd8ad29a05c47bb|ctx_22ee6c085ab714120f38865d|ctx_4110fd6b0cfb72d128594a20,,,
d2lce_c4e87e5ee47d3e26ba618290,d2lce_c4e87e5ee47d3e26ba618290,development,convolutional neural networks,UNRESOLVED,candidate_1d87249fc333e16518d19db4,A,mạng nơ-ron tích chập,RECORDED_PIPELINE_OUTPUT,,,,,,ctx_7d255ebc2d354c8e85c00cb4|ctx_ffd36cb1d841c0421cbd90cc,,,
d2lce_c4e87e5ee47d3e26ba618290,d2lce_c4e87e5ee47d3e26ba618290,development,convolutional neural networks,UNRESOLVED,candidate_0b086e82c491048443425a46,B,các CNN,RECORDED_PIPELINE_OUTPUT,,,,,,ctx_7d255ebc2d354c8e85c00cb4|ctx_ffd36cb1d841c0421cbd90cc,,,
d2lce_c4e87e5ee47d3e26ba618290,d2lce_c4e87e5ee47d3e26ba618290,development,convolutional neural networks,UNRESOLVED,candidate_0ee512c785ee4d98c9c558dc,C,các mạng nơ-ron tích chập,MODEL_PROPOSAL,,,,,,ctx_7d255ebc2d354c8e85c00cb4|ctx_ffd36cb1d841c0421cbd90cc,,,
d2lce_c6b4477a845e2e0e0e02f088,d2lce_c6b4477a845e2e0e0e02f088,development,output gate,UNRESOLVED,candidate_53d82847c792e05a168ce72e,A,cổng đầu ra,RECORDED_PIPELINE_OUTPUT,,,,,,ctx_044bf29b52339083b6accce1|ctx_df998c3c68076fd4dfeea859,,,
d2lce_c6b4477a845e2e0e0e02f088,d2lce_c6b4477a845e2e0e0e02f088,development,output gate,UNRESOLVED,candidate_cfd5638007633bf28dbcd24c,B,cổng xuất,MODEL_PROPOSAL,,,,,,ctx_044bf29b52339083b6accce1|ctx_df998c3c68076fd4dfeea859,,,
d2lce_c6b4477a845e2e0e0e02f088,d2lce_c6b4477a845e2e0e0e02f088,development,output gate,UNRESOLVED,candidate_7777b315af84852fc15da7b4,C,cổng điều khiển đầu ra,MODEL_PROPOSAL,,,,,,ctx_044bf29b52339083b6accce1|ctx_df998c3c68076fd4dfeea859,,,
d2lce_c6c1c6e96c39b88a9f94e8d9,d2lce_c6c1c6e96c39b88a9f94e8d9,development,input gate,UNRESOLVED,candidate_122cf2846721613042bbc36c,A,cổng đầu vào,RECORDED_PIPELINE_OUTPUT,,,,,,ctx_ef08148c1866b77ae7d4ed7f|ctx_55d21390aec0ff7a7336858a|ctx_a7c81a70b68bbf602ecfbeab|ctx_6c0d6d0d558005aaf9be6fc3,,,
d2lce_c6c1c6e96c39b88a9f94e8d9,d2lce_c6c1c6e96c39b88a9f94e8d9,development,input gate,UNRESOLVED,candidate_ef1b5a0693c5a2a06c8d894b,B,các cổng đầu vào,RECORDED_PIPELINE_OUTPUT,,,,,,ctx_ef08148c1866b77ae7d4ed7f|ctx_55d21390aec0ff7a7336858a|ctx_a7c81a70b68bbf602ecfbeab|ctx_6c0d6d0d558005aaf9be6fc3,,,
d2lce_c6c1c6e96c39b88a9f94e8d9,d2lce_c6c1c6e96c39b88a9f94e8d9,development,input gate,UNRESOLVED,candidate_617eda7ff1b327bb29e87721,C,một cổng đầu vào,MODEL_PROPOSAL,,,,,,ctx_ef08148c1866b77ae7d4ed7f|ctx_55d21390aec0ff7a7336858a|ctx_a7c81a70b68bbf602ecfbeab|ctx_6c0d6d0d558005aaf9be6fc3,,,
d2lce_c6d5679eb20ff0719dfc35b2,d2lce_c6d5679eb20ff0719dfc35b2,development,SSD,UNRESOLVED,candidate_811346453db4d899687a814f,A,SSD,RECORDED_PIPELINE_OUTPUT,,,,,,ctx_0b0937e42c26b6b23b5692f4|ctx_f4c012def8b4623e96d4ac12|ctx_12113aa551b0b7a0b905e6bf,,,
d2lce_c6d5679eb20ff0719dfc35b2,d2lce_c6d5679eb20ff0719dfc35b2,development,SSD,UNRESOLVED,candidate_5a216a62cfc0927b6616aa85,B,ổ cứng thể rắn,MODEL_PROPOSAL,,,,,,ctx_0b0937e42c26b6b23b5692f4|ctx_f4c012def8b4623e96d4ac12|ctx_12113aa551b0b7a0b905e6bf,,,
d2lce_c6d5679eb20ff0719dfc35b2,d2lce_c6d5679eb20ff0719dfc35b2,development,SSD,UNRESOLVED,candidate_161098655c2dafa4b87eb1df,C,ổ lưu trữ SSD,MODEL_PROPOSAL,,,,,,ctx_0b0937e42c26b6b23b5692f4|ctx_f4c012def8b4623e96d4ac12|ctx_12113aa551b0b7a0b905e6bf,,,
d2lce_c9e2beab505998c5b3b560b5,d2lce_c9e2beab505998c5b3b560b5,test,risk,UNRESOLVED,candidate_2af7833fbaef603fbea0babc,A,rủi ro,RECORDED_PIPELINE_OUTPUT,,,,,,ctx_09d73755e2ce9336c387813d,,,
d2lce_c9e2beab505998c5b3b560b5,d2lce_c9e2beab505998c5b3b560b5,test,risk,UNRESOLVED,candidate_51830c0a3662ffb396b9ab88,B,sai số khái quát hóa,RECORDED_PIPELINE_OUTPUT,,,,,,ctx_09d73755e2ce9336c387813d,,,
d2lce_c9e2beab505998c5b3b560b5,d2lce_c9e2beab505998c5b3b560b5,test,risk,UNRESOLVED,candidate_e3e4a5d8653b8d51b2de35a8,C,tổn thất kỳ vọng,MODEL_PROPOSAL,,,,,,ctx_09d73755e2ce9336c387813d,,,
d2lce_ca2ca961829e131bbc0fd92b,d2lce_ca2ca961829e131bbc0fd92b,development,Entailment,UNRESOLVED,candidate_498a0f3be4fbd8987653e5e6,A,hệ quả,RECORDED_PIPELINE_OUTPUT,,,,,,ctx_c4a7169a641a791c71788313|ctx_207e82bfd83c7a4eca664a58|ctx_3e3799ff4270de82290185f5,,,
d2lce_ca2ca961829e131bbc0fd92b,d2lce_ca2ca961829e131bbc0fd92b,development,Entailment,UNRESOLVED,candidate_7f25fbba8b57eed28f3f7104,B,kéo theo,MODEL_PROPOSAL,,,,,,ctx_c4a7169a641a791c71788313|ctx_207e82bfd83c7a4eca664a58|ctx_3e3799ff4270de82290185f5,,,
d2lce_ca2ca961829e131bbc0fd92b,d2lce_ca2ca961829e131bbc0fd92b,development,Entailment,UNRESOLVED,candidate_29b8503849e71ca872f1cf5a,C,suy ra được,MODEL_PROPOSAL,,,,,,ctx_c4a7169a641a791c71788313|ctx_207e82bfd83c7a4eca664a58|ctx_3e3799ff4270de82290185f5,,,
d2lce_cc4cb853eff638abcbdf7691,d2lce_cc4cb853eff638abcbdf7691,development,learning rate,UNRESOLVED,candidate_46aef7b0d650be04eb350c62,A,tốc độ học,RECORDED_PIPELINE_OUTPUT,,,,,,ctx_6c4a5e45653e72a9298bb89a|ctx_39e45ec1b48aa92cec021d14|ctx_4d3789e25e89cb28e438e10a|ctx_ac1bebe3f69e61f23a9f9382,,,
d2lce_cc4cb853eff638abcbdf7691,d2lce_cc4cb853eff638abcbdf7691,development,learning rate,UNRESOLVED,candidate_608318c4819a9ca6886b86c1,B,các tốc độ học,RECORDED_PIPELINE_OUTPUT,,,,,,ctx_6c4a5e45653e72a9298bb89a|ctx_39e45ec1b48aa92cec021d14|ctx_4d3789e25e89cb28e438e10a|ctx_ac1bebe3f69e61f23a9f9382,,,
d2lce_cc4cb853eff638abcbdf7691,d2lce_cc4cb853eff638abcbdf7691,development,learning rate,UNRESOLVED,candidate_b73c29ba5efc3cff5b96816d,C,hệ số học,MODEL_PROPOSAL,,,,,,ctx_6c4a5e45653e72a9298bb89a|ctx_39e45ec1b48aa92cec021d14|ctx_4d3789e25e89cb28e438e10a|ctx_ac1bebe3f69e61f23a9f9382,,,
d2lce_ccf7d0a5109d86ee76a75b9c,d2lce_ccf7d0a5109d86ee76a75b9c,development,multiple channels,UNRESOLVED,candidate_1bec686718d73a2e015d6fcf,A,nhiều kênh,RECORDED_PIPELINE_OUTPUT,,,,,,ctx_7a827358f51118bb50e2b2a8|ctx_3972c87ed9f0cc305dbef415|ctx_516a4df8d34c7a0c4415302b,,,
d2lce_ccf7d0a5109d86ee76a75b9c,d2lce_ccf7d0a5109d86ee76a75b9c,development,multiple channels,UNRESOLVED,candidate_6bfa2e26fb96431b00a7246d,B,đa kênh,MODEL_PROPOSAL,,,,,,ctx_7a827358f51118bb50e2b2a8|ctx_3972c87ed9f0cc305dbef415|ctx_516a4df8d34c7a0c4415302b,,,
d2lce_ccf7d0a5109d86ee76a75b9c,d2lce_ccf7d0a5109d86ee76a75b9c,development,multiple channels,UNRESOLVED,candidate_bcbf4e5633f7514d6211dc38,C,nhiều kênh dữ liệu,MODEL_PROPOSAL,,,,,,ctx_7a827358f51118bb50e2b2a8|ctx_3972c87ed9f0cc305dbef415|ctx_516a4df8d34c7a0c4415302b,,,
d2lce_ce222dd206341f61f2986f7a,d2lce_ce222dd206341f61f2986f7a,development,word embedding,UNRESOLVED,candidate_b25e12aa07645f2833df3cc1,A,nhúng từ,RECORDED_PIPELINE_OUTPUT,,,,,,ctx_817ac1f3936900a301ec3337|ctx_a2831abdb2ca55617b3dda12|ctx_108640f605901673bf814009,,,
d2lce_ce222dd206341f61f2986f7a,d2lce_ce222dd206341f61f2986f7a,development,word embedding,UNRESOLVED,candidate_91b5dc2a276c11c0275ee6d6,B,biểu diễn từ,RECORDED_PIPELINE_OUTPUT,,,,,,ctx_817ac1f3936900a301ec3337|ctx_a2831abdb2ca55617b3dda12|ctx_108640f605901673bf814009,,,
d2lce_ce222dd206341f61f2986f7a,d2lce_ce222dd206341f61f2986f7a,development,word embedding,UNRESOLVED,candidate_244a187860a4d58e8575a087,C,các mô hình nhúng từ,RECORDED_PIPELINE_OUTPUT,,,,,,ctx_817ac1f3936900a301ec3337|ctx_a2831abdb2ca55617b3dda12|ctx_108640f605901673bf814009,,,
d2lce_ceb82e896665f8c0cd942ed6,d2lce_ceb82e896665f8c0cd942ed6,development,MSE,UNRESOLVED,candidate_4a77ab1aeda0175400761142,A,MSE,RECORDED_PIPELINE_OUTPUT,,,,,,ctx_5df9fbccc96715edeb610c55|ctx_a9382217a06a988f0ecb9234|ctx_fdf0e7090cf0502e217b65eb|ctx_426bea20b9dba9336b04c813,,,
d2lce_ceb82e896665f8c0cd942ed6,d2lce_ceb82e896665f8c0cd942ed6,development,MSE,UNRESOLVED,candidate_98e8d6044b365f6740ed632a,B,sai số bình phương trung bình (MSE),MODEL_PROPOSAL,,,,,,ctx_5df9fbccc96715edeb610c55|ctx_a9382217a06a988f0ecb9234|ctx_fdf0e7090cf0502e217b65eb|ctx_426bea20b9dba9336b04c813,,,
d2lce_ceb82e896665f8c0cd942ed6,d2lce_ceb82e896665f8c0cd942ed6,development,MSE,UNRESOLVED,candidate_05a3b598fba8ebfab464d695,C,lỗi bình phương trung bình,MODEL_PROPOSAL,,,,,,ctx_5df9fbccc96715edeb610c55|ctx_a9382217a06a988f0ecb9234|ctx_fdf0e7090cf0502e217b65eb|ctx_426bea20b9dba9336b04c813,,,
d2lce_cf168d11faf5e675efa7e0a3,d2lce_cf168d11faf5e675efa7e0a3,development,objective,UNRESOLVED,candidate_4669b72131d2c2a1e0db5064,A,mục tiêu,RECORDED_PIPELINE_OUTPUT,,,,,,ctx_e8877b610c0af1e834561705|ctx_3b91b2f9f2875a350642ef75|ctx_6f97e9a634e8f6551250acc0,,,
d2lce_cf168d11faf5e675efa7e0a3,d2lce_cf168d11faf5e675efa7e0a3,development,objective,UNRESOLVED,candidate_6fa63a548c39e8978815b061,B,hàm mục tiêu,RECORDED_PIPELINE_OUTPUT,,,,,,ctx_e8877b610c0af1e834561705|ctx_3b91b2f9f2875a350642ef75|ctx_6f97e9a634e8f6551250acc0,,,
d2lce_cf168d11faf5e675efa7e0a3,d2lce_cf168d11faf5e675efa7e0a3,development,objective,UNRESOLVED,candidate_99081a2ac0474c1ae5a4a23c,C,mục đích tối ưu hóa,MODEL_PROPOSAL,,,,,,ctx_e8877b610c0af1e834561705|ctx_3b91b2f9f2875a350642ef75|ctx_6f97e9a634e8f6551250acc0,,,
d2lce_d0b3a65c5f21e6064395a475,d2lce_d0b3a65c5f21e6064395a475,validation,ground truth,UNRESOLVED,candidate_0466c9d791ddca30dad57070,A,giá trị thực tế,RECORDED_PIPELINE_OUTPUT,,,,,,ctx_402ad881d704f837dad6a500|ctx_5eba9c50bd8fa646fabf027e|ctx_fbe202aec2a07cda6debbc1e|ctx_aa597eb85dc276f00236d01e|ctx_7c41c1ee9c3bc8a94bf6a5b7|ctx_f81b65ecf8b2145ff73b3d4b|ctx_9833851b704f88b40f938e09,,,
d2lce_d0b3a65c5f21e6064395a475,d2lce_d0b3a65c5f21e6064395a475,validation,ground truth,UNRESOLVED,candidate_6e9043c1ac73327891b6fe1f,B,hộp giới hạn chuẩn,RECORDED_PIPELINE_OUTPUT,,,,,,ctx_402ad881d704f837dad6a500|ctx_5eba9c50bd8fa646fabf027e|ctx_fbe202aec2a07cda6debbc1e|ctx_aa597eb85dc276f00236d01e|ctx_7c41c1ee9c3bc8a94bf6a5b7|ctx_f81b65ecf8b2145ff73b3d4b|ctx_9833851b704f88b40f938e09,,,
d2lce_d0b3a65c5f21e6064395a475,d2lce_d0b3a65c5f21e6064395a475,validation,ground truth,UNRESOLVED,candidate_3bf1a2cb838c2d96b3eff76e,C,nhãn thực tế,RECORDED_PIPELINE_OUTPUT,,,,,,ctx_402ad881d704f837dad6a500|ctx_5eba9c50bd8fa646fabf027e|ctx_fbe202aec2a07cda6debbc1e|ctx_aa597eb85dc276f00236d01e|ctx_7c41c1ee9c3bc8a94bf6a5b7|ctx_f81b65ecf8b2145ff73b3d4b|ctx_9833851b704f88b40f938e09,,,
d2lce_d1ca2fd5568e11a79b1b3366,d2lce_d1ca2fd5568e11a79b1b3366,test,train,UNRESOLVED,candidate_4f8f15c5b536775b24a0e10a,A,huấn luyện,RECORDED_PIPELINE_OUTPUT,,,,,,ctx_ea5790fe6044cd61bc133385|ctx_d6a61508bc9d44444618bd65,,,
d2lce_d1ca2fd5568e11a79b1b3366,d2lce_d1ca2fd5568e11a79b1b3366,test,train,UNRESOLVED,candidate_e4645d27ffa77281bc40b1ab,B,đào tạo,RECORDED_PIPELINE_OUTPUT,,,,,,ctx_ea5790fe6044cd61bc133385|ctx_d6a61508bc9d44444618bd65,,,
d2lce_d1ca2fd5568e11a79b1b3366,d2lce_d1ca2fd5568e11a79b1b3366,test,train,UNRESOLVED,candidate_aa2f4a23eabe6836bdfd53a2,C,rèn luyện,MODEL_PROPOSAL,,,,,,ctx_ea5790fe6044cd61bc133385|ctx_d6a61508bc9d44444618bd65,,,
d2lce_d2bfc7b3a0a02ddfd71b3526,d2lce_d2bfc7b3a0a02ddfd71b3526,development,convolutional layer,UNRESOLVED,candidate_f301079302ca4f4fe6c4719d,A,lớp tích chập,RECORDED_PIPELINE_OUTPUT,,,,,,ctx_3a787d4bd1c1d0430072fda6|ctx_122d659e4bf66f4b335db6fb,,,
d2lce_d2bfc7b3a0a02ddfd71b3526,d2lce_d2bfc7b3a0a02ddfd71b3526,development,convolutional layer,UNRESOLVED,candidate_0a9e9996fb0dbf97ca4f06d8,B,các lớp tích chập,RECORDED_PIPELINE_OUTPUT,,,,,,ctx_3a787d4bd1c1d0430072fda6|ctx_122d659e4bf66f4b335db6fb,,,
d2lce_d2bfc7b3a0a02ddfd71b3526,d2lce_d2bfc7b3a0a02ddfd71b3526,development,convolutional layer,UNRESOLVED,candidate_362164e231a5e76536f38828,C,lớp chập,MODEL_PROPOSAL,,,,,,ctx_3a787d4bd1c1d0430072fda6|ctx_122d659e4bf66f4b335db6fb,,,
d2lce_d30763678be8999b747cf0ee,d2lce_d30763678be8999b747cf0ee,development,training data,UNRESOLVED,candidate_3cfb1aadc43827373218f3c3,A,dữ liệu huấn luyện,RECORDED_PIPELINE_OUTPUT,,,,,,ctx_ab61947a37276da02a409618|ctx_464f6dce8ce133a02dd86a13|ctx_e3bd3e8dcc83a702caf288d2,,,
d2lce_d30763678be8999b747cf0ee,d2lce_d30763678be8999b747cf0ee,development,training data,UNRESOLVED,candidate_4781c38ef85070fa0de6abea,B,dữ liệu dùng để huấn luyện,MODEL_PROPOSAL,,,,,,ctx_ab61947a37276da02a409618|ctx_464f6dce8ce133a02dd86a13|ctx_e3bd3e8dcc83a702caf288d2,,,
d2lce_d30763678be8999b747cf0ee,d2lce_d30763678be8999b747cf0ee,development,training data,UNRESOLVED,candidate_74c25ac8edd57033f0add5c1,C,tập dữ liệu huấn luyện,MODEL_PROPOSAL,,,,,,ctx_ab61947a37276da02a409618|ctx_464f6dce8ce133a02dd86a13|ctx_e3bd3e8dcc83a702caf288d2,,,
d2lce_d53294d467b28b07bf000b10,d2lce_d53294d467b28b07bf000b10,development,standardization,UNRESOLVED,candidate_6fab7752f8443f58a869daa7,A,chuẩn hóa,RECORDED_PIPELINE_OUTPUT,,,,,,ctx_460b67cc0b1f1dd67fa8444a|ctx_328006017870b26dd1187448|ctx_a167d13f629e1ae8dac46d3f,,,
d2lce_d53294d467b28b07bf000b10,d2lce_d53294d467b28b07bf000b10,development,standardization,UNRESOLVED,candidate_a30481d04db55b24c38d2c4f,B,đưa về thang đo chuẩn,MODEL_PROPOSAL,,,,,,ctx_460b67cc0b1f1dd67fa8444a|ctx_328006017870b26dd1187448|ctx_a167d13f629e1ae8dac46d3f,,,
d2lce_d53294d467b28b07bf000b10,d2lce_d53294d467b28b07bf000b10,development,standardization,UNRESOLVED,candidate_6395db0aa9280d37e9e781e2,C,chuẩn hoá theo trung bình và phương sai,MODEL_PROPOSAL,,,,,,ctx_460b67cc0b1f1dd67fa8444a|ctx_328006017870b26dd1187448|ctx_a167d13f629e1ae8dac46d3f,,,
d2lce_d7976d0b101e65c34c011871,d2lce_d7976d0b101e65c34c011871,development,vanishing gradients,UNRESOLVED,candidate_6b435495f9cc857306264175,A,tiêu biến gradient,RECORDED_PIPELINE_OUTPUT,,,,,,ctx_26abf38904bfba2529b1ab9a|ctx_69b854938dd969b726eb92a0|ctx_3c0646bacb04e52b12ad59ca,,,
d2lce_d7976d0b101e65c34c011871,d2lce_d7976d0b101e65c34c011871,development,vanishing gradients,UNRESOLVED,candidate_85d912fdabdf61e981f79a5d,B,gradient tiêu biến,RECORDED_PIPELINE_OUTPUT,,,,,,ctx_26abf38904bfba2529b1ab9a|ctx_69b854938dd969b726eb92a0|ctx_3c0646bacb04e52b12ad59ca,,,
d2lce_d7976d0b101e65c34c011871,d2lce_d7976d0b101e65c34c011871,development,vanishing gradients,UNRESOLVED,candidate_4bb8afc293ac1b105b95dd62,C,vấn đề gradient biến mất,RECORDED_PIPELINE_OUTPUT,,,,,,ctx_26abf38904bfba2529b1ab9a|ctx_69b854938dd969b726eb92a0|ctx_3c0646bacb04e52b12ad59ca,,,
d2lce_d89e6e83e5f07d1fcb18c6aa,d2lce_d89e6e83e5f07d1fcb18c6aa,validation,classification task,UNRESOLVED,candidate_e79581f4744e73cf563b7444,A,bài toán phân loại,RECORDED_PIPELINE_OUTPUT,,,,,,ctx_5178997f9928de9b50c9dd24|ctx_03e87b1a98115f17fc26d0f7|ctx_ee34c2df4e3b3b9663241088,,,
d2lce_d89e6e83e5f07d1fcb18c6aa,d2lce_d89e6e83e5f07d1fcb18c6aa,validation,classification task,UNRESOLVED,candidate_6a5f71ba4fb7faadd518d7c1,B,nhiệm vụ phân loại,MODEL_PROPOSAL,,,,,,ctx_5178997f9928de9b50c9dd24|ctx_03e87b1a98115f17fc26d0f7|ctx_ee34c2df4e3b3b9663241088,,,
d2lce_d89e6e83e5f07d1fcb18c6aa,d2lce_d89e6e83e5f07d1fcb18c6aa,validation,classification task,UNRESOLVED,candidate_6d03c0e37bb242222d884992,C,tác vụ phân loại,MODEL_PROPOSAL,,,,,,ctx_5178997f9928de9b50c9dd24|ctx_03e87b1a98115f17fc26d0f7|ctx_ee34c2df4e3b3b9663241088,,,
d2lce_d8d3db5e12791f4de99286be,d2lce_d8d3db5e12791f4de99286be,validation,linear regression,UNRESOLVED,candidate_2428174f112029466fa70294,A,hồi quy tuyến tính,RECORDED_PIPELINE_OUTPUT,,,,,,ctx_b6400546a59e2de8affe4df3|ctx_4f1b397454dc88cdcdbef294|ctx_c342d715dab448d66b1d2523,,,
d2lce_d8d3db5e12791f4de99286be,d2lce_d8d3db5e12791f4de99286be,validation,linear regression,UNRESOLVED,candidate_46870cba76e1749544a19d22,B,phép hồi quy tuyến tính,MODEL_PROPOSAL,,,,,,ctx_b6400546a59e2de8affe4df3|ctx_4f1b397454dc88cdcdbef294|ctx_c342d715dab448d66b1d2523,,,
d2lce_d8d3db5e12791f4de99286be,d2lce_d8d3db5e12791f4de99286be,validation,linear regression,UNRESOLVED,candidate_245f2d1072f68da38a434571,C,mô hình hồi quy tuyến tính,MODEL_PROPOSAL,,,,,,ctx_b6400546a59e2de8affe4df3|ctx_4f1b397454dc88cdcdbef294|ctx_c342d715dab448d66b1d2523,,,
d2lce_d96258f97579b9b414c21815,d2lce_d96258f97579b9b414c21815,development,positional embeddings,UNRESOLVED,candidate_92ceca00b99086571aa42cd9,A,nhúng vị trí,RECORDED_PIPELINE_OUTPUT,,,,,,ctx_b36e02e023df099b64aa3633|ctx_bb968ec70a7eddfb7572bf84|ctx_de666609a3f80804219b8277,,,
d2lce_d96258f97579b9b414c21815,d2lce_d96258f97579b9b414c21815,development,positional embeddings,UNRESOLVED,candidate_8c7e561d5696a76f9130e3ef,B,biểu diễn nhúng vị trí,MODEL_PROPOSAL,,,,,,ctx_b36e02e023df099b64aa3633|ctx_bb968ec70a7eddfb7572bf84|ctx_de666609a3f80804219b8277,,,
d2lce_d96258f97579b9b414c21815,d2lce_d96258f97579b9b414c21815,development,positional embeddings,UNRESOLVED,candidate_7747dd6de736f00e28b77d77,C,vector nhúng vị trí,MODEL_PROPOSAL,,,,,,ctx_b36e02e023df099b64aa3633|ctx_bb968ec70a7eddfb7572bf84|ctx_de666609a3f80804219b8277,,,
d2lce_dbb300a90e4b0f8b815b5e12,d2lce_dbb300a90e4b0f8b815b5e12,development,hypothesis,UNRESOLVED,candidate_482936b659b85247802265f6,A,giả thuyết,RECORDED_PIPELINE_OUTPUT,,,,,,ctx_73c90581e009fa46017ce4ac|ctx_39675d05889cacc1f1ffdf06|ctx_48e44a2af0f53ee5fa7c2a13,,,
d2lce_dbb300a90e4b0f8b815b5e12,d2lce_dbb300a90e4b0f8b815b5e12,development,hypothesis,UNRESOLVED,candidate_69823a9db0aad3072d9ff643,B,mệnh đề giả thuyết,MODEL_PROPOSAL,,,,,,ctx_73c90581e009fa46017ce4ac|ctx_39675d05889cacc1f1ffdf06|ctx_48e44a2af0f53ee5fa7c2a13,,,
d2lce_dbb300a90e4b0f8b815b5e12,d2lce_dbb300a90e4b0f8b815b5e12,development,hypothesis,UNRESOLVED,candidate_3f29da4a025d75550638ea61,C,câu giả thuyết,MODEL_PROPOSAL,,,,,,ctx_73c90581e009fa46017ce4ac|ctx_39675d05889cacc1f1ffdf06|ctx_48e44a2af0f53ee5fa7c2a13,,,
d2lce_dc193feb1eeef3a1349d9b74,d2lce_dc193feb1eeef3a1349d9b74,development,continuous bag of words,UNRESOLVED,candidate_8b4dcb337fd27f8ba1ded160,A,túi từ liên tục,RECORDED_PIPELINE_OUTPUT,,,,,,ctx_3e4d253c9ff11b6a3080d990|ctx_7592d6eb1986a0c2bd965c36|ctx_ba4bc22bf919f20441dc05b2,,,
d2lce_dc193feb1eeef3a1349d9b74,d2lce_dc193feb1eeef3a1349d9b74,development,continuous bag of words,UNRESOLVED,candidate_8be7dba3743106738f1353c0,B,các mô hình túi từ liên tục,RECORDED_PIPELINE_OUTPUT,,,,,,ctx_3e4d253c9ff11b6a3080d990|ctx_7592d6eb1986a0c2bd965c36|ctx_ba4bc22bf919f20441dc05b2,,,
d2lce_dc193feb1eeef3a1349d9b74,d2lce_dc193feb1eeef3a1349d9b74,development,continuous bag of words,UNRESOLVED,candidate_4211a8d499b346ed01b54d27,C,mô hình túi từ liên tục,RECORDED_PIPELINE_OUTPUT,,,,,,ctx_3e4d253c9ff11b6a3080d990|ctx_7592d6eb1986a0c2bd965c36|ctx_ba4bc22bf919f20441dc05b2,,,
d2lce_ddf8557de1cd5ff23b86e10e,d2lce_ddf8557de1cd5ff23b86e10e,test,aspect ratio,UNRESOLVED,candidate_832455b67722ffa3e11e213c,A,tỷ lệ khung hình,RECORDED_PIPELINE_OUTPUT,,,,,,ctx_ec292af69704274aef814a00|ctx_2ef83967671b4c94ed02f565,,,
d2lce_ddf8557de1cd5ff23b86e10e,d2lce_ddf8557de1cd5ff23b86e10e,test,aspect ratio,UNRESOLVED,candidate_64f14741ba76dc93b5d3940c,B,tỷ lệ chiều rộng trên chiều cao,MODEL_PROPOSAL,,,,,,ctx_ec292af69704274aef814a00|ctx_2ef83967671b4c94ed02f565,,,
d2lce_ddf8557de1cd5ff23b86e10e,d2lce_ddf8557de1cd5ff23b86e10e,test,aspect ratio,UNRESOLVED,candidate_0059490283a8739e7a797465,C,tỷ lệ rộng-cao,MODEL_PROPOSAL,,,,,,ctx_ec292af69704274aef814a00|ctx_2ef83967671b4c94ed02f565,,,
d2lce_e014da89e120449f8881dd5b,d2lce_e014da89e120449f8881dd5b,validation,single GPU,UNRESOLVED,candidate_962d537d3891ff06e43c23a1,A,một GPU,RECORDED_PIPELINE_OUTPUT,,,,,,ctx_f416911a3fe34d06b66e6afd|ctx_44a715e0fcd0718a579ce239,,,
d2lce_e014da89e120449f8881dd5b,d2lce_e014da89e120449f8881dd5b,validation,single GPU,UNRESOLVED,candidate_5a59b8c1e125549cbd0fd9ae,B,GPU đơn,MODEL_PROPOSAL,,,,,,ctx_f416911a3fe34d06b66e6afd|ctx_44a715e0fcd0718a579ce239,,,
d2lce_e014da89e120449f8881dd5b,d2lce_e014da89e120449f8881dd5b,validation,single GPU,UNRESOLVED,candidate_851af2372594a99e7026cf26,C,một bộ xử lý đồ họa,MODEL_PROPOSAL,,,,,,ctx_f416911a3fe34d06b66e6afd|ctx_44a715e0fcd0718a579ce239,,,
d2lce_e0c693366d811581abbb9e74,d2lce_e0c693366d811581abbb9e74,development,activation function,UNRESOLVED,candidate_b36f64db6b7dc6ccdc5c646b,A,hàm kích hoạt,RECORDED_PIPELINE_OUTPUT,,,,,,ctx_42efd998d80ced9a64e32ec8|ctx_5f040cdbc06a01d2f5cc4d87|ctx_733d98a23bc0d5e7b59bd272|ctx_2970e39beda737feef2164c9,,,
d2lce_e0c693366d811581abbb9e74,d2lce_e0c693366d811581abbb9e74,development,activation function,UNRESOLVED,candidate_036dad4f0886bd2e8c606bde,B,hàm hoạt hóa,MODEL_PROPOSAL,,,,,,ctx_42efd998d80ced9a64e32ec8|ctx_5f040cdbc06a01d2f5cc4d87|ctx_733d98a23bc0d5e7b59bd272|ctx_2970e39beda737feef2164c9,,,
d2lce_e0c693366d811581abbb9e74,d2lce_e0c693366d811581abbb9e74,development,activation function,UNRESOLVED,candidate_352edb0aa6a65269f8bdfae5,C,hàm kích hoạt phi tuyến,MODEL_PROPOSAL,,,,,,ctx_42efd998d80ced9a64e32ec8|ctx_5f040cdbc06a01d2f5cc4d87|ctx_733d98a23bc0d5e7b59bd272|ctx_2970e39beda737feef2164c9,,,
d2lce_e1a7c8e04c91b48272b3b5ee,d2lce_e1a7c8e04c91b48272b3b5ee,development,discrete random variables,UNRESOLVED,candidate_7a8738a0c79e42a524fd8e64,A,biến ngẫu nhiên rời rạc,RECORDED_PIPELINE_OUTPUT,,,,,,ctx_dcc2558c83757b30c8a58c12|ctx_35cd85b391dd71dfd55cf5b7|ctx_ddc48912aae8d4e18d86b760,,,
d2lce_e1a7c8e04c91b48272b3b5ee,d2lce_e1a7c8e04c91b48272b3b5ee,development,discrete random variables,UNRESOLVED,candidate_85dac8e1a141c704755a9919,B,biến rời rạc ngẫu nhiên,MODEL_PROPOSAL,,,,,,ctx_dcc2558c83757b30c8a58c12|ctx_35cd85b391dd71dfd55cf5b7|ctx_ddc48912aae8d4e18d86b760,,,
d2lce_e1a7c8e04c91b48272b3b5ee,d2lce_e1a7c8e04c91b48272b3b5ee,development,discrete random variables,UNRESOLVED,candidate_ec51872e22995fcae5b81313,C,biến ngẫu nhiên nhận giá trị rời rạc,MODEL_PROPOSAL,,,,,,ctx_dcc2558c83757b30c8a58c12|ctx_35cd85b391dd71dfd55cf5b7|ctx_ddc48912aae8d4e18d86b760,,,
d2lce_e246c0d41c7b8bc2c145f69a,d2lce_e246c0d41c7b8bc2c145f69a,development,linearly independent,UNRESOLVED,candidate_c0b3c38acd3e74474e02ac0f,A,độc lập tuyến tính,RECORDED_PIPELINE_OUTPUT,,,,,,ctx_b614df5afd99a56025590e12|ctx_162d9dc7044c91d56d63078a,,,
d2lce_e246c0d41c7b8bc2c145f69a,d2lce_e246c0d41c7b8bc2c145f69a,development,linearly independent,UNRESOLVED,candidate_0e5eceedcc7b08546f54dda9,B,không phụ thuộc tuyến tính,MODEL_PROPOSAL,,,,,,ctx_b614df5afd99a56025590e12|ctx_162d9dc7044c91d56d63078a,,,
d2lce_e246c0d41c7b8bc2c145f69a,d2lce_e246c0d41c7b8bc2c145f69a,development,linearly independent,UNRESOLVED,candidate_5120f0606d7deccb391a9c7d,C,độc lập tuyến tính lẫn nhau,MODEL_PROPOSAL,,,,,,ctx_b614df5afd99a56025590e12|ctx_162d9dc7044c91d56d63078a,,,
d2lce_e27a9787bb13f8580103adc4,d2lce_e27a9787bb13f8580103adc4,validation,pretrained BERT,UNRESOLVED,candidate_e14678fcbba63cc963b23b88,A,BERT được tiền huấn luyện,RECORDED_PIPELINE_OUTPUT,,,,,,ctx_813b90db2df77652f38c4a00|ctx_f04ed703e48d432f4e1b350f|ctx_74919ba83ca740fcf7b7b49e,,,
d2lce_e27a9787bb13f8580103adc4,d2lce_e27a9787bb13f8580103adc4,validation,pretrained BERT,UNRESOLVED,candidate_52953e187f3bbd6ea075b5cc,B,mô hình BERT đã tiền huấn luyện,MODEL_PROPOSAL,,,,,,ctx_813b90db2df77652f38c4a00|ctx_f04ed703e48d432f4e1b350f|ctx_74919ba83ca740fcf7b7b49e,,,
d2lce_e27a9787bb13f8580103adc4,d2lce_e27a9787bb13f8580103adc4,validation,pretrained BERT,UNRESOLVED,candidate_bc21c01b6c7752a961320f12,C,BERT huấn luyện sẵn,MODEL_PROPOSAL,,,,,,ctx_813b90db2df77652f38c4a00|ctx_f04ed703e48d432f4e1b350f|ctx_74919ba83ca740fcf7b7b49e,,,
d2lce_e749bbd007351d6963f2bbd0,d2lce_e749bbd007351d6963f2bbd0,development,offsets,UNRESOLVED,candidate_8f8b2a188a15ac518d57c558,A,độ lệch,RECORDED_PIPELINE_OUTPUT,,,,,,ctx_7c03da734cfb73140f39675c|ctx_8b947d5e873543c5099e853b|ctx_00060c0d518148705d609385|ctx_f8448e2bed424bbc3037f2af|ctx_9af45708693a272ccbee02ce|ctx_993688889952b7346efdcaf7|ctx_fa4857a0dd6e85e72fbd8c3a|ctx_11250deeba2dfb3a9290f422,,,
d2lce_e749bbd007351d6963f2bbd0,d2lce_e749bbd007351d6963f2bbd0,development,offsets,UNRESOLVED,candidate_bed8c528d1f463dd3f753360,B,các giá trị độ lệch,RECORDED_PIPELINE_OUTPUT,,,,,,ctx_7c03da734cfb73140f39675c|ctx_8b947d5e873543c5099e853b|ctx_00060c0d518148705d609385|ctx_f8448e2bed424bbc3037f2af|ctx_9af45708693a272ccbee02ce|ctx_993688889952b7346efdcaf7|ctx_fa4857a0dd6e85e72fbd8c3a|ctx_11250deeba2dfb3a9290f422,,,
d2lce_e749bbd007351d6963f2bbd0,d2lce_e749bbd007351d6963f2bbd0,development,offsets,UNRESOLVED,candidate_d50ef7621d439bd4b94d9063,C,độ lệch dự đoán,RECORDED_PIPELINE_OUTPUT,,,,,,ctx_7c03da734cfb73140f39675c|ctx_8b947d5e873543c5099e853b|ctx_00060c0d518148705d609385|ctx_f8448e2bed424bbc3037f2af|ctx_9af45708693a272ccbee02ce|ctx_993688889952b7346efdcaf7|ctx_fa4857a0dd6e85e72fbd8c3a|ctx_11250deeba2dfb3a9290f422,,,
d2lce_e8992d8478a28e673fe551dc,d2lce_e8992d8478a28e673fe551dc,validation,sequential partitioning,UNRESOLVED,candidate_1110e3218cd2c0267ed7d91c,A,phân hoạch tuần tự,RECORDED_PIPELINE_OUTPUT,,,,,,ctx_f0652b693aa1982997b28188|ctx_e9575e9da1e8984c39373503,,,
d2lce_e8992d8478a28e673fe551dc,d2lce_e8992d8478a28e673fe551dc,validation,sequential partitioning,UNRESOLVED,candidate_ba7492c19f4c6abca02e84ad,B,chia đoạn tuần tự,MODEL_PROPOSAL,,,,,,ctx_f0652b693aa1982997b28188|ctx_e9575e9da1e8984c39373503,,,
d2lce_e8992d8478a28e673fe551dc,d2lce_e8992d8478a28e673fe551dc,validation,sequential partitioning,UNRESOLVED,candidate_5748b6022356d13ea80917f7,C,phân chia tuần tự,MODEL_PROPOSAL,,,,,,ctx_f0652b693aa1982997b28188|ctx_e9575e9da1e8984c39373503,,,
d2lce_eae5d94b4d2b73165c5d8795,d2lce_eae5d94b4d2b73165c5d8795,development,zero mean,UNRESOLVED,candidate_5da2387522c4db6d553845f3,A,trung bình bằng không,RECORDED_PIPELINE_OUTPUT,,,,,,ctx_7c400e0ce4ae692c14fd57fb|ctx_2aa7827d7befde055f8781f4,,,
d2lce_eae5d94b4d2b73165c5d8795,d2lce_eae5d94b4d2b73165c5d8795,development,zero mean,UNRESOLVED,candidate_c19fdcd8da2d3b7b7f7ad1c1,B,trung bình bằng 0,MODEL_PROPOSAL,,,,,,ctx_7c400e0ce4ae692c14fd57fb|ctx_2aa7827d7befde055f8781f4,,,
d2lce_eae5d94b4d2b73165c5d8795,d2lce_eae5d94b4d2b73165c5d8795,development,zero mean,UNRESOLVED,candidate_ca9f5b524ec95c708736f1f0,C,có giá trị trung bình bằng không,MODEL_PROPOSAL,,,,,,ctx_7c400e0ce4ae692c14fd57fb|ctx_2aa7827d7befde055f8781f4,,,
d2lce_eba859df6c63311dce4a5eb7,d2lce_eba859df6c63311dce4a5eb7,test,CNN,UNRESOLVED,candidate_3ea4d670f249eda999edcb77,A,CNN,RECORDED_PIPELINE_OUTPUT,,,,,,ctx_167b091ef55430ca8f9a74c1|ctx_623445579aad7a2214e0e1e3,,,
d2lce_eba859df6c63311dce4a5eb7,d2lce_eba859df6c63311dce4a5eb7,test,CNN,UNRESOLVED,candidate_779d4f583b8131c4fa04319f,B,mạng nơ-ron tích chập,MODEL_PROPOSAL,,,,,,ctx_167b091ef55430ca8f9a74c1|ctx_623445579aad7a2214e0e1e3,,,
d2lce_eba859df6c63311dce4a5eb7,d2lce_eba859df6c63311dce4a5eb7,test,CNN,UNRESOLVED,candidate_92a4b1861008e0300c29f88e,C,mạng tích chập,MODEL_PROPOSAL,,,,,,ctx_167b091ef55430ca8f9a74c1|ctx_623445579aad7a2214e0e1e3,,,
d2lce_ebd36388b50538b928ebbb4a,d2lce_ebd36388b50538b928ebbb4a,development,CUDA,UNRESOLVED,candidate_d80a9912dbaf541484c83575,A,CUDA,RECORDED_PIPELINE_OUTPUT,,,,,,ctx_88d4ac7e32b65e492b2dbc3a|ctx_d5e3c3872235604218a2a839|ctx_df035bcc5db7501785c43a7e|ctx_f0c64b01d15f034d29c1d6ce,,,
d2lce_ebd36388b50538b928ebbb4a,d2lce_ebd36388b50538b928ebbb4a,development,CUDA,UNRESOLVED,candidate_98d873f172a3c14becf09070,B,nền tảng CUDA,MODEL_PROPOSAL,,,,,,ctx_88d4ac7e32b65e492b2dbc3a|ctx_d5e3c3872235604218a2a839|ctx_df035bcc5db7501785c43a7e|ctx_f0c64b01d15f034d29c1d6ce,,,
d2lce_ebd36388b50538b928ebbb4a,d2lce_ebd36388b50538b928ebbb4a,development,CUDA,UNRESOLVED,candidate_e9a6b762978e38521323aeae,C,bộ công cụ CUDA,MODEL_PROPOSAL,,,,,,ctx_88d4ac7e32b65e492b2dbc3a|ctx_d5e3c3872235604218a2a839|ctx_df035bcc5db7501785c43a7e|ctx_f0c64b01d15f034d29c1d6ce,,,
d2lce_ed44d125cc1110c1c39f7b3e,d2lce_ed44d125cc1110c1c39f7b3e,development,model parameter,UNRESOLVED,candidate_4a99517bf4db2e075c7b3141,A,tham số mô hình,RECORDED_PIPELINE_OUTPUT,,,,,,ctx_23b189c0f5c5598741fa92a6|ctx_af69401169f9749c9e888c35|ctx_712b9e024f4bb6ad1f3f5876|ctx_fbb8b66ce00e1ca91661df77,,,
d2lce_ed44d125cc1110c1c39f7b3e,d2lce_ed44d125cc1110c1c39f7b3e,development,model parameter,UNRESOLVED,candidate_ad982c728a6367431d515884,B,tham số của mô hình,MODEL_PROPOSAL,,,,,,ctx_23b189c0f5c5598741fa92a6|ctx_af69401169f9749c9e888c35|ctx_712b9e024f4bb6ad1f3f5876|ctx_fbb8b66ce00e1ca91661df77,,,
d2lce_ed44d125cc1110c1c39f7b3e,d2lce_ed44d125cc1110c1c39f7b3e,development,model parameter,UNRESOLVED,candidate_d4fc28c7c891b31ce3d645f5,C,tham biến mô hình,MODEL_PROPOSAL,,,,,,ctx_23b189c0f5c5598741fa92a6|ctx_af69401169f9749c9e888c35|ctx_712b9e024f4bb6ad1f3f5876|ctx_fbb8b66ce00e1ca91661df77,,,
d2lce_f33d434f8362f23d43285427,d2lce_f33d434f8362f23d43285427,development,representation,UNRESOLVED,candidate_ac8095a923a0d589c8a828b1,A,biểu diễn,RECORDED_PIPELINE_OUTPUT,,,,,,ctx_d01d38e638f7b5b3665a55bd|ctx_cb76cb4b95e46eb37730ea64,,,
d2lce_f33d434f8362f23d43285427,d2lce_f33d434f8362f23d43285427,development,representation,UNRESOLVED,candidate_b27f69b5092ef033f6837a8d,B,cách biểu diễn,RECORDED_PIPELINE_OUTPUT,,,,,,ctx_d01d38e638f7b5b3665a55bd|ctx_cb76cb4b95e46eb37730ea64,,,
d2lce_f33d434f8362f23d43285427,d2lce_f33d434f8362f23d43285427,development,representation,UNRESOLVED,candidate_3466ac13ef7e670911522c4e,C,biểu diễn đặc trưng,MODEL_PROPOSAL,,,,,,ctx_d01d38e638f7b5b3665a55bd|ctx_cb76cb4b95e46eb37730ea64,,,
d2lce_f3dedf5fcd54a46940474022,d2lce_f3dedf5fcd54a46940474022,test,dimensionality,UNRESOLVED,candidate_81f35d264560e4304a39f65c,A,số chiều,RECORDED_PIPELINE_OUTPUT,,,,,,ctx_305c430849e3734c0aa7afaf|ctx_571461d7592e0eb07fae9808|ctx_e9947a95d89c9d79c07f1e69,,,
d2lce_f3dedf5fcd54a46940474022,d2lce_f3dedf5fcd54a46940474022,test,dimensionality,UNRESOLVED,candidate_73d278869cb74dd631bde020,B,tính chiều,MODEL_PROPOSAL,,,,,,ctx_305c430849e3734c0aa7afaf|ctx_571461d7592e0eb07fae9808|ctx_e9947a95d89c9d79c07f1e69,,,
d2lce_f3dedf5fcd54a46940474022,d2lce_f3dedf5fcd54a46940474022,test,dimensionality,UNRESOLVED,candidate_4d702eba933761fbfafda5a7,C,độ chiều,MODEL_PROPOSAL,,,,,,ctx_305c430849e3734c0aa7afaf|ctx_571461d7592e0eb07fae9808|ctx_e9947a95d89c9d79c07f1e69,,,
d2lce_f7c1845f1d67dcb386e8fc22,d2lce_f7c1845f1d67dcb386e8fc22,development,latent factors,UNRESOLVED,candidate_dd91e17a808cf1a78214a284,A,nhân tố tiềm ẩn,RECORDED_PIPELINE_OUTPUT,,,,,,ctx_d34d70bc2ec444d75355979e|ctx_fa891237430b0fc11cd6280f,,,
d2lce_f7c1845f1d67dcb386e8fc22,d2lce_f7c1845f1d67dcb386e8fc22,development,latent factors,UNRESOLVED,candidate_93a89b9ed1adee68c85d72e5,B,yếu tố tiềm ẩn,MODEL_PROPOSAL,,,,,,ctx_d34d70bc2ec444d75355979e|ctx_fa891237430b0fc11cd6280f,,,
d2lce_f7c1845f1d67dcb386e8fc22,d2lce_f7c1845f1d67dcb386e8fc22,development,latent factors,UNRESOLVED,candidate_0e79c710130b16bd4de868b0,C,biến tiềm ẩn,MODEL_PROPOSAL,,,,,,ctx_d34d70bc2ec444d75355979e|ctx_fa891237430b0fc11cd6280f,,,
d2lce_fa115d4c3a8140d91339df15,d2lce_fa115d4c3a8140d91339df15,development,Reduction,UNRESOLVED,candidate_9db3d4dcdac6359c9dc5ed94,A,phép giảm,RECORDED_PIPELINE_OUTPUT,,,,,,ctx_401ea4ab60773305df974141|ctx_815a4c1f8b1f4b5fb069b1d7|ctx_7666d9241aa1a4a1804291fb,,,
d2lce_fa115d4c3a8140d91339df15,d2lce_fa115d4c3a8140d91339df15,development,Reduction,UNRESOLVED,candidate_ea27d8f0dea0d720711c5c69,B,phép rút gọn,MODEL_PROPOSAL,,,,,,ctx_401ea4ab60773305df974141|ctx_815a4c1f8b1f4b5fb069b1d7|ctx_7666d9241aa1a4a1804291fb,,,
d2lce_fa115d4c3a8140d91339df15,d2lce_fa115d4c3a8140d91339df15,development,Reduction,UNRESOLVED,candidate_355035b4a4d6c5b2bdb82f14,C,thao tác giảm chiều,MODEL_PROPOSAL,,,,,,ctx_401ea4ab60773305df974141|ctx_815a4c1f8b1f4b5fb069b1d7|ctx_7666d9241aa1a4a1804291fb,,,
d2lce_fb9ad6a6ac7e4ba9167913e1,d2lce_fb9ad6a6ac7e4ba9167913e1,development,Collaborative Filtering,UNRESOLVED,candidate_ebaa60d5f0aac51d56bb7fd0,A,lọc cộng tác,RECORDED_PIPELINE_OUTPUT,,,,,,ctx_bb4169d27d43ea9f72386558|ctx_f875ab990af98aaf8fbc46b2,,,
d2lce_fb9ad6a6ac7e4ba9167913e1,d2lce_fb9ad6a6ac7e4ba9167913e1,development,Collaborative Filtering,UNRESOLVED,candidate_f2ecc9435dc6bce747a9c6f9,B,phương pháp lọc cộng tác,MODEL_PROPOSAL,,,,,,ctx_bb4169d27d43ea9f72386558|ctx_f875ab990af98aaf8fbc46b2,,,
d2lce_fb9ad6a6ac7e4ba9167913e1,d2lce_fb9ad6a6ac7e4ba9167913e1,development,Collaborative Filtering,UNRESOLVED,candidate_452b3f5db3a27e5b548cf1da,C,lọc dựa trên cộng tác,MODEL_PROPOSAL,,,,,,ctx_bb4169d27d43ea9f72386558|ctx_f875ab990af98aaf8fbc46b2,,,
d2lce_fbe9efe0d390976cb31e5af7,d2lce_fbe9efe0d390976cb31e5af7,development,forward propagation,UNRESOLVED,candidate_0150b65bfc757f7b36d1c7dd,A,lan truyền xuôi,RECORDED_PIPELINE_OUTPUT,,,,,,ctx_4f8a2ab7305e5e99ddf848a4|ctx_e3686abbec23ffeb19f2dfef|ctx_18f5c52c0937b1589d8a6782|ctx_072a83737808daf5abee6df6|ctx_d126e74d5ab3240a96363756|ctx_041277e59fc9e3b32469b673,,,
d2lce_fbe9efe0d390976cb31e5af7,d2lce_fbe9efe0d390976cb31e5af7,development,forward propagation,UNRESOLVED,candidate_cf887484e9325f07440e2dce,B,hàm forward,RECORDED_PIPELINE_OUTPUT,,,,,,ctx_4f8a2ab7305e5e99ddf848a4|ctx_e3686abbec23ffeb19f2dfef|ctx_18f5c52c0937b1589d8a6782|ctx_072a83737808daf5abee6df6|ctx_d126e74d5ab3240a96363756|ctx_041277e59fc9e3b32469b673,,,
d2lce_fbe9efe0d390976cb31e5af7,d2lce_fbe9efe0d390976cb31e5af7,development,forward propagation,UNRESOLVED,candidate_6473b722dffb6786bdc7bcf1,C,lan truyền thuận,RECORDED_PIPELINE_OUTPUT,,,,,,ctx_4f8a2ab7305e5e99ddf848a4|ctx_e3686abbec23ffeb19f2dfef|ctx_18f5c52c0937b1589d8a6782|ctx_072a83737808daf5abee6df6|ctx_d126e74d5ab3240a96363756|ctx_041277e59fc9e3b32469b673,,,
